filepath,filename,class_name,source,variant,file_hash,split
certificate/degree_certificate_0020.jpg,degree_certificate_0020.jpg,certificate,synthetic,original,e150021463b2,test
certificate/degree_certificate_0021.jpg,degree_certificate_0021.jpg,certificate,synthetic,original,044e4857f201,test
certificate/degree_certificate_0028.jpg,degree_certificate_0028.jpg,certificate,synthetic,original,843c64469f38,test
certificate/degree_certificate_0032.jpg,degree_certificate_0032.jpg,certificate,synthetic,original,4ad3fd4fe4fa,test
certificate/degree_certificate_0035.jpg,degree_certificate_0035.jpg,certificate,synthetic,original,968ba8e8595d,test
certificate/degree_certificate_0040.jpg,degree_certificate_0040.jpg,certificate,synthetic,original,0a5d1a71a844,test
certificate/degree_certificate_0041.jpg,degree_certificate_0041.jpg,certificate,synthetic,original,6cdd7150d09e,test
certificate/degree_certificate_0043.jpg,degree_certificate_0043.jpg,certificate,synthetic,original,e6323f6ef886,test
certificate/degree_certificate_0047.jpg,degree_certificate_0047.jpg,certificate,synthetic,original,84dd50093119,test
certificate/degree_certificate_0071.jpg,degree_certificate_0071.jpg,certificate,synthetic,original,8a1c98db4360,test
certificate/degree_certificate_0085.jpg,degree_certificate_0085.jpg,certificate,synthetic,original,f14c3756d138,test
certificate/degree_certificate_0087.jpg,degree_certificate_0087.jpg,certificate,synthetic,original,4d2512a3f8dd,test
certificate/degree_certificate_0095.jpg,degree_certificate_0095.jpg,certificate,synthetic,original,2031c74cf3f9,test
certificate/degree_certificate_0102.jpg,degree_certificate_0102.jpg,certificate,synthetic,original,5a7fba519fff,test
certificate/degree_certificate_0106.jpg,degree_certificate_0106.jpg,certificate,synthetic,original,cde14bc1d4a1,test
certificate/degree_certificate_0115.jpg,degree_certificate_0115.jpg,certificate,synthetic,original,bb759b9db469,test
certificate/degree_certificate_0121.jpg,degree_certificate_0121.jpg,certificate,synthetic,original,518793dd0d35,test
certificate/degree_certificate_0127.jpg,degree_certificate_0127.jpg,certificate,synthetic,original,c0558f80841a,test
certificate/degree_certificate_0133.jpg,degree_certificate_0133.jpg,certificate,synthetic,original,c48d9a0c252f,test
certificate/degree_certificate_0134.jpg,degree_certificate_0134.jpg,certificate,synthetic,original,b618f78ea163,test
certificate/degree_certificate_0138.jpg,degree_certificate_0138.jpg,certificate,synthetic,original,2f0a42131e54,test
certificate/degree_certificate_0156.jpg,degree_certificate_0156.jpg,certificate,synthetic,original,dbf91f721b73,test
certificate/degree_certificate_0159.jpg,degree_certificate_0159.jpg,certificate,synthetic,original,f39d8c1bcec7,test
certificate/degree_certificate_0160.jpg,degree_certificate_0160.jpg,certificate,synthetic,original,9b975bdd5ee8,test
certificate/degree_certificate_0161.jpg,degree_certificate_0161.jpg,certificate,synthetic,original,2636220868db,test
certificate/degree_certificate_0166.jpg,degree_certificate_0166.jpg,certificate,synthetic,original,2e6d203fbb7e,test
certificate/degree_certificate_0170.jpg,degree_certificate_0170.jpg,certificate,synthetic,original,7fd102fff667,test
certificate/degree_certificate_0171.jpg,degree_certificate_0171.jpg,certificate,synthetic,original,562da841eab9,test
certificate/degree_certificate_0187.jpg,degree_certificate_0187.jpg,certificate,synthetic,original,b1b92020b6dd,test
certificate/degree_certificate_0189.jpg,degree_certificate_0189.jpg,certificate,synthetic,original,1e2229b58cc4,test
certificate/degree_certificate_0191.jpg,degree_certificate_0191.jpg,certificate,synthetic,original,961d7e3f0bbd,test
certificate/marksheet_10th_0000.jpg,marksheet_10th_0000.jpg,certificate,synthetic,original,32b126cd6ae8,test
certificate/marksheet_10th_0001.jpg,marksheet_10th_0001.jpg,certificate,synthetic,original,6d5cd8432657,test
certificate/marksheet_10th_0005.jpg,marksheet_10th_0005.jpg,certificate,synthetic,original,720d68e86cda,test
certificate/marksheet_10th_0006.jpg,marksheet_10th_0006.jpg,certificate,synthetic,original,20f9d26eeff9,test
certificate/marksheet_10th_0013.jpg,marksheet_10th_0013.jpg,certificate,synthetic,original,f903aafda177,test
certificate/marksheet_10th_0014.jpg,marksheet_10th_0014.jpg,certificate,synthetic,original,9d7cd9f3fd41,test
certificate/marksheet_10th_0017.jpg,marksheet_10th_0017.jpg,certificate,synthetic,original,987c3942f83f,test
certificate/marksheet_10th_0021.jpg,marksheet_10th_0021.jpg,certificate,synthetic,original,ac57ede98c16,test
certificate/marksheet_10th_0024.jpg,marksheet_10th_0024.jpg,certificate,synthetic,original,9a8438aebca7,test
certificate/marksheet_10th_0032.jpg,marksheet_10th_0032.jpg,certificate,synthetic,original,c5e1186235ab,test
certificate/marksheet_10th_0040.jpg,marksheet_10th_0040.jpg,certificate,synthetic,original,5ad63c1b19fb,test
certificate/marksheet_10th_0043.jpg,marksheet_10th_0043.jpg,certificate,synthetic,original,430d3661786e,test
certificate/marksheet_10th_0052.jpg,marksheet_10th_0052.jpg,certificate,synthetic,original,33772377739b,test
certificate/marksheet_10th_0060.jpg,marksheet_10th_0060.jpg,certificate,synthetic,original,1c7ebc7f2876,test
certificate/marksheet_10th_0067.jpg,marksheet_10th_0067.jpg,certificate,synthetic,original,c60df0965bbc,test
certificate/marksheet_10th_0069.jpg,marksheet_10th_0069.jpg,certificate,synthetic,original,973a36529385,test
certificate/marksheet_10th_0076.jpg,marksheet_10th_0076.jpg,certificate,synthetic,original,68231df2e3c7,test
certificate/marksheet_10th_0083.jpg,marksheet_10th_0083.jpg,certificate,synthetic,original,7173b96b9c5a,test
certificate/marksheet_10th_0085.jpg,marksheet_10th_0085.jpg,certificate,synthetic,original,e33da64bd4b7,test
certificate/marksheet_10th_0095.jpg,marksheet_10th_0095.jpg,certificate,synthetic,original,e8c0a627403b,test
certificate/marksheet_10th_0115.jpg,marksheet_10th_0115.jpg,certificate,synthetic,original,461487519925,test
certificate/marksheet_10th_0130.jpg,marksheet_10th_0130.jpg,certificate,synthetic,original,dd282cbc7eb9,test
certificate/marksheet_10th_0139.jpg,marksheet_10th_0139.jpg,certificate,synthetic,original,f947c3ac8e0d,test
certificate/marksheet_10th_0143.jpg,marksheet_10th_0143.jpg,certificate,synthetic,original,9889b1dcd5e8,test
certificate/marksheet_10th_0151.jpg,marksheet_10th_0151.jpg,certificate,synthetic,original,997f4665b312,test
certificate/marksheet_10th_0158.jpg,marksheet_10th_0158.jpg,certificate,synthetic,original,7ae2eb3a501f,test
certificate/marksheet_10th_0178.jpg,marksheet_10th_0178.jpg,certificate,synthetic,original,5fe2ad39cfdc,test
certificate/marksheet_10th_0179.jpg,marksheet_10th_0179.jpg,certificate,synthetic,original,e51252fa90c4,test
certificate/marksheet_10th_0184.jpg,marksheet_10th_0184.jpg,certificate,synthetic,original,01d3e8085c64,test
certificate/marksheet_10th_0187.jpg,marksheet_10th_0187.jpg,certificate,synthetic,original,4130e284de89,test
certificate/marksheet_10th_0189.jpg,marksheet_10th_0189.jpg,certificate,synthetic,original,af5f331aad12,test
certificate/marksheet_10th_0197.jpg,marksheet_10th_0197.jpg,certificate,synthetic,original,8cf7df5ccb48,test
certificate/marksheet_12th_0006.jpg,marksheet_12th_0006.jpg,certificate,synthetic,original,52500559bb31,test
certificate/marksheet_12th_0013.jpg,marksheet_12th_0013.jpg,certificate,synthetic,original,056b55cf6588,test
certificate/marksheet_12th_0018.jpg,marksheet_12th_0018.jpg,certificate,synthetic,original,f02e72340dec,test
certificate/marksheet_12th_0030.jpg,marksheet_12th_0030.jpg,certificate,synthetic,original,d548665e1479,test
certificate/marksheet_12th_0048.jpg,marksheet_12th_0048.jpg,certificate,synthetic,original,43cf6495aa03,test
certificate/marksheet_12th_0058.jpg,marksheet_12th_0058.jpg,certificate,synthetic,original,cc9fbcece022,test
certificate/marksheet_12th_0061.jpg,marksheet_12th_0061.jpg,certificate,synthetic,original,5f26d4ef4b68,test
certificate/marksheet_12th_0063.jpg,marksheet_12th_0063.jpg,certificate,synthetic,original,25f1a9df8536,test
certificate/marksheet_12th_0066.jpg,marksheet_12th_0066.jpg,certificate,synthetic,original,d0a5cad6c774,test
certificate/marksheet_12th_0074.jpg,marksheet_12th_0074.jpg,certificate,synthetic,original,bcd0dc37690b,test
certificate/marksheet_12th_0075.jpg,marksheet_12th_0075.jpg,certificate,synthetic,original,29ec06721042,test
certificate/marksheet_12th_0076.jpg,marksheet_12th_0076.jpg,certificate,synthetic,original,f3438a4054f0,test
certificate/marksheet_12th_0088.jpg,marksheet_12th_0088.jpg,certificate,synthetic,original,54c791685e69,test
certificate/marksheet_12th_0089.jpg,marksheet_12th_0089.jpg,certificate,synthetic,original,6e99d8d31574,test
certificate/marksheet_12th_0091.jpg,marksheet_12th_0091.jpg,certificate,synthetic,original,b5946903a276,test
certificate/marksheet_12th_0095.jpg,marksheet_12th_0095.jpg,certificate,synthetic,original,1bdc286c02b3,test
certificate/marksheet_12th_0098.jpg,marksheet_12th_0098.jpg,certificate,synthetic,original,60e668dd6760,test
certificate/marksheet_12th_0110.jpg,marksheet_12th_0110.jpg,certificate,synthetic,original,bb61e83f89ce,test
certificate/marksheet_12th_0116.jpg,marksheet_12th_0116.jpg,certificate,synthetic,original,7ad3fe1d98d8,test
certificate/marksheet_12th_0120.jpg,marksheet_12th_0120.jpg,certificate,synthetic,original,9812c868c852,test
certificate/marksheet_12th_0154.jpg,marksheet_12th_0154.jpg,certificate,synthetic,original,6aec4d8df879,test
certificate/marksheet_12th_0158.jpg,marksheet_12th_0158.jpg,certificate,synthetic,original,4c364f738bf1,test
certificate/marksheet_12th_0162.jpg,marksheet_12th_0162.jpg,certificate,synthetic,original,d6c532b9cbfd,test
certificate/marksheet_12th_0164.jpg,marksheet_12th_0164.jpg,certificate,synthetic,original,ec9538361038,test
certificate/marksheet_12th_0190.jpg,marksheet_12th_0190.jpg,certificate,synthetic,original,5190957cca3e,test
certificate/marksheet_12th_0194.jpg,marksheet_12th_0194.jpg,certificate,synthetic,original,cffab885c586,test
certificate/marksheet_12th_0197.jpg,marksheet_12th_0197.jpg,certificate,synthetic,original,62a598918aa2,test
certificate/degree_certificate_0000.jpg,degree_certificate_0000.jpg,certificate,synthetic,original,6fbade7d6fda,train
certificate/degree_certificate_0002.jpg,degree_certificate_0002.jpg,certificate,synthetic,original,87d82dba008c,train
certificate/degree_certificate_0003.jpg,degree_certificate_0003.jpg,certificate,synthetic,original,871c806c2f7d,train
certificate/degree_certificate_0005.jpg,degree_certificate_0005.jpg,certificate,synthetic,original,559f58df7965,train
certificate/degree_certificate_0006.jpg,degree_certificate_0006.jpg,certificate,synthetic,original,de7b6df1850f,train
certificate/degree_certificate_0007.jpg,degree_certificate_0007.jpg,certificate,synthetic,original,f6bf2d2428b9,train
certificate/degree_certificate_0008.jpg,degree_certificate_0008.jpg,certificate,synthetic,original,1c46ab0c0da3,train
certificate/degree_certificate_0009.jpg,degree_certificate_0009.jpg,certificate,synthetic,original,a997672e4154,train
certificate/degree_certificate_0010.jpg,degree_certificate_0010.jpg,certificate,synthetic,original,4348fc7d5ac8,train
certificate/degree_certificate_0011.jpg,degree_certificate_0011.jpg,certificate,synthetic,original,44d7e7ce55dc,train
certificate/degree_certificate_0015.jpg,degree_certificate_0015.jpg,certificate,synthetic,original,e36ccb64b4c9,train
certificate/degree_certificate_0016.jpg,degree_certificate_0016.jpg,certificate,synthetic,original,391b5f4f7af7,train
certificate/degree_certificate_0017.jpg,degree_certificate_0017.jpg,certificate,synthetic,original,c72e5ad20177,train
certificate/degree_certificate_0018.jpg,degree_certificate_0018.jpg,certificate,synthetic,original,6ee78d8a39de,train
certificate/degree_certificate_0019.jpg,degree_certificate_0019.jpg,certificate,synthetic,original,a3c8484fe976,train
certificate/degree_certificate_0022.jpg,degree_certificate_0022.jpg,certificate,synthetic,original,1777fb095962,train
certificate/degree_certificate_0023.jpg,degree_certificate_0023.jpg,certificate,synthetic,original,18e5e2bf30d1,train
certificate/degree_certificate_0024.jpg,degree_certificate_0024.jpg,certificate,synthetic,original,fd6aa44c388f,train
certificate/degree_certificate_0025.jpg,degree_certificate_0025.jpg,certificate,synthetic,original,de8de0c82cbf,train
certificate/degree_certificate_0026.jpg,degree_certificate_0026.jpg,certificate,synthetic,original,678ab78d4f63,train
certificate/degree_certificate_0029.jpg,degree_certificate_0029.jpg,certificate,synthetic,original,5ca4928dc19c,train
certificate/degree_certificate_0030.jpg,degree_certificate_0030.jpg,certificate,synthetic,original,222c38d9101a,train
certificate/degree_certificate_0031.jpg,degree_certificate_0031.jpg,certificate,synthetic,original,e270c41514a3,train
certificate/degree_certificate_0033.jpg,degree_certificate_0033.jpg,certificate,synthetic,original,40a5b5ca3b91,train
certificate/degree_certificate_0036.jpg,degree_certificate_0036.jpg,certificate,synthetic,original,f3726a87cfdb,train
certificate/degree_certificate_0037.jpg,degree_certificate_0037.jpg,certificate,synthetic,original,28e73f36a815,train
certificate/degree_certificate_0038.jpg,degree_certificate_0038.jpg,certificate,synthetic,original,5ad3f115e4cb,train
certificate/degree_certificate_0039.jpg,degree_certificate_0039.jpg,certificate,synthetic,original,e6e10f76251b,train
certificate/degree_certificate_0042.jpg,degree_certificate_0042.jpg,certificate,synthetic,original,7f230bdfae33,train
certificate/degree_certificate_0045.jpg,degree_certificate_0045.jpg,certificate,synthetic,original,0ae9c1c78885,train
certificate/degree_certificate_0046.jpg,degree_certificate_0046.jpg,certificate,synthetic,original,eff55206c904,train
certificate/degree_certificate_0048.jpg,degree_certificate_0048.jpg,certificate,synthetic,original,8072a5f944ce,train
certificate/degree_certificate_0049.jpg,degree_certificate_0049.jpg,certificate,synthetic,original,ef54e0e07233,train
certificate/degree_certificate_0050.jpg,degree_certificate_0050.jpg,certificate,synthetic,original,8e4b5f898468,train
certificate/degree_certificate_0053.jpg,degree_certificate_0053.jpg,certificate,synthetic,original,650432e8b999,train
certificate/degree_certificate_0054.jpg,degree_certificate_0054.jpg,certificate,synthetic,original,28eb9178679e,train
certificate/degree_certificate_0055.jpg,degree_certificate_0055.jpg,certificate,synthetic,original,cae91fcd0e5e,train
certificate/degree_certificate_0056.jpg,degree_certificate_0056.jpg,certificate,synthetic,original,91b913babf1c,train
certificate/degree_certificate_0057.jpg,degree_certificate_0057.jpg,certificate,synthetic,original,ffb63d02a0dd,train
certificate/degree_certificate_0059.jpg,degree_certificate_0059.jpg,certificate,synthetic,original,5c3e06509bac,train
certificate/degree_certificate_0060.jpg,degree_certificate_0060.jpg,certificate,synthetic,original,bb1a786ad33f,train
certificate/degree_certificate_0063.jpg,degree_certificate_0063.jpg,certificate,synthetic,original,d1dabdd61821,train
certificate/degree_certificate_0066.jpg,degree_certificate_0066.jpg,certificate,synthetic,original,79207eb508a3,train
certificate/degree_certificate_0067.jpg,degree_certificate_0067.jpg,certificate,synthetic,original,27c003ee47eb,train
certificate/degree_certificate_0068.jpg,degree_certificate_0068.jpg,certificate,synthetic,original,7080af9dd9d1,train
certificate/degree_certificate_0069.jpg,degree_certificate_0069.jpg,certificate,synthetic,original,6578f54501b6,train
certificate/degree_certificate_0070.jpg,degree_certificate_0070.jpg,certificate,synthetic,original,992cc5622058,train
certificate/degree_certificate_0072.jpg,degree_certificate_0072.jpg,certificate,synthetic,original,3ec4bdc9f7a6,train
certificate/degree_certificate_0073.jpg,degree_certificate_0073.jpg,certificate,synthetic,original,897adaa40de9,train
certificate/degree_certificate_0074.jpg,degree_certificate_0074.jpg,certificate,synthetic,original,6013059767f1,train
certificate/degree_certificate_0075.jpg,degree_certificate_0075.jpg,certificate,synthetic,original,811f9873de50,train
certificate/degree_certificate_0076.jpg,degree_certificate_0076.jpg,certificate,synthetic,original,ff484f9d1609,train
certificate/degree_certificate_0077.jpg,degree_certificate_0077.jpg,certificate,synthetic,original,ce59b8231545,train
certificate/degree_certificate_0078.jpg,degree_certificate_0078.jpg,certificate,synthetic,original,3e8c444fb1d8,train
certificate/degree_certificate_0079.jpg,degree_certificate_0079.jpg,certificate,synthetic,original,41cc172537e9,train
certificate/degree_certificate_0081.jpg,degree_certificate_0081.jpg,certificate,synthetic,original,9f4e632392ad,train
certificate/degree_certificate_0082.jpg,degree_certificate_0082.jpg,certificate,synthetic,original,6a6edc6591a1,train
certificate/degree_certificate_0083.jpg,degree_certificate_0083.jpg,certificate,synthetic,original,e014cee96551,train
certificate/degree_certificate_0084.jpg,degree_certificate_0084.jpg,certificate,synthetic,original,c90a930898f4,train
certificate/degree_certificate_0086.jpg,degree_certificate_0086.jpg,certificate,synthetic,original,1620ec87e186,train
certificate/degree_certificate_0088.jpg,degree_certificate_0088.jpg,certificate,synthetic,original,ed0e078667f4,train
certificate/degree_certificate_0089.jpg,degree_certificate_0089.jpg,certificate,synthetic,original,2152eb81511a,train
certificate/degree_certificate_0090.jpg,degree_certificate_0090.jpg,certificate,synthetic,original,04e0fd586582,train
certificate/degree_certificate_0092.jpg,degree_certificate_0092.jpg,certificate,synthetic,original,956787dde9cf,train
certificate/degree_certificate_0093.jpg,degree_certificate_0093.jpg,certificate,synthetic,original,a2d7044f8ef9,train
certificate/degree_certificate_0094.jpg,degree_certificate_0094.jpg,certificate,synthetic,original,da00eba0f7f7,train
certificate/degree_certificate_0096.jpg,degree_certificate_0096.jpg,certificate,synthetic,original,7b5b05e51806,train
certificate/degree_certificate_0097.jpg,degree_certificate_0097.jpg,certificate,synthetic,original,76b9a6af53d4,train
certificate/degree_certificate_0101.jpg,degree_certificate_0101.jpg,certificate,synthetic,original,c911ae1d6d2b,train
certificate/degree_certificate_0103.jpg,degree_certificate_0103.jpg,certificate,synthetic,original,55c60d74bf91,train
certificate/degree_certificate_0104.jpg,degree_certificate_0104.jpg,certificate,synthetic,original,8ad5d4197da6,train
certificate/degree_certificate_0108.jpg,degree_certificate_0108.jpg,certificate,synthetic,original,61c0c608c4d1,train
certificate/degree_certificate_0109.jpg,degree_certificate_0109.jpg,certificate,synthetic,original,59077180ee50,train
certificate/degree_certificate_0110.jpg,degree_certificate_0110.jpg,certificate,synthetic,original,99f8b83b31ff,train
certificate/degree_certificate_0111.jpg,degree_certificate_0111.jpg,certificate,synthetic,original,f17d89672572,train
certificate/degree_certificate_0112.jpg,degree_certificate_0112.jpg,certificate,synthetic,original,e24938a98799,train
certificate/degree_certificate_0113.jpg,degree_certificate_0113.jpg,certificate,synthetic,original,9984124cffe6,train
certificate/degree_certificate_0114.jpg,degree_certificate_0114.jpg,certificate,synthetic,original,9553a50e1fb2,train
certificate/degree_certificate_0116.jpg,degree_certificate_0116.jpg,certificate,synthetic,original,af8f3af1921d,train
certificate/degree_certificate_0117.jpg,degree_certificate_0117.jpg,certificate,synthetic,original,8aa312901b0f,train
certificate/degree_certificate_0118.jpg,degree_certificate_0118.jpg,certificate,synthetic,original,48f97b6ade42,train
certificate/degree_certificate_0119.jpg,degree_certificate_0119.jpg,certificate,synthetic,original,ef3d2aba4658,train
certificate/degree_certificate_0122.jpg,degree_certificate_0122.jpg,certificate,synthetic,original,2eba7f6bcb54,train
certificate/degree_certificate_0123.jpg,degree_certificate_0123.jpg,certificate,synthetic,original,9d208dd84c25,train
certificate/degree_certificate_0124.jpg,degree_certificate_0124.jpg,certificate,synthetic,original,ab0ad5853fbf,train
certificate/degree_certificate_0125.jpg,degree_certificate_0125.jpg,certificate,synthetic,original,ac45a7a769b0,train
certificate/degree_certificate_0126.jpg,degree_certificate_0126.jpg,certificate,synthetic,original,bbc9aa24a3c9,train
certificate/degree_certificate_0129.jpg,degree_certificate_0129.jpg,certificate,synthetic,original,df5a5d7f1e15,train
certificate/degree_certificate_0131.jpg,degree_certificate_0131.jpg,certificate,synthetic,original,4fcc1a944f66,train
certificate/degree_certificate_0132.jpg,degree_certificate_0132.jpg,certificate,synthetic,original,c164a8c8c3ea,train
certificate/degree_certificate_0135.jpg,degree_certificate_0135.jpg,certificate,synthetic,original,fe20a2251ba9,train
certificate/degree_certificate_0136.jpg,degree_certificate_0136.jpg,certificate,synthetic,original,123a70d7b829,train
certificate/degree_certificate_0137.jpg,degree_certificate_0137.jpg,certificate,synthetic,original,c0108e512db9,train
certificate/degree_certificate_0139.jpg,degree_certificate_0139.jpg,certificate,synthetic,original,6743bb4932b6,train
certificate/degree_certificate_0140.jpg,degree_certificate_0140.jpg,certificate,synthetic,original,012835c6de20,train
certificate/degree_certificate_0141.jpg,degree_certificate_0141.jpg,certificate,synthetic,original,fd7c8c2e693a,train
certificate/degree_certificate_0143.jpg,degree_certificate_0143.jpg,certificate,synthetic,original,44479974880c,train
certificate/degree_certificate_0144.jpg,degree_certificate_0144.jpg,certificate,synthetic,original,61ccc7f2a4de,train
certificate/degree_certificate_0145.jpg,degree_certificate_0145.jpg,certificate,synthetic,original,59452000c340,train
certificate/degree_certificate_0146.jpg,degree_certificate_0146.jpg,certificate,synthetic,original,999b724fc3dc,train
certificate/degree_certificate_0147.jpg,degree_certificate_0147.jpg,certificate,synthetic,original,8dd16a21a1d9,train
certificate/degree_certificate_0148.jpg,degree_certificate_0148.jpg,certificate,synthetic,original,967a6d365625,train
certificate/degree_certificate_0149.jpg,degree_certificate_0149.jpg,certificate,synthetic,original,6544b9ef96c3,train
certificate/degree_certificate_0150.jpg,degree_certificate_0150.jpg,certificate,synthetic,original,6f85d616f840,train
certificate/degree_certificate_0151.jpg,degree_certificate_0151.jpg,certificate,synthetic,original,7132621ac4c2,train
certificate/degree_certificate_0152.jpg,degree_certificate_0152.jpg,certificate,synthetic,original,7ff574e46cef,train
certificate/degree_certificate_0153.jpg,degree_certificate_0153.jpg,certificate,synthetic,original,02ff444c95ac,train
certificate/degree_certificate_0154.jpg,degree_certificate_0154.jpg,certificate,synthetic,original,7ca1c45676ab,train
certificate/degree_certificate_0155.jpg,degree_certificate_0155.jpg,certificate,synthetic,original,f0478c43640e,train
certificate/degree_certificate_0157.jpg,degree_certificate_0157.jpg,certificate,synthetic,original,75bbee9063df,train
certificate/degree_certificate_0158.jpg,degree_certificate_0158.jpg,certificate,synthetic,original,bf46bbd4eba1,train
certificate/degree_certificate_0162.jpg,degree_certificate_0162.jpg,certificate,synthetic,original,3741d2cd0cfc,train
certificate/degree_certificate_0163.jpg,degree_certificate_0163.jpg,certificate,synthetic,original,52aa1e79f89c,train
certificate/degree_certificate_0164.jpg,degree_certificate_0164.jpg,certificate,synthetic,original,0ef58582fe6e,train
certificate/degree_certificate_0165.jpg,degree_certificate_0165.jpg,certificate,synthetic,original,de0703d9c9fe,train
certificate/degree_certificate_0167.jpg,degree_certificate_0167.jpg,certificate,synthetic,original,819fb03408d5,train
certificate/degree_certificate_0168.jpg,degree_certificate_0168.jpg,certificate,synthetic,original,77bead465365,train
certificate/degree_certificate_0172.jpg,degree_certificate_0172.jpg,certificate,synthetic,original,233eef6effb0,train
certificate/degree_certificate_0173.jpg,degree_certificate_0173.jpg,certificate,synthetic,original,d1fce6267d99,train
certificate/degree_certificate_0174.jpg,degree_certificate_0174.jpg,certificate,synthetic,original,2685fa4c7ea7,train
certificate/degree_certificate_0175.jpg,degree_certificate_0175.jpg,certificate,synthetic,original,332a2c9af26e,train
certificate/degree_certificate_0176.jpg,degree_certificate_0176.jpg,certificate,synthetic,original,9c2c06e63121,train
certificate/degree_certificate_0177.jpg,degree_certificate_0177.jpg,certificate,synthetic,original,c7dc287fbb7a,train
certificate/degree_certificate_0179.jpg,degree_certificate_0179.jpg,certificate,synthetic,original,262704ee4626,train
certificate/degree_certificate_0180.jpg,degree_certificate_0180.jpg,certificate,synthetic,original,5e837a111d2d,train
certificate/degree_certificate_0181.jpg,degree_certificate_0181.jpg,certificate,synthetic,original,32c04213bf52,train
certificate/degree_certificate_0182.jpg,degree_certificate_0182.jpg,certificate,synthetic,original,efc16d0c3f42,train
certificate/degree_certificate_0183.jpg,degree_certificate_0183.jpg,certificate,synthetic,original,f548e7b3dcdb,train
certificate/degree_certificate_0184.jpg,degree_certificate_0184.jpg,certificate,synthetic,original,e228cd72dee8,train
certificate/degree_certificate_0185.jpg,degree_certificate_0185.jpg,certificate,synthetic,original,6d00b006d68a,train
certificate/degree_certificate_0188.jpg,degree_certificate_0188.jpg,certificate,synthetic,original,e7cfaf4f177f,train
certificate/degree_certificate_0190.jpg,degree_certificate_0190.jpg,certificate,synthetic,original,6ff31bcfcae7,train
certificate/degree_certificate_0192.jpg,degree_certificate_0192.jpg,certificate,synthetic,original,a6c54f136fe3,train
certificate/degree_certificate_0193.jpg,degree_certificate_0193.jpg,certificate,synthetic,original,64858b24ea85,train
certificate/degree_certificate_0194.jpg,degree_certificate_0194.jpg,certificate,synthetic,original,59fcce9c760f,train
certificate/degree_certificate_0195.jpg,degree_certificate_0195.jpg,certificate,synthetic,original,148b0099f5a6,train
certificate/degree_certificate_0196.jpg,degree_certificate_0196.jpg,certificate,synthetic,original,74764cec202d,train
certificate/degree_certificate_0197.jpg,degree_certificate_0197.jpg,certificate,synthetic,original,7e71ec0cf12d,train
certificate/degree_certificate_0198.jpg,degree_certificate_0198.jpg,certificate,synthetic,original,7e68dbc9e76e,train
certificate/degree_certificate_0199.jpg,degree_certificate_0199.jpg,certificate,synthetic,original,b136c23da539,train
certificate/marksheet_10th_0002.jpg,marksheet_10th_0002.jpg,certificate,synthetic,original,9abc6a300b22,train
certificate/marksheet_10th_0003.jpg,marksheet_10th_0003.jpg,certificate,synthetic,original,c31870d5b99e,train
certificate/marksheet_10th_0004.jpg,marksheet_10th_0004.jpg,certificate,synthetic,original,d4b38ab447f2,train
certificate/marksheet_10th_0007.jpg,marksheet_10th_0007.jpg,certificate,synthetic,original,7e62b5bb1387,train
certificate/marksheet_10th_0008.jpg,marksheet_10th_0008.jpg,certificate,synthetic,original,1db280e8a953,train
certificate/marksheet_10th_0009.jpg,marksheet_10th_0009.jpg,certificate,synthetic,original,3bf13f9b9179,train
certificate/marksheet_10th_0010.jpg,marksheet_10th_0010.jpg,certificate,synthetic,original,8a4015c67b6e,train
certificate/marksheet_10th_0011.jpg,marksheet_10th_0011.jpg,certificate,synthetic,original,f3ced6ecd86e,train
certificate/marksheet_10th_0012.jpg,marksheet_10th_0012.jpg,certificate,synthetic,original,455401988a83,train
certificate/marksheet_10th_0018.jpg,marksheet_10th_0018.jpg,certificate,synthetic,original,2c0f92583285,train
certificate/marksheet_10th_0019.jpg,marksheet_10th_0019.jpg,certificate,synthetic,original,5df3cefceeed,train
certificate/marksheet_10th_0020.jpg,marksheet_10th_0020.jpg,certificate,synthetic,original,25c427c69132,train
certificate/marksheet_10th_0022.jpg,marksheet_10th_0022.jpg,certificate,synthetic,original,0661dfcdea79,train
certificate/marksheet_10th_0023.jpg,marksheet_10th_0023.jpg,certificate,synthetic,original,8487a3db4c54,train
certificate/marksheet_10th_0025.jpg,marksheet_10th_0025.jpg,certificate,synthetic,original,4d6c59bf261c,train
certificate/marksheet_10th_0027.jpg,marksheet_10th_0027.jpg,certificate,synthetic,original,b8a4b4d3d14b,train
certificate/marksheet_10th_0028.jpg,marksheet_10th_0028.jpg,certificate,synthetic,original,df9fe3b4abbf,train
certificate/marksheet_10th_0029.jpg,marksheet_10th_0029.jpg,certificate,synthetic,original,85a24b8704f1,train
certificate/marksheet_10th_0031.jpg,marksheet_10th_0031.jpg,certificate,synthetic,original,fa1baf3e8a2f,train
certificate/marksheet_10th_0033.jpg,marksheet_10th_0033.jpg,certificate,synthetic,original,62372e39fd2e,train
certificate/marksheet_10th_0034.jpg,marksheet_10th_0034.jpg,certificate,synthetic,original,36349a0ac996,train
certificate/marksheet_10th_0035.jpg,marksheet_10th_0035.jpg,certificate,synthetic,original,60a089932d3f,train
certificate/marksheet_10th_0037.jpg,marksheet_10th_0037.jpg,certificate,synthetic,original,2958c84800fa,train
certificate/marksheet_10th_0038.jpg,marksheet_10th_0038.jpg,certificate,synthetic,original,2258eda85784,train
certificate/marksheet_10th_0039.jpg,marksheet_10th_0039.jpg,certificate,synthetic,original,9e9df5d32bf0,train
certificate/marksheet_10th_0044.jpg,marksheet_10th_0044.jpg,certificate,synthetic,original,a3aff04da355,train
certificate/marksheet_10th_0045.jpg,marksheet_10th_0045.jpg,certificate,synthetic,original,2dfca0be40c3,train
certificate/marksheet_10th_0046.jpg,marksheet_10th_0046.jpg,certificate,synthetic,original,f3bf9ae31a45,train
certificate/marksheet_10th_0047.jpg,marksheet_10th_0047.jpg,certificate,synthetic,original,d216b15d56cf,train
certificate/marksheet_10th_0048.jpg,marksheet_10th_0048.jpg,certificate,synthetic,original,872ade304f0e,train
certificate/marksheet_10th_0049.jpg,marksheet_10th_0049.jpg,certificate,synthetic,original,66f2c5635b80,train
certificate/marksheet_10th_0050.jpg,marksheet_10th_0050.jpg,certificate,synthetic,original,6fe98c81d61f,train
certificate/marksheet_10th_0053.jpg,marksheet_10th_0053.jpg,certificate,synthetic,original,6753c2830dfa,train
certificate/marksheet_10th_0055.jpg,marksheet_10th_0055.jpg,certificate,synthetic,original,05a939763049,train
certificate/marksheet_10th_0057.jpg,marksheet_10th_0057.jpg,certificate,synthetic,original,8f7716e877b3,train
certificate/marksheet_10th_0059.jpg,marksheet_10th_0059.jpg,certificate,synthetic,original,e25f96137db7,train
certificate/marksheet_10th_0061.jpg,marksheet_10th_0061.jpg,certificate,synthetic,original,d395b12e00ca,train
certificate/marksheet_10th_0062.jpg,marksheet_10th_0062.jpg,certificate,synthetic,original,5e9f0964015d,train
certificate/marksheet_10th_0063.jpg,marksheet_10th_0063.jpg,certificate,synthetic,original,80ae0e56c713,train
certificate/marksheet_10th_0064.jpg,marksheet_10th_0064.jpg,certificate,synthetic,original,5b4985d22e1c,train
certificate/marksheet_10th_0065.jpg,marksheet_10th_0065.jpg,certificate,synthetic,original,2eb4a22ab5d8,train
certificate/marksheet_10th_0066.jpg,marksheet_10th_0066.jpg,certificate,synthetic,original,77adb76010bc,train
certificate/marksheet_10th_0068.jpg,marksheet_10th_0068.jpg,certificate,synthetic,original,dfdfbe4e827c,train
certificate/marksheet_10th_0071.jpg,marksheet_10th_0071.jpg,certificate,synthetic,original,a00c09a7e2b3,train
certificate/marksheet_10th_0072.jpg,marksheet_10th_0072.jpg,certificate,synthetic,original,f3543703c05b,train
certificate/marksheet_10th_0074.jpg,marksheet_10th_0074.jpg,certificate,synthetic,original,5eb9a3114972,train
certificate/marksheet_10th_0075.jpg,marksheet_10th_0075.jpg,certificate,synthetic,original,ec866e6904d9,train
certificate/marksheet_10th_0077.jpg,marksheet_10th_0077.jpg,certificate,synthetic,original,e6a2fef17d87,train
certificate/marksheet_10th_0078.jpg,marksheet_10th_0078.jpg,certificate,synthetic,original,46acb53cd590,train
certificate/marksheet_10th_0079.jpg,marksheet_10th_0079.jpg,certificate,synthetic,original,e508ff5f7cdb,train
certificate/marksheet_10th_0080.jpg,marksheet_10th_0080.jpg,certificate,synthetic,original,d7bb22cc6105,train
certificate/marksheet_10th_0081.jpg,marksheet_10th_0081.jpg,certificate,synthetic,original,12e04d9e4bf5,train
certificate/marksheet_10th_0084.jpg,marksheet_10th_0084.jpg,certificate,synthetic,original,1a661412aad1,train
certificate/marksheet_10th_0086.jpg,marksheet_10th_0086.jpg,certificate,synthetic,original,007b5432d46e,train
certificate/marksheet_10th_0087.jpg,marksheet_10th_0087.jpg,certificate,synthetic,original,c5da58ece28d,train
certificate/marksheet_10th_0089.jpg,marksheet_10th_0089.jpg,certificate,synthetic,original,7016c4ad02cb,train
certificate/marksheet_10th_0090.jpg,marksheet_10th_0090.jpg,certificate,synthetic,original,9eee76c6a7bf,train
certificate/marksheet_10th_0091.jpg,marksheet_10th_0091.jpg,certificate,synthetic,original,81dd5703e46e,train
certificate/marksheet_10th_0093.jpg,marksheet_10th_0093.jpg,certificate,synthetic,original,4e3e8cffe534,train
certificate/marksheet_10th_0094.jpg,marksheet_10th_0094.jpg,certificate,synthetic,original,f44186867c41,train
certificate/marksheet_10th_0096.jpg,marksheet_10th_0096.jpg,certificate,synthetic,original,a956b7556e07,train
certificate/marksheet_10th_0097.jpg,marksheet_10th_0097.jpg,certificate,synthetic,original,43c6cefc3a5f,train
certificate/marksheet_10th_0098.jpg,marksheet_10th_0098.jpg,certificate,synthetic,original,d596f5396c0d,train
certificate/marksheet_10th_0099.jpg,marksheet_10th_0099.jpg,certificate,synthetic,original,229dc4a0e828,train
certificate/marksheet_10th_0100.jpg,marksheet_10th_0100.jpg,certificate,synthetic,original,cd9eca117bd6,train
certificate/marksheet_10th_0101.jpg,marksheet_10th_0101.jpg,certificate,synthetic,original,4ba05c0a6b82,train
certificate/marksheet_10th_0102.jpg,marksheet_10th_0102.jpg,certificate,synthetic,original,fd2c82971305,train
certificate/marksheet_10th_0103.jpg,marksheet_10th_0103.jpg,certificate,synthetic,original,d9a0bd6c7de4,train
certificate/marksheet_10th_0104.jpg,marksheet_10th_0104.jpg,certificate,synthetic,original,c7c497151158,train
certificate/marksheet_10th_0105.jpg,marksheet_10th_0105.jpg,certificate,synthetic,original,69bb8036ef27,train
certificate/marksheet_10th_0106.jpg,marksheet_10th_0106.jpg,certificate,synthetic,original,3d3d9acf7019,train
certificate/marksheet_10th_0107.jpg,marksheet_10th_0107.jpg,certificate,synthetic,original,2af5632fdf24,train
certificate/marksheet_10th_0109.jpg,marksheet_10th_0109.jpg,certificate,synthetic,original,90168256377f,train
certificate/marksheet_10th_0110.jpg,marksheet_10th_0110.jpg,certificate,synthetic,original,8be14b72419d,train
certificate/marksheet_10th_0111.jpg,marksheet_10th_0111.jpg,certificate,synthetic,original,8afc82e58d3b,train
certificate/marksheet_10th_0112.jpg,marksheet_10th_0112.jpg,certificate,synthetic,original,10da0e5fc27d,train
certificate/marksheet_10th_0114.jpg,marksheet_10th_0114.jpg,certificate,synthetic,original,2f513b7c00ee,train
certificate/marksheet_10th_0116.jpg,marksheet_10th_0116.jpg,certificate,synthetic,original,0aaae7e91f93,train
certificate/marksheet_10th_0117.jpg,marksheet_10th_0117.jpg,certificate,synthetic,original,d3d2cfc9a402,train
certificate/marksheet_10th_0118.jpg,marksheet_10th_0118.jpg,certificate,synthetic,original,cc78461ec0bd,train
certificate/marksheet_10th_0119.jpg,marksheet_10th_0119.jpg,certificate,synthetic,original,842fa4568e04,train
certificate/marksheet_10th_0120.jpg,marksheet_10th_0120.jpg,certificate,synthetic,original,94d2f27b1920,train
certificate/marksheet_10th_0121.jpg,marksheet_10th_0121.jpg,certificate,synthetic,original,2906bc85d55f,train
certificate/marksheet_10th_0122.jpg,marksheet_10th_0122.jpg,certificate,synthetic,original,2f8c431e9303,train
certificate/marksheet_10th_0123.jpg,marksheet_10th_0123.jpg,certificate,synthetic,original,bae2cc9a12bb,train
certificate/marksheet_10th_0124.jpg,marksheet_10th_0124.jpg,certificate,synthetic,original,beb8fbccd0ef,train
certificate/marksheet_10th_0125.jpg,marksheet_10th_0125.jpg,certificate,synthetic,original,60c34a8587d9,train
certificate/marksheet_10th_0128.jpg,marksheet_10th_0128.jpg,certificate,synthetic,original,a8fadd0e1e18,train
certificate/marksheet_10th_0129.jpg,marksheet_10th_0129.jpg,certificate,synthetic,original,eb5a2bbd6ce6,train
certificate/marksheet_10th_0131.jpg,marksheet_10th_0131.jpg,certificate,synthetic,original,88ac166ebf6b,train
certificate/marksheet_10th_0132.jpg,marksheet_10th_0132.jpg,certificate,synthetic,original,8a16de3807f2,train
certificate/marksheet_10th_0133.jpg,marksheet_10th_0133.jpg,certificate,synthetic,original,85e6e46161bb,train
certificate/marksheet_10th_0134.jpg,marksheet_10th_0134.jpg,certificate,synthetic,original,6b9986931ce5,train
certificate/marksheet_10th_0135.jpg,marksheet_10th_0135.jpg,certificate,synthetic,original,bb3d298736b1,train
certificate/marksheet_10th_0136.jpg,marksheet_10th_0136.jpg,certificate,synthetic,original,52dfb2b323b8,train
certificate/marksheet_10th_0138.jpg,marksheet_10th_0138.jpg,certificate,synthetic,original,57075658a8f1,train
certificate/marksheet_10th_0140.jpg,marksheet_10th_0140.jpg,certificate,synthetic,original,4d324ffaff84,train
certificate/marksheet_10th_0141.jpg,marksheet_10th_0141.jpg,certificate,synthetic,original,7a2d648fc88b,train
certificate/marksheet_10th_0142.jpg,marksheet_10th_0142.jpg,certificate,synthetic,original,6be6366162e3,train
certificate/marksheet_10th_0144.jpg,marksheet_10th_0144.jpg,certificate,synthetic,original,ab2550177fd9,train
certificate/marksheet_10th_0146.jpg,marksheet_10th_0146.jpg,certificate,synthetic,original,2d138f7085f5,train
certificate/marksheet_10th_0148.jpg,marksheet_10th_0148.jpg,certificate,synthetic,original,5d2efe119512,train
certificate/marksheet_10th_0149.jpg,marksheet_10th_0149.jpg,certificate,synthetic,original,f40056a0cafa,train
certificate/marksheet_10th_0150.jpg,marksheet_10th_0150.jpg,certificate,synthetic,original,1001f874a896,train
certificate/marksheet_10th_0152.jpg,marksheet_10th_0152.jpg,certificate,synthetic,original,f11ade835312,train
certificate/marksheet_10th_0153.jpg,marksheet_10th_0153.jpg,certificate,synthetic,original,73099255090f,train
certificate/marksheet_10th_0154.jpg,marksheet_10th_0154.jpg,certificate,synthetic,original,84ced5ce76a5,train
certificate/marksheet_10th_0155.jpg,marksheet_10th_0155.jpg,certificate,synthetic,original,42c2963b0fb0,train
certificate/marksheet_10th_0156.jpg,marksheet_10th_0156.jpg,certificate,synthetic,original,09cfa3e60cc9,train
certificate/marksheet_10th_0157.jpg,marksheet_10th_0157.jpg,certificate,synthetic,original,24feb9f00fc6,train
certificate/marksheet_10th_0160.jpg,marksheet_10th_0160.jpg,certificate,synthetic,original,cb909686d3b7,train
certificate/marksheet_10th_0161.jpg,marksheet_10th_0161.jpg,certificate,synthetic,original,0d516aa34ebc,train
certificate/marksheet_10th_0162.jpg,marksheet_10th_0162.jpg,certificate,synthetic,original,92968a208f65,train
certificate/marksheet_10th_0163.jpg,marksheet_10th_0163.jpg,certificate,synthetic,original,40951a480c67,train
certificate/marksheet_10th_0164.jpg,marksheet_10th_0164.jpg,certificate,synthetic,original,ce3405fb470d,train
certificate/marksheet_10th_0165.jpg,marksheet_10th_0165.jpg,certificate,synthetic,original,d0cc4b571e9d,train
certificate/marksheet_10th_0167.jpg,marksheet_10th_0167.jpg,certificate,synthetic,original,8a0172834c1f,train
certificate/marksheet_10th_0168.jpg,marksheet_10th_0168.jpg,certificate,synthetic,original,39426bbfeb4a,train
certificate/marksheet_10th_0169.jpg,marksheet_10th_0169.jpg,certificate,synthetic,original,d2fbc45ae6b8,train
certificate/marksheet_10th_0170.jpg,marksheet_10th_0170.jpg,certificate,synthetic,original,f4de95980cb0,train
certificate/marksheet_10th_0171.jpg,marksheet_10th_0171.jpg,certificate,synthetic,original,cf680a1ace56,train
certificate/marksheet_10th_0173.jpg,marksheet_10th_0173.jpg,certificate,synthetic,original,4454e582c18d,train
certificate/marksheet_10th_0174.jpg,marksheet_10th_0174.jpg,certificate,synthetic,original,94b3430429e7,train
certificate/marksheet_10th_0175.jpg,marksheet_10th_0175.jpg,certificate,synthetic,original,1855a1d43a0d,train
certificate/marksheet_10th_0177.jpg,marksheet_10th_0177.jpg,certificate,synthetic,original,0ecc37433ce6,train
certificate/marksheet_10th_0180.jpg,marksheet_10th_0180.jpg,certificate,synthetic,original,6b0fb8d67d27,train
certificate/marksheet_10th_0181.jpg,marksheet_10th_0181.jpg,certificate,synthetic,original,d1611f2a88ff,train
certificate/marksheet_10th_0182.jpg,marksheet_10th_0182.jpg,certificate,synthetic,original,ee4c4b20e7f2,train
certificate/marksheet_10th_0183.jpg,marksheet_10th_0183.jpg,certificate,synthetic,original,a572c25c4eb3,train
certificate/marksheet_10th_0186.jpg,marksheet_10th_0186.jpg,certificate,synthetic,original,ab5c682a4d5c,train
certificate/marksheet_10th_0188.jpg,marksheet_10th_0188.jpg,certificate,synthetic,original,1dd32c2bdc8b,train
certificate/marksheet_10th_0190.jpg,marksheet_10th_0190.jpg,certificate,synthetic,original,4aa379152a47,train
certificate/marksheet_10th_0193.jpg,marksheet_10th_0193.jpg,certificate,synthetic,original,4cdf80b87f68,train
certificate/marksheet_10th_0194.jpg,marksheet_10th_0194.jpg,certificate,synthetic,original,474208e48543,train
certificate/marksheet_10th_0195.jpg,marksheet_10th_0195.jpg,certificate,synthetic,original,99e6c7aabf8c,train
certificate/marksheet_10th_0196.jpg,marksheet_10th_0196.jpg,certificate,synthetic,original,069a113c3d09,train
certificate/marksheet_10th_0198.jpg,marksheet_10th_0198.jpg,certificate,synthetic,original,b79e6e201379,train
certificate/marksheet_10th_0199.jpg,marksheet_10th_0199.jpg,certificate,synthetic,original,776f007830e0,train
certificate/marksheet_12th_0000.jpg,marksheet_12th_0000.jpg,certificate,synthetic,original,5845cd066114,train
certificate/marksheet_12th_0002.jpg,marksheet_12th_0002.jpg,certificate,synthetic,original,50ebcf50488b,train
certificate/marksheet_12th_0003.jpg,marksheet_12th_0003.jpg,certificate,synthetic,original,2ddfec7be6a5,train
certificate/marksheet_12th_0004.jpg,marksheet_12th_0004.jpg,certificate,synthetic,original,6fa7ba467a96,train
certificate/marksheet_12th_0005.jpg,marksheet_12th_0005.jpg,certificate,synthetic,original,3a5275e384a5,train
certificate/marksheet_12th_0007.jpg,marksheet_12th_0007.jpg,certificate,synthetic,original,0c12acf77a6f,train
certificate/marksheet_12th_0008.jpg,marksheet_12th_0008.jpg,certificate,synthetic,original,a4e1501d315c,train
certificate/marksheet_12th_0009.jpg,marksheet_12th_0009.jpg,certificate,synthetic,original,5b6484afc422,train
certificate/marksheet_12th_0010.jpg,marksheet_12th_0010.jpg,certificate,synthetic,original,a92da6e94756,train
certificate/marksheet_12th_0011.jpg,marksheet_12th_0011.jpg,certificate,synthetic,original,3e80e05cf233,train
certificate/marksheet_12th_0012.jpg,marksheet_12th_0012.jpg,certificate,synthetic,original,de3484af130e,train
certificate/marksheet_12th_0014.jpg,marksheet_12th_0014.jpg,certificate,synthetic,original,5478a70a473f,train
certificate/marksheet_12th_0015.jpg,marksheet_12th_0015.jpg,certificate,synthetic,original,b6af689fcb75,train
certificate/marksheet_12th_0016.jpg,marksheet_12th_0016.jpg,certificate,synthetic,original,2716dd8dd2a5,train
certificate/marksheet_12th_0019.jpg,marksheet_12th_0019.jpg,certificate,synthetic,original,e06331e436c4,train
certificate/marksheet_12th_0020.jpg,marksheet_12th_0020.jpg,certificate,synthetic,original,b07b1a59ddc2,train
certificate/marksheet_12th_0021.jpg,marksheet_12th_0021.jpg,certificate,synthetic,original,5d3f91a98b76,train
certificate/marksheet_12th_0022.jpg,marksheet_12th_0022.jpg,certificate,synthetic,original,7e67b064821d,train
certificate/marksheet_12th_0023.jpg,marksheet_12th_0023.jpg,certificate,synthetic,original,17fe87e7b3e2,train
certificate/marksheet_12th_0024.jpg,marksheet_12th_0024.jpg,certificate,synthetic,original,8b8ca94f6158,train
certificate/marksheet_12th_0025.jpg,marksheet_12th_0025.jpg,certificate,synthetic,original,2a07b792e489,train
certificate/marksheet_12th_0026.jpg,marksheet_12th_0026.jpg,certificate,synthetic,original,af985dffc7f6,train
certificate/marksheet_12th_0028.jpg,marksheet_12th_0028.jpg,certificate,synthetic,original,61690f9923dd,train
certificate/marksheet_12th_0029.jpg,marksheet_12th_0029.jpg,certificate,synthetic,original,fff9d705d2f5,train
certificate/marksheet_12th_0031.jpg,marksheet_12th_0031.jpg,certificate,synthetic,original,7eeabd090bce,train
certificate/marksheet_12th_0032.jpg,marksheet_12th_0032.jpg,certificate,synthetic,original,452e7e8ae29d,train
certificate/marksheet_12th_0033.jpg,marksheet_12th_0033.jpg,certificate,synthetic,original,e5a45bb89cc3,train
certificate/marksheet_12th_0034.jpg,marksheet_12th_0034.jpg,certificate,synthetic,original,05bdac7011ba,train
certificate/marksheet_12th_0036.jpg,marksheet_12th_0036.jpg,certificate,synthetic,original,9c288d895cc5,train
certificate/marksheet_12th_0037.jpg,marksheet_12th_0037.jpg,certificate,synthetic,original,fef1530ccd71,train
certificate/marksheet_12th_0038.jpg,marksheet_12th_0038.jpg,certificate,synthetic,original,718b834e02d4,train
certificate/marksheet_12th_0039.jpg,marksheet_12th_0039.jpg,certificate,synthetic,original,3d81c2bea9a6,train
certificate/marksheet_12th_0040.jpg,marksheet_12th_0040.jpg,certificate,synthetic,original,920da708ea2f,train
certificate/marksheet_12th_0041.jpg,marksheet_12th_0041.jpg,certificate,synthetic,original,ca17e3a76edd,train
certificate/marksheet_12th_0042.jpg,marksheet_12th_0042.jpg,certificate,synthetic,original,2338bb4ce29f,train
certificate/marksheet_12th_0043.jpg,marksheet_12th_0043.jpg,certificate,synthetic,original,2348f582ac2c,train
certificate/marksheet_12th_0045.jpg,marksheet_12th_0045.jpg,certificate,synthetic,original,877a61edc856,train
certificate/marksheet_12th_0046.jpg,marksheet_12th_0046.jpg,certificate,synthetic,original,ef751bc2b8bf,train
certificate/marksheet_12th_0047.jpg,marksheet_12th_0047.jpg,certificate,synthetic,original,ea4eb04f3b16,train
certificate/marksheet_12th_0049.jpg,marksheet_12th_0049.jpg,certificate,synthetic,original,f9ea364eed56,train
certificate/marksheet_12th_0050.jpg,marksheet_12th_0050.jpg,certificate,synthetic,original,7dc366435bc1,train
certificate/marksheet_12th_0051.jpg,marksheet_12th_0051.jpg,certificate,synthetic,original,c02b56fc16a9,train
certificate/marksheet_12th_0052.jpg,marksheet_12th_0052.jpg,certificate,synthetic,original,e380e6f1d3ff,train
certificate/marksheet_12th_0053.jpg,marksheet_12th_0053.jpg,certificate,synthetic,original,17649d39a3d5,train
certificate/marksheet_12th_0057.jpg,marksheet_12th_0057.jpg,certificate,synthetic,original,d59de881a78e,train
certificate/marksheet_12th_0062.jpg,marksheet_12th_0062.jpg,certificate,synthetic,original,00746e94911d,train
certificate/marksheet_12th_0064.jpg,marksheet_12th_0064.jpg,certificate,synthetic,original,518623c238cc,train
certificate/marksheet_12th_0065.jpg,marksheet_12th_0065.jpg,certificate,synthetic,original,f9899bc0e40f,train
certificate/marksheet_12th_0067.jpg,marksheet_12th_0067.jpg,certificate,synthetic,original,4988b6fd37ef,train
certificate/marksheet_12th_0068.jpg,marksheet_12th_0068.jpg,certificate,synthetic,original,c9092d541438,train
certificate/marksheet_12th_0069.jpg,marksheet_12th_0069.jpg,certificate,synthetic,original,19e6b557651b,train
certificate/marksheet_12th_0070.jpg,marksheet_12th_0070.jpg,certificate,synthetic,original,0f58d27d8760,train
certificate/marksheet_12th_0072.jpg,marksheet_12th_0072.jpg,certificate,synthetic,original,bb27371d1637,train
certificate/marksheet_12th_0073.jpg,marksheet_12th_0073.jpg,certificate,synthetic,original,dcf639b0b8a4,train
certificate/marksheet_12th_0077.jpg,marksheet_12th_0077.jpg,certificate,synthetic,original,c03638a34b06,train
certificate/marksheet_12th_0078.jpg,marksheet_12th_0078.jpg,certificate,synthetic,original,932d26a81f3a,train
certificate/marksheet_12th_0079.jpg,marksheet_12th_0079.jpg,certificate,synthetic,original,6838875772a5,train
certificate/marksheet_12th_0080.jpg,marksheet_12th_0080.jpg,certificate,synthetic,original,16336d7c96ea,train
certificate/marksheet_12th_0081.jpg,marksheet_12th_0081.jpg,certificate,synthetic,original,55fd8f29fd55,train
certificate/marksheet_12th_0082.jpg,marksheet_12th_0082.jpg,certificate,synthetic,original,5816ae3547a1,train
certificate/marksheet_12th_0083.jpg,marksheet_12th_0083.jpg,certificate,synthetic,original,3f50a6511c31,train
certificate/marksheet_12th_0085.jpg,marksheet_12th_0085.jpg,certificate,synthetic,original,8d8974840f89,train
certificate/marksheet_12th_0086.jpg,marksheet_12th_0086.jpg,certificate,synthetic,original,9c79843501a8,train
certificate/marksheet_12th_0087.jpg,marksheet_12th_0087.jpg,certificate,synthetic,original,425d75c5a35f,train
certificate/marksheet_12th_0090.jpg,marksheet_12th_0090.jpg,certificate,synthetic,original,45cd0327c6b9,train
certificate/marksheet_12th_0093.jpg,marksheet_12th_0093.jpg,certificate,synthetic,original,9fb7f678a2a5,train
certificate/marksheet_12th_0094.jpg,marksheet_12th_0094.jpg,certificate,synthetic,original,d9d4b1c9541b,train
certificate/marksheet_12th_0097.jpg,marksheet_12th_0097.jpg,certificate,synthetic,original,cc1776c3103a,train
certificate/marksheet_12th_0099.jpg,marksheet_12th_0099.jpg,certificate,synthetic,original,d4e316722eeb,train
certificate/marksheet_12th_0100.jpg,marksheet_12th_0100.jpg,certificate,synthetic,original,e4f04047394a,train
certificate/marksheet_12th_0101.jpg,marksheet_12th_0101.jpg,certificate,synthetic,original,7fb120f445ca,train
certificate/marksheet_12th_0102.jpg,marksheet_12th_0102.jpg,certificate,synthetic,original,79507160e72b,train
certificate/marksheet_12th_0103.jpg,marksheet_12th_0103.jpg,certificate,synthetic,original,3fd5d21737d0,train
certificate/marksheet_12th_0106.jpg,marksheet_12th_0106.jpg,certificate,synthetic,original,9c5d134de32d,train
certificate/marksheet_12th_0109.jpg,marksheet_12th_0109.jpg,certificate,synthetic,original,caabec5b42d4,train
certificate/marksheet_12th_0111.jpg,marksheet_12th_0111.jpg,certificate,synthetic,original,139e156f46ba,train
certificate/marksheet_12th_0112.jpg,marksheet_12th_0112.jpg,certificate,synthetic,original,7adb438c7693,train
certificate/marksheet_12th_0113.jpg,marksheet_12th_0113.jpg,certificate,synthetic,original,6ac53d7d2e0f,train
certificate/marksheet_12th_0114.jpg,marksheet_12th_0114.jpg,certificate,synthetic,original,a4e57182a23c,train
certificate/marksheet_12th_0115.jpg,marksheet_12th_0115.jpg,certificate,synthetic,original,fb7336e253cd,train
certificate/marksheet_12th_0117.jpg,marksheet_12th_0117.jpg,certificate,synthetic,original,e2c8cdbf9c07,train
certificate/marksheet_12th_0118.jpg,marksheet_12th_0118.jpg,certificate,synthetic,original,f261e64e6e2a,train
certificate/marksheet_12th_0119.jpg,marksheet_12th_0119.jpg,certificate,synthetic,original,8e24b5cdd411,train
certificate/marksheet_12th_0121.jpg,marksheet_12th_0121.jpg,certificate,synthetic,original,5a0d32577d32,train
certificate/marksheet_12th_0123.jpg,marksheet_12th_0123.jpg,certificate,synthetic,original,8da2d35f943a,train
certificate/marksheet_12th_0125.jpg,marksheet_12th_0125.jpg,certificate,synthetic,original,132a10f89857,train
certificate/marksheet_12th_0127.jpg,marksheet_12th_0127.jpg,certificate,synthetic,original,6f61e9bc9f20,train
certificate/marksheet_12th_0128.jpg,marksheet_12th_0128.jpg,certificate,synthetic,original,6fb12df6df77,train
certificate/marksheet_12th_0129.jpg,marksheet_12th_0129.jpg,certificate,synthetic,original,9c1ebd85f365,train
certificate/marksheet_12th_0130.jpg,marksheet_12th_0130.jpg,certificate,synthetic,original,3bbe65347130,train
certificate/marksheet_12th_0131.jpg,marksheet_12th_0131.jpg,certificate,synthetic,original,ae7777609b9c,train
certificate/marksheet_12th_0132.jpg,marksheet_12th_0132.jpg,certificate,synthetic,original,f4c48cfb5b8c,train
certificate/marksheet_12th_0134.jpg,marksheet_12th_0134.jpg,certificate,synthetic,original,2ba0a96ffa8b,train
certificate/marksheet_12th_0135.jpg,marksheet_12th_0135.jpg,certificate,synthetic,original,c6871dc1e220,train
certificate/marksheet_12th_0136.jpg,marksheet_12th_0136.jpg,certificate,synthetic,original,fe9dfdb0b3b1,train
certificate/marksheet_12th_0137.jpg,marksheet_12th_0137.jpg,certificate,synthetic,original,0d8434b7d199,train
certificate/marksheet_12th_0138.jpg,marksheet_12th_0138.jpg,certificate,synthetic,original,707576e4197d,train
certificate/marksheet_12th_0139.jpg,marksheet_12th_0139.jpg,certificate,synthetic,original,b8649b2457f5,train
certificate/marksheet_12th_0140.jpg,marksheet_12th_0140.jpg,certificate,synthetic,original,40110bdd5b5b,train
certificate/marksheet_12th_0141.jpg,marksheet_12th_0141.jpg,certificate,synthetic,original,01bf5d02535c,train
certificate/marksheet_12th_0142.jpg,marksheet_12th_0142.jpg,certificate,synthetic,original,cbc038775a54,train
certificate/marksheet_12th_0143.jpg,marksheet_12th_0143.jpg,certificate,synthetic,original,6ea71fc7ac5b,train
certificate/marksheet_12th_0145.jpg,marksheet_12th_0145.jpg,certificate,synthetic,original,7c854d13a39f,train
certificate/marksheet_12th_0146.jpg,marksheet_12th_0146.jpg,certificate,synthetic,original,5ee0c923b722,train
certificate/marksheet_12th_0148.jpg,marksheet_12th_0148.jpg,certificate,synthetic,original,03405fc02386,train
certificate/marksheet_12th_0149.jpg,marksheet_12th_0149.jpg,certificate,synthetic,original,40a3f55d7b6f,train
certificate/marksheet_12th_0150.jpg,marksheet_12th_0150.jpg,certificate,synthetic,original,2d0ab241366e,train
certificate/marksheet_12th_0151.jpg,marksheet_12th_0151.jpg,certificate,synthetic,original,b0e1cfcfc8be,train
certificate/marksheet_12th_0152.jpg,marksheet_12th_0152.jpg,certificate,synthetic,original,19c636e97a30,train
certificate/marksheet_12th_0155.jpg,marksheet_12th_0155.jpg,certificate,synthetic,original,fb89d1f795bf,train
certificate/marksheet_12th_0156.jpg,marksheet_12th_0156.jpg,certificate,synthetic,original,0ad9a1c9ae4c,train
certificate/marksheet_12th_0157.jpg,marksheet_12th_0157.jpg,certificate,synthetic,original,27477e83f170,train
certificate/marksheet_12th_0159.jpg,marksheet_12th_0159.jpg,certificate,synthetic,original,06a3d87c9078,train
certificate/marksheet_12th_0161.jpg,marksheet_12th_0161.jpg,certificate,synthetic,original,d7f570dab1f1,train
certificate/marksheet_12th_0165.jpg,marksheet_12th_0165.jpg,certificate,synthetic,original,dca79f3da91f,train
certificate/marksheet_12th_0166.jpg,marksheet_12th_0166.jpg,certificate,synthetic,original,8b3968df8ec0,train
certificate/marksheet_12th_0168.jpg,marksheet_12th_0168.jpg,certificate,synthetic,original,65ea1797083b,train
certificate/marksheet_12th_0169.jpg,marksheet_12th_0169.jpg,certificate,synthetic,original,cde80f9e0db2,train
certificate/marksheet_12th_0170.jpg,marksheet_12th_0170.jpg,certificate,synthetic,original,95df5cf1103e,train
certificate/marksheet_12th_0172.jpg,marksheet_12th_0172.jpg,certificate,synthetic,original,404b99f39326,train
certificate/marksheet_12th_0173.jpg,marksheet_12th_0173.jpg,certificate,synthetic,original,e89f56728e89,train
certificate/marksheet_12th_0174.jpg,marksheet_12th_0174.jpg,certificate,synthetic,original,cc452d90dcdf,train
certificate/marksheet_12th_0175.jpg,marksheet_12th_0175.jpg,certificate,synthetic,original,c0b5171b689b,train
certificate/marksheet_12th_0176.jpg,marksheet_12th_0176.jpg,certificate,synthetic,original,b0302babe562,train
certificate/marksheet_12th_0177.jpg,marksheet_12th_0177.jpg,certificate,synthetic,original,56a1392f709c,train
certificate/marksheet_12th_0178.jpg,marksheet_12th_0178.jpg,certificate,synthetic,original,d9ba09d5e283,train
certificate/marksheet_12th_0179.jpg,marksheet_12th_0179.jpg,certificate,synthetic,original,9981ae36d4e9,train
certificate/marksheet_12th_0180.jpg,marksheet_12th_0180.jpg,certificate,synthetic,original,c56a523acb67,train
certificate/marksheet_12th_0181.jpg,marksheet_12th_0181.jpg,certificate,synthetic,original,a9b3284d6961,train
certificate/marksheet_12th_0182.jpg,marksheet_12th_0182.jpg,certificate,synthetic,original,fec106f9ef35,train
certificate/marksheet_12th_0184.jpg,marksheet_12th_0184.jpg,certificate,synthetic,original,58130a7dce7e,train
certificate/marksheet_12th_0186.jpg,marksheet_12th_0186.jpg,certificate,synthetic,original,6df510b615f4,train
certificate/marksheet_12th_0187.jpg,marksheet_12th_0187.jpg,certificate,synthetic,original,624416b76801,train
certificate/marksheet_12th_0188.jpg,marksheet_12th_0188.jpg,certificate,synthetic,original,43196be22c65,train
certificate/marksheet_12th_0189.jpg,marksheet_12th_0189.jpg,certificate,synthetic,original,3213def2b6c9,train
certificate/marksheet_12th_0191.jpg,marksheet_12th_0191.jpg,certificate,synthetic,original,414763ce2f1c,train
certificate/marksheet_12th_0192.jpg,marksheet_12th_0192.jpg,certificate,synthetic,original,7bacb92b9066,train
certificate/marksheet_12th_0193.jpg,marksheet_12th_0193.jpg,certificate,synthetic,original,ad778963472a,train
certificate/marksheet_12th_0195.jpg,marksheet_12th_0195.jpg,certificate,synthetic,original,3c841b62ee54,train
certificate/marksheet_12th_0196.jpg,marksheet_12th_0196.jpg,certificate,synthetic,original,3e48a4709a90,train
certificate/marksheet_12th_0198.jpg,marksheet_12th_0198.jpg,certificate,synthetic,original,6457c48b2aeb,train
certificate/marksheet_12th_0199.jpg,marksheet_12th_0199.jpg,certificate,synthetic,original,8c67ae0c0ecd,train
certificate/degree_certificate_0001.jpg,degree_certificate_0001.jpg,certificate,synthetic,original,d0d2cb1668f3,val
certificate/degree_certificate_0004.jpg,degree_certificate_0004.jpg,certificate,synthetic,original,abe74d2202ad,val
certificate/degree_certificate_0012.jpg,degree_certificate_0012.jpg,certificate,synthetic,original,f7435d828588,val
certificate/degree_certificate_0013.jpg,degree_certificate_0013.jpg,certificate,synthetic,original,8efaf8d0b73c,val
certificate/degree_certificate_0014.jpg,degree_certificate_0014.jpg,certificate,synthetic,original,94dcbe9d693e,val
certificate/degree_certificate_0027.jpg,degree_certificate_0027.jpg,certificate,synthetic,original,9a90e91067fe,val
certificate/degree_certificate_0034.jpg,degree_certificate_0034.jpg,certificate,synthetic,original,7e3ee588b976,val
certificate/degree_certificate_0044.jpg,degree_certificate_0044.jpg,certificate,synthetic,original,c4183d036cbe,val
certificate/degree_certificate_0051.jpg,degree_certificate_0051.jpg,certificate,synthetic,original,eac762d73f7f,val
certificate/degree_certificate_0052.jpg,degree_certificate_0052.jpg,certificate,synthetic,original,cd487f930d5d,val
certificate/degree_certificate_0058.jpg,degree_certificate_0058.jpg,certificate,synthetic,original,6c4ce0fb0b84,val
certificate/degree_certificate_0061.jpg,degree_certificate_0061.jpg,certificate,synthetic,original,fad4649b2d38,val
certificate/degree_certificate_0062.jpg,degree_certificate_0062.jpg,certificate,synthetic,original,e0e8c8f161ef,val
certificate/degree_certificate_0064.jpg,degree_certificate_0064.jpg,certificate,synthetic,original,92bc7f5dec52,val
certificate/degree_certificate_0065.jpg,degree_certificate_0065.jpg,certificate,synthetic,original,090e3f85b319,val
certificate/degree_certificate_0080.jpg,degree_certificate_0080.jpg,certificate,synthetic,original,1921402dc7a9,val
certificate/degree_certificate_0091.jpg,degree_certificate_0091.jpg,certificate,synthetic,original,20e0b9ef50bc,val
certificate/degree_certificate_0098.jpg,degree_certificate_0098.jpg,certificate,synthetic,original,d8d863804e90,val
certificate/degree_certificate_0099.jpg,degree_certificate_0099.jpg,certificate,synthetic,original,42586fcda041,val
certificate/degree_certificate_0100.jpg,degree_certificate_0100.jpg,certificate,synthetic,original,d9710433a024,val
certificate/degree_certificate_0105.jpg,degree_certificate_0105.jpg,certificate,synthetic,original,002356e64966,val
certificate/degree_certificate_0107.jpg,degree_certificate_0107.jpg,certificate,synthetic,original,90701010e05f,val
certificate/degree_certificate_0120.jpg,degree_certificate_0120.jpg,certificate,synthetic,original,1caa34176617,val
certificate/degree_certificate_0128.jpg,degree_certificate_0128.jpg,certificate,synthetic,original,cb0621dcb17d,val
certificate/degree_certificate_0130.jpg,degree_certificate_0130.jpg,certificate,synthetic,original,38e47faca324,val
certificate/degree_certificate_0142.jpg,degree_certificate_0142.jpg,certificate,synthetic,original,2660ceb0b98a,val
certificate/degree_certificate_0169.jpg,degree_certificate_0169.jpg,certificate,synthetic,original,d19d2870016b,val
certificate/degree_certificate_0178.jpg,degree_certificate_0178.jpg,certificate,synthetic,original,256f4f8fa437,val
certificate/degree_certificate_0186.jpg,degree_certificate_0186.jpg,certificate,synthetic,original,a7fd99ba287c,val
certificate/marksheet_10th_0015.jpg,marksheet_10th_0015.jpg,certificate,synthetic,original,eb503940c909,val
certificate/marksheet_10th_0016.jpg,marksheet_10th_0016.jpg,certificate,synthetic,original,6474813abb4d,val
certificate/marksheet_10th_0026.jpg,marksheet_10th_0026.jpg,certificate,synthetic,original,57256a08cc70,val
certificate/marksheet_10th_0030.jpg,marksheet_10th_0030.jpg,certificate,synthetic,original,02b0c59adba2,val
certificate/marksheet_10th_0036.jpg,marksheet_10th_0036.jpg,certificate,synthetic,original,a894ea8d9ce3,val
certificate/marksheet_10th_0041.jpg,marksheet_10th_0041.jpg,certificate,synthetic,original,092662798585,val
certificate/marksheet_10th_0042.jpg,marksheet_10th_0042.jpg,certificate,synthetic,original,6903c81cd3db,val
certificate/marksheet_10th_0051.jpg,marksheet_10th_0051.jpg,certificate,synthetic,original,d69fb89827a4,val
certificate/marksheet_10th_0054.jpg,marksheet_10th_0054.jpg,certificate,synthetic,original,4b5f703d83a9,val
certificate/marksheet_10th_0056.jpg,marksheet_10th_0056.jpg,certificate,synthetic,original,d3359c145ea5,val
certificate/marksheet_10th_0058.jpg,marksheet_10th_0058.jpg,certificate,synthetic,original,a321f359b51c,val
certificate/marksheet_10th_0070.jpg,marksheet_10th_0070.jpg,certificate,synthetic,original,cbe65d6db8b2,val
certificate/marksheet_10th_0073.jpg,marksheet_10th_0073.jpg,certificate,synthetic,original,17323c91d463,val
certificate/marksheet_10th_0082.jpg,marksheet_10th_0082.jpg,certificate,synthetic,original,9fd4b66fb142,val
certificate/marksheet_10th_0088.jpg,marksheet_10th_0088.jpg,certificate,synthetic,original,cb8bf949eb36,val
certificate/marksheet_10th_0092.jpg,marksheet_10th_0092.jpg,certificate,synthetic,original,7388177f89e8,val
certificate/marksheet_10th_0108.jpg,marksheet_10th_0108.jpg,certificate,synthetic,original,dba12d070bd1,val
certificate/marksheet_10th_0113.jpg,marksheet_10th_0113.jpg,certificate,synthetic,original,384d5e416d5f,val
certificate/marksheet_10th_0126.jpg,marksheet_10th_0126.jpg,certificate,synthetic,original,0eb52a9d1121,val
certificate/marksheet_10th_0127.jpg,marksheet_10th_0127.jpg,certificate,synthetic,original,0e021f576848,val
certificate/marksheet_10th_0137.jpg,marksheet_10th_0137.jpg,certificate,synthetic,original,fba2bdc923d1,val
certificate/marksheet_10th_0145.jpg,marksheet_10th_0145.jpg,certificate,synthetic,original,7c0367168ef6,val
certificate/marksheet_10th_0147.jpg,marksheet_10th_0147.jpg,certificate,synthetic,original,f380cdfdd65e,val
certificate/marksheet_10th_0159.jpg,marksheet_10th_0159.jpg,certificate,synthetic,original,b5ac3ad5dd24,val
certificate/marksheet_10th_0166.jpg,marksheet_10th_0166.jpg,certificate,synthetic,original,af5255d819d7,val
certificate/marksheet_10th_0172.jpg,marksheet_10th_0172.jpg,certificate,synthetic,original,aae9ce678b0c,val
certificate/marksheet_10th_0176.jpg,marksheet_10th_0176.jpg,certificate,synthetic,original,a7d27d04cf1e,val
certificate/marksheet_10th_0185.jpg,marksheet_10th_0185.jpg,certificate,synthetic,original,35c45acdd6fe,val
certificate/marksheet_10th_0191.jpg,marksheet_10th_0191.jpg,certificate,synthetic,original,b63c81084f56,val
certificate/marksheet_10th_0192.jpg,marksheet_10th_0192.jpg,certificate,synthetic,original,709b3e9114d6,val
certificate/marksheet_12th_0001.jpg,marksheet_12th_0001.jpg,certificate,synthetic,original,1d50991908fc,val
certificate/marksheet_12th_0017.jpg,marksheet_12th_0017.jpg,certificate,synthetic,original,d1e6c499aece,val
certificate/marksheet_12th_0027.jpg,marksheet_12th_0027.jpg,certificate,synthetic,original,4cddef2087aa,val
certificate/marksheet_12th_0035.jpg,marksheet_12th_0035.jpg,certificate,synthetic,original,17ed31256752,val
certificate/marksheet_12th_0044.jpg,marksheet_12th_0044.jpg,certificate,synthetic,original,2f757dceb6ff,val
certificate/marksheet_12th_0054.jpg,marksheet_12th_0054.jpg,certificate,synthetic,original,be5d72f3a0d0,val
certificate/marksheet_12th_0055.jpg,marksheet_12th_0055.jpg,certificate,synthetic,original,2f2b142d5994,val
certificate/marksheet_12th_0056.jpg,marksheet_12th_0056.jpg,certificate,synthetic,original,857a2ea5306d,val
certificate/marksheet_12th_0059.jpg,marksheet_12th_0059.jpg,certificate,synthetic,original,7823720a742c,val
certificate/marksheet_12th_0060.jpg,marksheet_12th_0060.jpg,certificate,synthetic,original,d2159042f244,val
certificate/marksheet_12th_0071.jpg,marksheet_12th_0071.jpg,certificate,synthetic,original,064c4487966e,val
certificate/marksheet_12th_0084.jpg,marksheet_12th_0084.jpg,certificate,synthetic,original,b02a47ad8ffb,val
certificate/marksheet_12th_0092.jpg,marksheet_12th_0092.jpg,certificate,synthetic,original,3664fe6236b9,val
certificate/marksheet_12th_0096.jpg,marksheet_12th_0096.jpg,certificate,synthetic,original,f930099ff54e,val
certificate/marksheet_12th_0104.jpg,marksheet_12th_0104.jpg,certificate,synthetic,original,6a04e0220402,val
certificate/marksheet_12th_0105.jpg,marksheet_12th_0105.jpg,certificate,synthetic,original,8fa069e5da60,val
certificate/marksheet_12th_0107.jpg,marksheet_12th_0107.jpg,certificate,synthetic,original,10324dc15dd1,val
certificate/marksheet_12th_0108.jpg,marksheet_12th_0108.jpg,certificate,synthetic,original,7a9d7d6e2dac,val
certificate/marksheet_12th_0122.jpg,marksheet_12th_0122.jpg,certificate,synthetic,original,a59508b2347b,val
certificate/marksheet_12th_0124.jpg,marksheet_12th_0124.jpg,certificate,synthetic,original,854f087bf799,val
certificate/marksheet_12th_0126.jpg,marksheet_12th_0126.jpg,certificate,synthetic,original,584048587fb0,val
certificate/marksheet_12th_0133.jpg,marksheet_12th_0133.jpg,certificate,synthetic,original,7c7c3b93525a,val
certificate/marksheet_12th_0144.jpg,marksheet_12th_0144.jpg,certificate,synthetic,original,0e1a69f3bdb8,val
certificate/marksheet_12th_0147.jpg,marksheet_12th_0147.jpg,certificate,synthetic,original,7edd315a206f,val
certificate/marksheet_12th_0153.jpg,marksheet_12th_0153.jpg,certificate,synthetic,original,fbc920b8d7b2,val
certificate/marksheet_12th_0160.jpg,marksheet_12th_0160.jpg,certificate,synthetic,original,36fb829029e9,val
certificate/marksheet_12th_0163.jpg,marksheet_12th_0163.jpg,certificate,synthetic,original,3ec3db1ce81f,val
certificate/marksheet_12th_0167.jpg,marksheet_12th_0167.jpg,certificate,synthetic,original,0b7cbf61c25c,val
certificate/marksheet_12th_0171.jpg,marksheet_12th_0171.jpg,certificate,synthetic,original,abf993d09f82,val
certificate/marksheet_12th_0183.jpg,marksheet_12th_0183.jpg,certificate,synthetic,original,eb066ee072e6,val
certificate/marksheet_12th_0185.jpg,marksheet_12th_0185.jpg,certificate,synthetic,original,0f4e1819bc55,val
form/form_0000.jpg,form_0000.jpg,form,real,original,212949e72d8a,test
form/form_0006.jpg,form_0006.jpg,form,real,original,59f29db3fa2e,test
form/form_0007.jpg,form_0007.jpg,form,real,original,f1eaa34ca27d,test
form/form_0010.jpg,form_0010.jpg,form,real,original,ebb548e4d467,test
form/form_0014.jpg,form_0014.jpg,form,real,original,166802bbba9a,test
form/form_0022.jpg,form_0022.jpg,form,real,original,9e9275dccc5c,test
form/form_0024.jpg,form_0024.jpg,form,real,original,481c765cd7d6,test
form/form_0028.jpg,form_0028.jpg,form,real,original,39be371d61b8,test
form/form_0031.jpg,form_0031.jpg,form,real,original,632b467b39a4,test
form/form_0048.jpg,form_0048.jpg,form,real,original,d349b204ef1e,test
form/form_0050.jpg,form_0050.jpg,form,real,original,ef0604d474df,test
form/form_0054.jpg,form_0054.jpg,form,real,original,4ca721fb725f,test
form/form_0058.jpg,form_0058.jpg,form,real,original,59789220d054,test
form/form_0068.jpg,form_0068.jpg,form,real,original,8ef6cd5999a7,test
form/form_0074.jpg,form_0074.jpg,form,real,original,567308000cfa,test
form/form_0083.jpg,form_0083.jpg,form,real,original,3aede639b0a2,test
form/form_0084.jpg,form_0084.jpg,form,real,original,1b1eb57e7958,test
form/form_0086.jpg,form_0086.jpg,form,real,original,6e7cfc693141,test
form/form_0087.jpg,form_0087.jpg,form,real,original,5b2b015399e5,test
form/form_0094.jpg,form_0094.jpg,form,real,original,d981bb56fb43,test
form/form_0103.jpg,form_0103.jpg,form,real,original,1ec31102c97f,test
form/form_0105.jpg,form_0105.jpg,form,real,original,3943f4549776,test
form/form_0113.jpg,form_0113.jpg,form,real,original,c26656d285d3,test
form/form_0114.jpg,form_0114.jpg,form,real,original,c9f87911477b,test
form/form_0116.jpg,form_0116.jpg,form,real,original,28f40f5fcf86,test
form/form_0126.jpg,form_0126.jpg,form,real,original,450dd4c302cc,test
form/form_0127.jpg,form_0127.jpg,form,real,original,7a694bd23d1b,test
form/form_0132.jpg,form_0132.jpg,form,real,original,4a4b3369b1a7,test
form/form_0140.jpg,form_0140.jpg,form,real,original,4b3afb4c63a2,test
form/form_0150.jpg,form_0150.jpg,form,real,original,0ee58c4f494d,test
form/form_0157.jpg,form_0157.jpg,form,real,original,d6298d26e4ef,test
form/form_0160.jpg,form_0160.jpg,form,real,original,239cb03df654,test
form/form_0161.jpg,form_0161.jpg,form,real,original,2117f53adbfc,test
form/form_0164.jpg,form_0164.jpg,form,real,original,49b91d38efe2,test
form/form_0195.jpg,form_0195.jpg,form,real,original,a1a8740bc24b,test
form/form_0201.jpg,form_0201.jpg,form,real,original,d27dd3bc5d95,test
form/form_0209.jpg,form_0209.jpg,form,real,original,f9742267570c,test
form/form_0214.jpg,form_0214.jpg,form,real,original,483bf7bf7fb5,test
form/form_0221.jpg,form_0221.jpg,form,real,original,5d3085c97467,test
form/form_0224.jpg,form_0224.jpg,form,real,original,d68073da80bc,test
form/form_0225.jpg,form_0225.jpg,form,real,original,c13276ec591f,test
form/form_0227.jpg,form_0227.jpg,form,real,original,f47bd289cb29,test
form/form_0230.jpg,form_0230.jpg,form,real,original,51e807b06fd8,test
form/form_0238.jpg,form_0238.jpg,form,real,original,f9c28313cc54,test
form/form_0243.jpg,form_0243.jpg,form,real,original,804525f472e1,test
form/form_0253.jpg,form_0253.jpg,form,real,original,d0a7982ba3f3,test
form/form_0279.jpg,form_0279.jpg,form,real,original,c78983275c2e,test
form/form_0284.jpg,form_0284.jpg,form,real,original,efff652dc68a,test
form/form_0285.jpg,form_0285.jpg,form,real,original,350d086afc64,test
form/form_0287.jpg,form_0287.jpg,form,real,original,776018a3044c,test
form/form_0291.jpg,form_0291.jpg,form,real,original,e06fc77fe473,test
form/form_0295.jpg,form_0295.jpg,form,real,original,2f8d6f25f19f,test
form/form_0308.jpg,form_0308.jpg,form,real,original,fb4c8ba2b0fb,test
form/form_0312.jpg,form_0312.jpg,form,real,original,ab9e7e532e9f,test
form/form_0317.jpg,form_0317.jpg,form,real,original,6e39f671dd3e,test
form/form_0323.jpg,form_0323.jpg,form,real,original,91e537eaea9f,test
form/form_0326.jpg,form_0326.jpg,form,real,original,c1ff27780682,test
form/form_0341.jpg,form_0341.jpg,form,real,original,a8452d6b37d8,test
form/form_0348.jpg,form_0348.jpg,form,real,original,75967c3e46a4,test
form/form_0362.jpg,form_0362.jpg,form,real,original,8f3b2c9fc335,test
form/form_0363.jpg,form_0363.jpg,form,real,original,2d9d39d6c548,test
form/form_0379.jpg,form_0379.jpg,form,real,original,41be50d39b8e,test
form/form_0390.jpg,form_0390.jpg,form,real,original,947b2b104ad1,test
form/form_0410.jpg,form_0410.jpg,form,real,original,295c4663ca16,test
form/form_0421.jpg,form_0421.jpg,form,real,original,5f5af207e1ab,test
form/form_0430.jpg,form_0430.jpg,form,real,original,83952d39f697,test
form/form_0434.jpg,form_0434.jpg,form,real,original,c4f14e257f9a,test
form/form_0440.jpg,form_0440.jpg,form,real,original,a723ca36a6f9,test
form/form_0442.jpg,form_0442.jpg,form,real,original,6c8208531dbd,test
form/form_0447.jpg,form_0447.jpg,form,real,original,1b5be8301bef,test
form/form_0457.jpg,form_0457.jpg,form,real,original,a2aa0e99d88b,test
form/form_0459.jpg,form_0459.jpg,form,real,original,6e5744bd678e,test
form/form_0461.jpg,form_0461.jpg,form,real,original,0e20d98608a1,test
form/form_0470.jpg,form_0470.jpg,form,real,original,c477b866178a,test
form/form_0475.jpg,form_0475.jpg,form,real,original,da6929559a55,test
form/form_0499.jpg,form_0499.jpg,form,real,original,0df719a47e65,test
form/form_0500.jpg,form_0500.jpg,form,real,original,377da6ca9689,test
form/form_0513.jpg,form_0513.jpg,form,real,original,4a099f9352b7,test
form/form_0516.jpg,form_0516.jpg,form,real,original,2f3cd49b1937,test
form/form_0520.jpg,form_0520.jpg,form,real,original,10c90f1eae46,test
form/form_0521.jpg,form_0521.jpg,form,real,original,e82fb8aefd22,test
form/form_0522.jpg,form_0522.jpg,form,real,original,741d12ef3b4d,test
form/form_0551.jpg,form_0551.jpg,form,real,original,ffdf1083a89d,test
form/form_0560.jpg,form_0560.jpg,form,real,original,f2128f3d483b,test
form/form_0566.jpg,form_0566.jpg,form,real,original,c98166ce9560,test
form/form_0574.jpg,form_0574.jpg,form,real,original,464c54fbd042,test
form/form_0601.jpg,form_0601.jpg,form,real,original,8b017843d7cf,test
form/form_0603.jpg,form_0603.jpg,form,real,original,363486ecadd9,test
form/form_0622.jpg,form_0622.jpg,form,real,original,6eed1d362697,test
form/form_0628.jpg,form_0628.jpg,form,real,original,434b427fda7e,test
form/form_0636.jpg,form_0636.jpg,form,real,original,63dfa1ce545c,test
form/form_0639.jpg,form_0639.jpg,form,real,original,92c0e4ee9aae,test
form/form_0645.jpg,form_0645.jpg,form,real,original,f5c87c7039c3,test
form/form_0646.jpg,form_0646.jpg,form,real,original,7a7294c834c0,test
form/form_0647.jpg,form_0647.jpg,form,real,original,c7ba1432c591,test
form/form_0656.jpg,form_0656.jpg,form,real,original,31a4fc6c19cd,test
form/form_0658.jpg,form_0658.jpg,form,real,original,9ad26268f72a,test
form/form_0659.jpg,form_0659.jpg,form,real,original,e11d40c99ff4,test
form/form_0661.jpg,form_0661.jpg,form,real,original,2ebcdcc21a35,test
form/form_0665.jpg,form_0665.jpg,form,real,original,7ac2691d303e,test
form/form_0667.jpg,form_0667.jpg,form,real,original,05e7c7280f5b,test
form/form_0675.jpg,form_0675.jpg,form,real,original,ca51a5c760aa,test
form/form_0682.jpg,form_0682.jpg,form,real,original,8e5ed1b2868b,test
form/form_0689.jpg,form_0689.jpg,form,real,original,3ddaf0533776,test
form/form_0690.jpg,form_0690.jpg,form,real,original,cbcb8584b26a,test
form/form_0691.jpg,form_0691.jpg,form,real,original,0ee29cab91de,test
form/form_0701.jpg,form_0701.jpg,form,real,original,798aa7cc3dd0,test
form/form_0712.jpg,form_0712.jpg,form,real,original,a184e3bf72dc,test
form/form_0724.jpg,form_0724.jpg,form,real,original,78dd84ff449a,test
form/form_0725.jpg,form_0725.jpg,form,real,original,a5ea9c865784,test
form/form_0726.jpg,form_0726.jpg,form,real,original,8ffdcd9792e1,test
form/form_0731.jpg,form_0731.jpg,form,real,original,6c12bcde155f,test
form/form_0752.jpg,form_0752.jpg,form,real,original,9218546fc98e,test
form/form_0770.jpg,form_0770.jpg,form,real,original,db819d3c2404,test
form/form_0771.jpg,form_0771.jpg,form,real,original,71480cc59578,test
form/form_0774.jpg,form_0774.jpg,form,real,original,b15ad78e033a,test
form/form_0778.jpg,form_0778.jpg,form,real,original,dc078c86137d,test
form/form_0782.jpg,form_0782.jpg,form,real,original,3ebe8e34878c,test
form/form_0788.jpg,form_0788.jpg,form,real,original,37ce877c06ba,test
form/form_0795.jpg,form_0795.jpg,form,real,original,baec07a04010,test
form/form_modern/form_modern_0004.png,form_modern_0004.png,form,real,modern,98f0e31ab6ac,test
form/form_modern/form_modern_0007.png,form_modern_0007.png,form,real,modern,9e48f88e7540,test
form/form_modern/form_modern_0009.png,form_modern_0009.png,form,real,modern,7c9dc0a8faac,test
form/form_modern/form_modern_0013.png,form_modern_0013.png,form,real,modern,bcfbffa341be,test
form/form_modern/form_modern_0019.png,form_modern_0019.png,form,real,modern,acb498b44681,test
form/form_modern/form_modern_0027.png,form_modern_0027.png,form,real,modern,f426164afab3,test
form/form_modern/form_modern_0045.png,form_modern_0045.png,form,real,modern,ef4c560793fa,test
form/form_modern/form_modern_0046.png,form_modern_0046.png,form,real,modern,30335456b039,test
form/form_modern/form_modern_0053.png,form_modern_0053.png,form,real,modern,801892ac81c8,test
form/form_modern/form_modern_0079.png,form_modern_0079.png,form,real,modern,ed56632dc364,test
form/form_modern/form_modern_0090.png,form_modern_0090.png,form,real,modern,49594c329850,test
form/form_modern/form_modern_0118.png,form_modern_0118.png,form,real,modern,e64d0acd5e5a,test
form/form_modern/form_modern_0121.png,form_modern_0121.png,form,real,modern,ac12f8d1f89c,test
form/form_modern/form_modern_0131.png,form_modern_0131.png,form,real,modern,798b01adbfce,test
form/form_modern/form_modern_0133.png,form_modern_0133.png,form,real,modern,6322f6f1a010,test
form/form_modern/form_modern_0135.png,form_modern_0135.png,form,real,modern,1aa05bc4d8a5,test
form/form_modern/form_modern_0140.png,form_modern_0140.png,form,real,modern,95ddd370c15b,test
form/form_modern/form_modern_0142.png,form_modern_0142.png,form,real,modern,3dc08cc207cf,test
form/form_modern/form_modern_0143.png,form_modern_0143.png,form,real,modern,106a5a1c4aca,test
form/form_modern/form_modern_0144.png,form_modern_0144.png,form,real,modern,9e0c29f09227,test
form/form_modern/form_modern_0145.png,form_modern_0145.png,form,real,modern,3f4a7f8862f0,test
form/form_modern/form_modern_0147.png,form_modern_0147.png,form,real,modern,89929bb6fa9c,test
form/form_modern/form_modern_0155.png,form_modern_0155.png,form,real,modern,19e0b5c086f3,test
form/form_modern/form_modern_0159.png,form_modern_0159.png,form,real,modern,9ac52d819290,test
form/form_modern/form_modern_0163.png,form_modern_0163.png,form,real,modern,1c07cae1d416,test
form/form_modern/form_modern_0166.png,form_modern_0166.png,form,real,modern,f19c2c39e910,test
form/form_modern/form_modern_0167.png,form_modern_0167.png,form,real,modern,a134615a9605,test
form/form_modern/form_modern_0169.png,form_modern_0169.png,form,real,modern,0d355be61d00,test
form/form_modern/form_modern_0172.png,form_modern_0172.png,form,real,modern,d320d6d638eb,test
form/form_modern/form_modern_0176.png,form_modern_0176.png,form,real,modern,941e423f2110,test
form/form_modern/form_modern_0181.png,form_modern_0181.png,form,real,modern,f3235c078144,test
form/form_modern/form_modern_0190.png,form_modern_0190.png,form,real,modern,50eb9b2c92c5,test
form/form_modern/form_modern_0191.png,form_modern_0191.png,form,real,modern,a63b710b2fe8,test
form/form_modern/form_modern_0196.png,form_modern_0196.png,form,real,modern,58b465fa632a,test
form/form_modern/form_modern_0202.png,form_modern_0202.png,form,real,modern,6da235015e74,test
form/form_modern/form_modern_0211.png,form_modern_0211.png,form,real,modern,48335cbb4dc2,test
form/form_modern/form_modern_0212.png,form_modern_0212.png,form,real,modern,fab2df6d6fc2,test
form/form_modern/form_modern_0228.png,form_modern_0228.png,form,real,modern,c0fbb2ce394f,test
form/form_modern/form_modern_0232.png,form_modern_0232.png,form,real,modern,6ca3c601eb73,test
form/form_modern/form_modern_0238.png,form_modern_0238.png,form,real,modern,fda9d9d28d4d,test
form/form_modern/form_modern_0239.png,form_modern_0239.png,form,real,modern,833aaa01af8e,test
form/form_modern/form_modern_0241.png,form_modern_0241.png,form,real,modern,1f7a2ac3b7c4,test
form/form_modern/form_modern_0255.png,form_modern_0255.png,form,real,modern,1784f375c630,test
form/form_modern/form_modern_0285.png,form_modern_0285.png,form,real,modern,0fc587ce4e82,test
form/form_modern/form_modern_0288.png,form_modern_0288.png,form,real,modern,67489fab0a9d,test
form/form_modern/form_modern_0304.png,form_modern_0304.png,form,real,modern,02fc647b8236,test
form/form_modern/form_modern_0311.png,form_modern_0311.png,form,real,modern,5f510b07e1f0,test
form/form_modern/form_modern_0320.png,form_modern_0320.png,form,real,modern,5411585abb1b,test
form/form_modern/form_modern_0326.png,form_modern_0326.png,form,real,modern,f84228823e74,test
form/form_modern/form_modern_0329.png,form_modern_0329.png,form,real,modern,ecb47309f456,test
form/form_modern/form_modern_0338.png,form_modern_0338.png,form,real,modern,ef7a911399df,test
form/form_modern/form_modern_0341.png,form_modern_0341.png,form,real,modern,5d27a07cfbc3,test
form/form_modern/form_modern_0363.png,form_modern_0363.png,form,real,modern,c4649555b861,test
form/form_modern/form_modern_0386.png,form_modern_0386.png,form,real,modern,339815532214,test
form/form_modern/form_modern_0389.png,form_modern_0389.png,form,real,modern,0c29fa20fdc9,test
form/form_modern/form_modern_0395.png,form_modern_0395.png,form,real,modern,8557b1342e80,test
form/form_modern/form_modern_0398.png,form_modern_0398.png,form,real,modern,bd5e2c4f4692,test
form/form_modern/form_modern_0400.png,form_modern_0400.png,form,real,modern,5665cbeb205a,test
form/form_modern/form_modern_0402.png,form_modern_0402.png,form,real,modern,91ececd842b5,test
form/form_modern/form_modern_0406.png,form_modern_0406.png,form,real,modern,d8cb334efb47,test
form/form_modern/form_modern_0417.png,form_modern_0417.png,form,real,modern,14c37cf536f4,test
form/form_modern/form_modern_0421.png,form_modern_0421.png,form,real,modern,3413f0f22e67,test
form/form_modern/form_modern_0433.png,form_modern_0433.png,form,real,modern,7e822298e3f2,test
form/form_modern/form_modern_0435.png,form_modern_0435.png,form,real,modern,86f7ce62b1b7,test
form/form_modern/form_modern_0437.png,form_modern_0437.png,form,real,modern,c62ae20ba040,test
form/form_modern/form_modern_0441.png,form_modern_0441.png,form,real,modern,3aa8482fe39e,test
form/form_modern/form_modern_0446.png,form_modern_0446.png,form,real,modern,27d7215d4e20,test
form/form_modern/form_modern_0447.png,form_modern_0447.png,form,real,modern,233850c4bb21,test
form/form_0001.jpg,form_0001.jpg,form,real,original,4d1d04bd077b,train
form/form_0002.jpg,form_0002.jpg,form,real,original,e219b47739d8,train
form/form_0003.jpg,form_0003.jpg,form,real,original,d7b600ee2737,train
form/form_0004.jpg,form_0004.jpg,form,real,original,4cfe5a9674db,train
form/form_0005.jpg,form_0005.jpg,form,real,original,5994bc1c280d,train
form/form_0008.jpg,form_0008.jpg,form,real,original,cffa8eff6646,train
form/form_0009.jpg,form_0009.jpg,form,real,original,63b1461f5b43,train
form/form_0011.jpg,form_0011.jpg,form,real,original,0b8d6f5bdb94,train
form/form_0012.jpg,form_0012.jpg,form,real,original,ecac5d1f833d,train
form/form_0013.jpg,form_0013.jpg,form,real,original,decad5411d8b,train
form/form_0015.jpg,form_0015.jpg,form,real,original,6f00773e5d41,train
form/form_0016.jpg,form_0016.jpg,form,real,original,110325af6d2e,train
form/form_0019.jpg,form_0019.jpg,form,real,original,fd52bff6579b,train
form/form_0020.jpg,form_0020.jpg,form,real,original,553757afc692,train
form/form_0021.jpg,form_0021.jpg,form,real,original,b64eb1b78da7,train
form/form_0023.jpg,form_0023.jpg,form,real,original,7af9c2d20ed2,train
form/form_0025.jpg,form_0025.jpg,form,real,original,6c6e5b5abaaa,train
form/form_0026.jpg,form_0026.jpg,form,real,original,b22ceff68083,train
form/form_0027.jpg,form_0027.jpg,form,real,original,2168b07d3851,train
form/form_0029.jpg,form_0029.jpg,form,real,original,ac21610d0382,train
form/form_0030.jpg,form_0030.jpg,form,real,original,cb149cf4f249,train
form/form_0032.jpg,form_0032.jpg,form,real,original,0beda2024932,train
form/form_0033.jpg,form_0033.jpg,form,real,original,c990be22c7a0,train
form/form_0034.jpg,form_0034.jpg,form,real,original,91a6ecea03af,train
form/form_0035.jpg,form_0035.jpg,form,real,original,7c3414d443f0,train
form/form_0036.jpg,form_0036.jpg,form,real,original,634b90d6997f,train
form/form_0037.jpg,form_0037.jpg,form,real,original,a1b4007df74a,train
form/form_0039.jpg,form_0039.jpg,form,real,original,a2863197813b,train
form/form_0040.jpg,form_0040.jpg,form,real,original,bdd972c6bcb2,train
form/form_0041.jpg,form_0041.jpg,form,real,original,8dfee763ab75,train
form/form_0042.jpg,form_0042.jpg,form,real,original,412aecb1db02,train
form/form_0043.jpg,form_0043.jpg,form,real,original,365a683e3942,train
form/form_0044.jpg,form_0044.jpg,form,real,original,3f29395aceaa,train
form/form_0045.jpg,form_0045.jpg,form,real,original,75e911731169,train
form/form_0047.jpg,form_0047.jpg,form,real,original,421c1e3b29eb,train
form/form_0049.jpg,form_0049.jpg,form,real,original,9901d4db0847,train
form/form_0051.jpg,form_0051.jpg,form,real,original,58b0d8b54a77,train
form/form_0055.jpg,form_0055.jpg,form,real,original,eac8932e0414,train
form/form_0056.jpg,form_0056.jpg,form,real,original,b1575760b288,train
form/form_0057.jpg,form_0057.jpg,form,real,original,f399dffa444e,train
form/form_0059.jpg,form_0059.jpg,form,real,original,183be9a40518,train
form/form_0060.jpg,form_0060.jpg,form,real,original,2630e263427f,train
form/form_0061.jpg,form_0061.jpg,form,real,original,78cd6f33a61c,train
form/form_0063.jpg,form_0063.jpg,form,real,original,0da06d988056,train
form/form_0064.jpg,form_0064.jpg,form,real,original,8790552e58d6,train
form/form_0065.jpg,form_0065.jpg,form,real,original,583da77f502f,train
form/form_0066.jpg,form_0066.jpg,form,real,original,106c5a1525c3,train
form/form_0067.jpg,form_0067.jpg,form,real,original,abb15e516684,train
form/form_0069.jpg,form_0069.jpg,form,real,original,e22d5a9e7ffc,train
form/form_0070.jpg,form_0070.jpg,form,real,original,d27710d014b4,train
form/form_0071.jpg,form_0071.jpg,form,real,original,e3143bb495ee,train
form/form_0072.jpg,form_0072.jpg,form,real,original,0d143721b650,train
form/form_0073.jpg,form_0073.jpg,form,real,original,700586aae8aa,train
form/form_0075.jpg,form_0075.jpg,form,real,original,b767ebf37933,train
form/form_0076.jpg,form_0076.jpg,form,real,original,98f909b14587,train
form/form_0078.jpg,form_0078.jpg,form,real,original,de8085a0ecc3,train
form/form_0079.jpg,form_0079.jpg,form,real,original,a124ce98838e,train
form/form_0080.jpg,form_0080.jpg,form,real,original,1287bf144329,train
form/form_0082.jpg,form_0082.jpg,form,real,original,c6170af1d900,train
form/form_0085.jpg,form_0085.jpg,form,real,original,5e7e16ade056,train
form/form_0088.jpg,form_0088.jpg,form,real,original,9d6f5f4827c4,train
form/form_0089.jpg,form_0089.jpg,form,real,original,f337ae1368d4,train
form/form_0090.jpg,form_0090.jpg,form,real,original,a8998d7755d5,train
form/form_0091.jpg,form_0091.jpg,form,real,original,6d96755af611,train
form/form_0092.jpg,form_0092.jpg,form,real,original,13586edcacba,train
form/form_0093.jpg,form_0093.jpg,form,real,original,1b231448c8ed,train
form/form_0097.jpg,form_0097.jpg,form,real,original,e350097f0618,train
form/form_0098.jpg,form_0098.jpg,form,real,original,fcfff085a500,train
form/form_0099.jpg,form_0099.jpg,form,real,original,f7a6023f57f2,train
form/form_0100.jpg,form_0100.jpg,form,real,original,2d99616eabce,train
form/form_0101.jpg,form_0101.jpg,form,real,original,92b6a51ba446,train
form/form_0102.jpg,form_0102.jpg,form,real,original,cfabb6ffac08,train
form/form_0104.jpg,form_0104.jpg,form,real,original,29651613266b,train
form/form_0106.jpg,form_0106.jpg,form,real,original,1ba7ada27e1e,train
form/form_0107.jpg,form_0107.jpg,form,real,original,ed470f210464,train
form/form_0108.jpg,form_0108.jpg,form,real,original,718eb43a3c2a,train
form/form_0109.jpg,form_0109.jpg,form,real,original,9faf03b8b9ee,train
form/form_0110.jpg,form_0110.jpg,form,real,original,407218baf838,train
form/form_0111.jpg,form_0111.jpg,form,real,original,ef3d94ad1dad,train
form/form_0115.jpg,form_0115.jpg,form,real,original,c02d8db516d0,train
form/form_0120.jpg,form_0120.jpg,form,real,original,f70bad2f20b8,train
form/form_0121.jpg,form_0121.jpg,form,real,original,86a9b0b223e9,train
form/form_0122.jpg,form_0122.jpg,form,real,original,ae45c6ac9fdc,train
form/form_0123.jpg,form_0123.jpg,form,real,original,34f5ab18ef05,train
form/form_0124.jpg,form_0124.jpg,form,real,original,7f9e0c106e5c,train
form/form_0125.jpg,form_0125.jpg,form,real,original,9bafc88dab89,train
form/form_0128.jpg,form_0128.jpg,form,real,original,f6f3d7a96cb5,train
form/form_0130.jpg,form_0130.jpg,form,real,original,d550a4b03b5e,train
form/form_0131.jpg,form_0131.jpg,form,real,original,ec753906f7cc,train
form/form_0134.jpg,form_0134.jpg,form,real,original,d38165a49e6d,train
form/form_0135.jpg,form_0135.jpg,form,real,original,eb3342e043f2,train
form/form_0137.jpg,form_0137.jpg,form,real,original,9aaa8cf33cbd,train
form/form_0138.jpg,form_0138.jpg,form,real,original,3b05384076b1,train
form/form_0139.jpg,form_0139.jpg,form,real,original,9193b5176ccb,train
form/form_0141.jpg,form_0141.jpg,form,real,original,ff849e4d0cc4,train
form/form_0145.jpg,form_0145.jpg,form,real,original,7e03809e731b,train
form/form_0148.jpg,form_0148.jpg,form,real,original,4503d580012d,train
form/form_0149.jpg,form_0149.jpg,form,real,original,2a047132e0c6,train
form/form_0151.jpg,form_0151.jpg,form,real,original,f78094485066,train
form/form_0152.jpg,form_0152.jpg,form,real,original,3a2cca81688d,train
form/form_0153.jpg,form_0153.jpg,form,real,original,a54e0e1f3d98,train
form/form_0154.jpg,form_0154.jpg,form,real,original,24f3ffd1a33f,train
form/form_0159.jpg,form_0159.jpg,form,real,original,0c2501fa4e1e,train
form/form_0162.jpg,form_0162.jpg,form,real,original,047bc0d429a1,train
form/form_0163.jpg,form_0163.jpg,form,real,original,3f4a5a4e7e04,train
form/form_0165.jpg,form_0165.jpg,form,real,original,ed06da1c7b2a,train
form/form_0166.jpg,form_0166.jpg,form,real,original,2fa6cda4f214,train
form/form_0167.jpg,form_0167.jpg,form,real,original,2bdbb7a68572,train
form/form_0168.jpg,form_0168.jpg,form,real,original,f2cda974022f,train
form/form_0169.jpg,form_0169.jpg,form,real,original,5e0a79fc7eff,train
form/form_0170.jpg,form_0170.jpg,form,real,original,305b1eda358d,train
form/form_0171.jpg,form_0171.jpg,form,real,original,2e2addce614f,train
form/form_0172.jpg,form_0172.jpg,form,real,original,4ebc8405c389,train
form/form_0173.jpg,form_0173.jpg,form,real,original,74d53ac9d01c,train
form/form_0175.jpg,form_0175.jpg,form,real,original,ef4f1390ea3d,train
form/form_0180.jpg,form_0180.jpg,form,real,original,799e4a195f5a,train
form/form_0182.jpg,form_0182.jpg,form,real,original,ddf15e0e8e11,train
form/form_0183.jpg,form_0183.jpg,form,real,original,d46ee5e7bb08,train
form/form_0184.jpg,form_0184.jpg,form,real,original,bcc7e12614ab,train
form/form_0185.jpg,form_0185.jpg,form,real,original,6996679e592a,train
form/form_0186.jpg,form_0186.jpg,form,real,original,a1368a31cbd5,train
form/form_0187.jpg,form_0187.jpg,form,real,original,137d20f9dd6e,train
form/form_0188.jpg,form_0188.jpg,form,real,original,2bd464c27ded,train
form/form_0189.jpg,form_0189.jpg,form,real,original,5c8153a4afe7,train
form/form_0190.jpg,form_0190.jpg,form,real,original,028636648808,train
form/form_0191.jpg,form_0191.jpg,form,real,original,1655c7799c5e,train
form/form_0192.jpg,form_0192.jpg,form,real,original,b7a6818c2fcd,train
form/form_0194.jpg,form_0194.jpg,form,real,original,64c4e5f07c43,train
form/form_0196.jpg,form_0196.jpg,form,real,original,9f449aa38d98,train
form/form_0198.jpg,form_0198.jpg,form,real,original,70a75514550c,train
form/form_0199.jpg,form_0199.jpg,form,real,original,84f8cabb9f30,train
form/form_0200.jpg,form_0200.jpg,form,real,original,8f7b8a95c38a,train
form/form_0202.jpg,form_0202.jpg,form,real,original,47b4e9bade93,train
form/form_0203.jpg,form_0203.jpg,form,real,original,e9ad4facf29b,train
form/form_0204.jpg,form_0204.jpg,form,real,original,c4b3764cf4c4,train
form/form_0205.jpg,form_0205.jpg,form,real,original,48d7f11c1b85,train
form/form_0206.jpg,form_0206.jpg,form,real,original,3259aa0a2bbb,train
form/form_0207.jpg,form_0207.jpg,form,real,original,38e88e963f86,train
form/form_0210.jpg,form_0210.jpg,form,real,original,ca94bd98f6d6,train
form/form_0211.jpg,form_0211.jpg,form,real,original,036ab2e1b984,train
form/form_0212.jpg,form_0212.jpg,form,real,original,c42c0eb28b9e,train
form/form_0213.jpg,form_0213.jpg,form,real,original,e6d1e86190af,train
form/form_0216.jpg,form_0216.jpg,form,real,original,9170408385f8,train
form/form_0218.jpg,form_0218.jpg,form,real,original,bb4f6ba672d4,train
form/form_0219.jpg,form_0219.jpg,form,real,original,ae82ed88b802,train
form/form_0220.jpg,form_0220.jpg,form,real,original,80f63e26775f,train
form/form_0222.jpg,form_0222.jpg,form,real,original,df030b5dc00e,train
form/form_0223.jpg,form_0223.jpg,form,real,original,432945a5621c,train
form/form_0226.jpg,form_0226.jpg,form,real,original,af9e111b04ca,train
form/form_0229.jpg,form_0229.jpg,form,real,original,ce4b60dd56ce,train
form/form_0231.jpg,form_0231.jpg,form,real,original,a8270948da4e,train
form/form_0232.jpg,form_0232.jpg,form,real,original,9c1762c52a28,train
form/form_0233.jpg,form_0233.jpg,form,real,original,a5457056b469,train
form/form_0234.jpg,form_0234.jpg,form,real,original,f16a63227f15,train
form/form_0235.jpg,form_0235.jpg,form,real,original,29283764ac9f,train
form/form_0237.jpg,form_0237.jpg,form,real,original,91cd55a62e36,train
form/form_0239.jpg,form_0239.jpg,form,real,original,8e40523d8411,train
form/form_0240.jpg,form_0240.jpg,form,real,original,0799010d328f,train
form/form_0241.jpg,form_0241.jpg,form,real,original,ee06a6458928,train
form/form_0242.jpg,form_0242.jpg,form,real,original,6fa061a325ae,train
form/form_0244.jpg,form_0244.jpg,form,real,original,b9a5e2d8e292,train
form/form_0245.jpg,form_0245.jpg,form,real,original,42901d84587a,train
form/form_0246.jpg,form_0246.jpg,form,real,original,9ee707ef77e4,train
form/form_0247.jpg,form_0247.jpg,form,real,original,190f2c897968,train
form/form_0248.jpg,form_0248.jpg,form,real,original,05c4e268e3d4,train
form/form_0249.jpg,form_0249.jpg,form,real,original,273c25658c48,train
form/form_0250.jpg,form_0250.jpg,form,real,original,f8598557776b,train
form/form_0251.jpg,form_0251.jpg,form,real,original,707c671e1f8b,train
form/form_0252.jpg,form_0252.jpg,form,real,original,14c9b5afe244,train
form/form_0254.jpg,form_0254.jpg,form,real,original,f79809f09f63,train
form/form_0256.jpg,form_0256.jpg,form,real,original,0e0a8f578ea1,train
form/form_0257.jpg,form_0257.jpg,form,real,original,26d6369f160e,train
form/form_0258.jpg,form_0258.jpg,form,real,original,2d87cdc6799b,train
form/form_0259.jpg,form_0259.jpg,form,real,original,644e20a920b4,train
form/form_0261.jpg,form_0261.jpg,form,real,original,c1de890bfa87,train
form/form_0262.jpg,form_0262.jpg,form,real,original,88758c806715,train
form/form_0264.jpg,form_0264.jpg,form,real,original,1b40477b48b7,train
form/form_0265.jpg,form_0265.jpg,form,real,original,4c68a6bd852e,train
form/form_0266.jpg,form_0266.jpg,form,real,original,5273e0ee18ae,train
form/form_0267.jpg,form_0267.jpg,form,real,original,05f658a687b0,train
form/form_0268.jpg,form_0268.jpg,form,real,original,bc26c9defe09,train
form/form_0269.jpg,form_0269.jpg,form,real,original,b194f38cb45a,train
form/form_0270.jpg,form_0270.jpg,form,real,original,572cdaf5d6ff,train
form/form_0271.jpg,form_0271.jpg,form,real,original,ce23b6f81e6e,train
form/form_0272.jpg,form_0272.jpg,form,real,original,4effdcaf4d31,train
form/form_0273.jpg,form_0273.jpg,form,real,original,b304a4880faa,train
form/form_0274.jpg,form_0274.jpg,form,real,original,052b39a03298,train
form/form_0275.jpg,form_0275.jpg,form,real,original,3e22307f85a1,train
form/form_0276.jpg,form_0276.jpg,form,real,original,48ba006df9fe,train
form/form_0277.jpg,form_0277.jpg,form,real,original,1bc5818a59b2,train
form/form_0278.jpg,form_0278.jpg,form,real,original,e843e96da711,train
form/form_0281.jpg,form_0281.jpg,form,real,original,2e811fbd673a,train
form/form_0283.jpg,form_0283.jpg,form,real,original,ec4024a4a1f4,train
form/form_0286.jpg,form_0286.jpg,form,real,original,3a668791e7a1,train
form/form_0289.jpg,form_0289.jpg,form,real,original,7bcf6bb576aa,train
form/form_0290.jpg,form_0290.jpg,form,real,original,6358fb7b9762,train
form/form_0292.jpg,form_0292.jpg,form,real,original,fc008aab27f5,train
form/form_0293.jpg,form_0293.jpg,form,real,original,6bf78d28c4ea,train
form/form_0294.jpg,form_0294.jpg,form,real,original,569317df968c,train
form/form_0297.jpg,form_0297.jpg,form,real,original,693e2f070d06,train
form/form_0298.jpg,form_0298.jpg,form,real,original,4494f09c87b9,train
form/form_0299.jpg,form_0299.jpg,form,real,original,3167aa950468,train
form/form_0300.jpg,form_0300.jpg,form,real,original,616cdd62e99f,train
form/form_0302.jpg,form_0302.jpg,form,real,original,a95ce35a684a,train
form/form_0303.jpg,form_0303.jpg,form,real,original,a7800dda0417,train
form/form_0305.jpg,form_0305.jpg,form,real,original,fdcc3967c98a,train
form/form_0306.jpg,form_0306.jpg,form,real,original,754e14651f25,train
form/form_0307.jpg,form_0307.jpg,form,real,original,6762a68b3ac0,train
form/form_0309.jpg,form_0309.jpg,form,real,original,61e0a0695316,train
form/form_0310.jpg,form_0310.jpg,form,real,original,899378c03351,train
form/form_0311.jpg,form_0311.jpg,form,real,original,f9755a184304,train
form/form_0313.jpg,form_0313.jpg,form,real,original,2610a579803e,train
form/form_0314.jpg,form_0314.jpg,form,real,original,2208d0c8219b,train
form/form_0315.jpg,form_0315.jpg,form,real,original,e1f0dbf8f493,train
form/form_0316.jpg,form_0316.jpg,form,real,original,718ffed74935,train
form/form_0318.jpg,form_0318.jpg,form,real,original,31ce270ce509,train
form/form_0319.jpg,form_0319.jpg,form,real,original,f91e5dcbe584,train
form/form_0320.jpg,form_0320.jpg,form,real,original,2b256f559c97,train
form/form_0321.jpg,form_0321.jpg,form,real,original,de504262d889,train
form/form_0322.jpg,form_0322.jpg,form,real,original,4b6ecad70cfc,train
form/form_0324.jpg,form_0324.jpg,form,real,original,3ea2d78ceb08,train
form/form_0325.jpg,form_0325.jpg,form,real,original,73aa5bc3ec3b,train
form/form_0328.jpg,form_0328.jpg,form,real,original,1f1ba9c3fc96,train
form/form_0330.jpg,form_0330.jpg,form,real,original,65b31965563e,train
form/form_0331.jpg,form_0331.jpg,form,real,original,161a51cdfafe,train
form/form_0332.jpg,form_0332.jpg,form,real,original,d9ae88798a67,train
form/form_0333.jpg,form_0333.jpg,form,real,original,8452783e1322,train
form/form_0334.jpg,form_0334.jpg,form,real,original,8c253ae6562a,train
form/form_0335.jpg,form_0335.jpg,form,real,original,ac9387bd396a,train
form/form_0336.jpg,form_0336.jpg,form,real,original,18863a2002a4,train
form/form_0337.jpg,form_0337.jpg,form,real,original,fb53af3be46e,train
form/form_0338.jpg,form_0338.jpg,form,real,original,826182b442d5,train
form/form_0339.jpg,form_0339.jpg,form,real,original,b54fe1813469,train
form/form_0340.jpg,form_0340.jpg,form,real,original,9bdeaf0a5910,train
form/form_0342.jpg,form_0342.jpg,form,real,original,f85ab0e0702d,train
form/form_0343.jpg,form_0343.jpg,form,real,original,f17ab716a176,train
form/form_0344.jpg,form_0344.jpg,form,real,original,0a888299589b,train
form/form_0347.jpg,form_0347.jpg,form,real,original,4f7617fdf9b8,train
form/form_0349.jpg,form_0349.jpg,form,real,original,c26739e3af22,train
form/form_0350.jpg,form_0350.jpg,form,real,original,3f853e8570b4,train
form/form_0351.jpg,form_0351.jpg,form,real,original,60633fc02191,train
form/form_0352.jpg,form_0352.jpg,form,real,original,5232c61d2206,train
form/form_0353.jpg,form_0353.jpg,form,real,original,20d2887fcc37,train
form/form_0354.jpg,form_0354.jpg,form,real,original,2e4cfa9e35fa,train
form/form_0356.jpg,form_0356.jpg,form,real,original,05e734388919,train
form/form_0357.jpg,form_0357.jpg,form,real,original,611f94011f4b,train
form/form_0361.jpg,form_0361.jpg,form,real,original,5325e9226c0a,train
form/form_0364.jpg,form_0364.jpg,form,real,original,b9fe2593ad74,train
form/form_0365.jpg,form_0365.jpg,form,real,original,ef57ce5c6008,train
form/form_0366.jpg,form_0366.jpg,form,real,original,8b3071faf203,train
form/form_0367.jpg,form_0367.jpg,form,real,original,0b54b5598f7e,train
form/form_0368.jpg,form_0368.jpg,form,real,original,58865e1eb5cc,train
form/form_0369.jpg,form_0369.jpg,form,real,original,fd042efec2d8,train
form/form_0371.jpg,form_0371.jpg,form,real,original,b4f74654845b,train
form/form_0372.jpg,form_0372.jpg,form,real,original,673454f22fa9,train
form/form_0373.jpg,form_0373.jpg,form,real,original,6c6fa5eacbc0,train
form/form_0374.jpg,form_0374.jpg,form,real,original,86b51b836768,train
form/form_0375.jpg,form_0375.jpg,form,real,original,58aa01e7ca42,train
form/form_0376.jpg,form_0376.jpg,form,real,original,5681fdf869ad,train
form/form_0378.jpg,form_0378.jpg,form,real,original,56e9699af332,train
form/form_0381.jpg,form_0381.jpg,form,real,original,9728f22c7202,train
form/form_0382.jpg,form_0382.jpg,form,real,original,f275ee95858c,train
form/form_0383.jpg,form_0383.jpg,form,real,original,74cc0d59bf38,train
form/form_0384.jpg,form_0384.jpg,form,real,original,527dc99a0636,train
form/form_0386.jpg,form_0386.jpg,form,real,original,654963884986,train
form/form_0387.jpg,form_0387.jpg,form,real,original,290976696d00,train
form/form_0388.jpg,form_0388.jpg,form,real,original,599d796c6dd8,train
form/form_0389.jpg,form_0389.jpg,form,real,original,83dff987a1fd,train
form/form_0391.jpg,form_0391.jpg,form,real,original,9658e2974487,train
form/form_0392.jpg,form_0392.jpg,form,real,original,76cf030ab348,train
form/form_0393.jpg,form_0393.jpg,form,real,original,35ec47f4d370,train
form/form_0394.jpg,form_0394.jpg,form,real,original,5954b2aee5ae,train
form/form_0396.jpg,form_0396.jpg,form,real,original,89ba1d866afe,train
form/form_0397.jpg,form_0397.jpg,form,real,original,2fd848f8c2df,train
form/form_0398.jpg,form_0398.jpg,form,real,original,6a385cc010cb,train
form/form_0399.jpg,form_0399.jpg,form,real,original,865a0951c645,train
form/form_0400.jpg,form_0400.jpg,form,real,original,6d9b04162a0e,train
form/form_0401.jpg,form_0401.jpg,form,real,original,82f9a270d7d4,train
form/form_0402.jpg,form_0402.jpg,form,real,original,900d29d56dbf,train
form/form_0403.jpg,form_0403.jpg,form,real,original,82a7835677b3,train
form/form_0405.jpg,form_0405.jpg,form,real,original,e0d870461015,train
form/form_0407.jpg,form_0407.jpg,form,real,original,27b08735e2d5,train
form/form_0408.jpg,form_0408.jpg,form,real,original,1f88bad26389,train
form/form_0409.jpg,form_0409.jpg,form,real,original,a57af2ca86db,train
form/form_0411.jpg,form_0411.jpg,form,real,original,354563c4bc81,train
form/form_0412.jpg,form_0412.jpg,form,real,original,2b9eae6eb861,train
form/form_0413.jpg,form_0413.jpg,form,real,original,bff6b57ba22e,train
form/form_0414.jpg,form_0414.jpg,form,real,original,eba36ad19c73,train
form/form_0415.jpg,form_0415.jpg,form,real,original,02985059ef8f,train
form/form_0416.jpg,form_0416.jpg,form,real,original,b74be80fd0d6,train
form/form_0418.jpg,form_0418.jpg,form,real,original,081763cb2cdf,train
form/form_0420.jpg,form_0420.jpg,form,real,original,2a83e5138e52,train
form/form_0422.jpg,form_0422.jpg,form,real,original,9ede3fa6c415,train
form/form_0424.jpg,form_0424.jpg,form,real,original,73e168be623d,train
form/form_0425.jpg,form_0425.jpg,form,real,original,6c94f943e991,train
form/form_0426.jpg,form_0426.jpg,form,real,original,941f4ddad96a,train
form/form_0427.jpg,form_0427.jpg,form,real,original,4d01eb7ffd50,train
form/form_0429.jpg,form_0429.jpg,form,real,original,687561cdc715,train
form/form_0431.jpg,form_0431.jpg,form,real,original,ec2cc3edf40d,train
form/form_0432.jpg,form_0432.jpg,form,real,original,e26944464dfb,train
form/form_0433.jpg,form_0433.jpg,form,real,original,d67c736e0d84,train
form/form_0436.jpg,form_0436.jpg,form,real,original,28db0c9775bd,train
form/form_0437.jpg,form_0437.jpg,form,real,original,1907496c474e,train
form/form_0438.jpg,form_0438.jpg,form,real,original,0979b6bd5ef1,train
form/form_0439.jpg,form_0439.jpg,form,real,original,81a6a165871d,train
form/form_0441.jpg,form_0441.jpg,form,real,original,c6210134e12a,train
form/form_0443.jpg,form_0443.jpg,form,real,original,ed36c8ea5af4,train
form/form_0444.jpg,form_0444.jpg,form,real,original,157823a0ddfd,train
form/form_0445.jpg,form_0445.jpg,form,real,original,9d9cfb2cc62f,train
form/form_0446.jpg,form_0446.jpg,form,real,original,f18e7ede1d92,train
form/form_0448.jpg,form_0448.jpg,form,real,original,cd857232832e,train
form/form_0449.jpg,form_0449.jpg,form,real,original,0a8932359938,train
form/form_0450.jpg,form_0450.jpg,form,real,original,c84bf2382196,train
form/form_0452.jpg,form_0452.jpg,form,real,original,0253380591c4,train
form/form_0453.jpg,form_0453.jpg,form,real,original,f657aa50cb8f,train
form/form_0454.jpg,form_0454.jpg,form,real,original,0bb35ca3469c,train
form/form_0455.jpg,form_0455.jpg,form,real,original,d5303e35f177,train
form/form_0456.jpg,form_0456.jpg,form,real,original,bb1381329574,train
form/form_0458.jpg,form_0458.jpg,form,real,original,724bfbb26904,train
form/form_0460.jpg,form_0460.jpg,form,real,original,024746d6b162,train
form/form_0462.jpg,form_0462.jpg,form,real,original,eeef2eeb8b33,train
form/form_0463.jpg,form_0463.jpg,form,real,original,b8c0abe557bf,train
form/form_0464.jpg,form_0464.jpg,form,real,original,bfe2539ca2e2,train
form/form_0465.jpg,form_0465.jpg,form,real,original,5914e4f3f3e1,train
form/form_0466.jpg,form_0466.jpg,form,real,original,763621e31feb,train
form/form_0467.jpg,form_0467.jpg,form,real,original,24b6e28f4614,train
form/form_0469.jpg,form_0469.jpg,form,real,original,9972975766d7,train
form/form_0471.jpg,form_0471.jpg,form,real,original,6256b1843bd4,train
form/form_0472.jpg,form_0472.jpg,form,real,original,e63a74ff7321,train
form/form_0473.jpg,form_0473.jpg,form,real,original,19c3dc1ef3a6,train
form/form_0478.jpg,form_0478.jpg,form,real,original,a8e7b474dfe1,train
form/form_0479.jpg,form_0479.jpg,form,real,original,c0237d1a85d3,train
form/form_0480.jpg,form_0480.jpg,form,real,original,bb91f27a015a,train
form/form_0481.jpg,form_0481.jpg,form,real,original,9ea10b028a78,train
form/form_0482.jpg,form_0482.jpg,form,real,original,3e75a1bea634,train
form/form_0483.jpg,form_0483.jpg,form,real,original,bbe963332957,train
form/form_0484.jpg,form_0484.jpg,form,real,original,6748a66ded89,train
form/form_0485.jpg,form_0485.jpg,form,real,original,f9f684066c53,train
form/form_0486.jpg,form_0486.jpg,form,real,original,5a0eeeda7452,train
form/form_0487.jpg,form_0487.jpg,form,real,original,30515143a680,train
form/form_0488.jpg,form_0488.jpg,form,real,original,f73cda3d62e3,train
form/form_0489.jpg,form_0489.jpg,form,real,original,f3c9142ce9c4,train
form/form_0491.jpg,form_0491.jpg,form,real,original,0321afe53c06,train
form/form_0492.jpg,form_0492.jpg,form,real,original,df2d815736a1,train
form/form_0493.jpg,form_0493.jpg,form,real,original,1c8fab1da529,train
form/form_0494.jpg,form_0494.jpg,form,real,original,cb1a98de44f7,train
form/form_0495.jpg,form_0495.jpg,form,real,original,d3906aa0721c,train
form/form_0496.jpg,form_0496.jpg,form,real,original,c5a2d3dbcf51,train
form/form_0497.jpg,form_0497.jpg,form,real,original,836d6eeef252,train
form/form_0498.jpg,form_0498.jpg,form,real,original,7de98010c6e7,train
form/form_0503.jpg,form_0503.jpg,form,real,original,37563f03f775,train
form/form_0504.jpg,form_0504.jpg,form,real,original,dfce3c66ca28,train
form/form_0506.jpg,form_0506.jpg,form,real,original,1af6ad001ebf,train
form/form_0507.jpg,form_0507.jpg,form,real,original,923fa5f2790b,train
form/form_0508.jpg,form_0508.jpg,form,real,original,f54b33262a31,train
form/form_0509.jpg,form_0509.jpg,form,real,original,b726c46288a3,train
form/form_0510.jpg,form_0510.jpg,form,real,original,95050488803a,train
form/form_0511.jpg,form_0511.jpg,form,real,original,aef76edf4329,train
form/form_0512.jpg,form_0512.jpg,form,real,original,2885bd3b43f3,train
form/form_0514.jpg,form_0514.jpg,form,real,original,ad3db45d8de3,train
form/form_0515.jpg,form_0515.jpg,form,real,original,f74dd0ec038f,train
form/form_0517.jpg,form_0517.jpg,form,real,original,a3187629f8b6,train
form/form_0518.jpg,form_0518.jpg,form,real,original,6c59414e5fe5,train
form/form_0519.jpg,form_0519.jpg,form,real,original,65ae4d914911,train
form/form_0523.jpg,form_0523.jpg,form,real,original,7c954f309546,train
form/form_0524.jpg,form_0524.jpg,form,real,original,3ab6f233271e,train
form/form_0526.jpg,form_0526.jpg,form,real,original,283b26c237f4,train
form/form_0527.jpg,form_0527.jpg,form,real,original,3d45f77607a5,train
form/form_0529.jpg,form_0529.jpg,form,real,original,6f9bccc14561,train
form/form_0530.jpg,form_0530.jpg,form,real,original,224eb967b160,train
form/form_0532.jpg,form_0532.jpg,form,real,original,e955aac59029,train
form/form_0533.jpg,form_0533.jpg,form,real,original,394cb656348b,train
form/form_0534.jpg,form_0534.jpg,form,real,original,3c91fc8bd5fc,train
form/form_0535.jpg,form_0535.jpg,form,real,original,2d384ab62ad8,train
form/form_0537.jpg,form_0537.jpg,form,real,original,c8b2418abd26,train
form/form_0538.jpg,form_0538.jpg,form,real,original,d061f9867832,train
form/form_0539.jpg,form_0539.jpg,form,real,original,5ed173d3131d,train
form/form_0540.jpg,form_0540.jpg,form,real,original,63b487fd8638,train
form/form_0541.jpg,form_0541.jpg,form,real,original,f32e833ded8c,train
form/form_0542.jpg,form_0542.jpg,form,real,original,18c6374db1fd,train
form/form_0543.jpg,form_0543.jpg,form,real,original,e2e40730f567,train
form/form_0544.jpg,form_0544.jpg,form,real,original,aa9ca1a30757,train
form/form_0545.jpg,form_0545.jpg,form,real,original,52553f2738f2,train
form/form_0546.jpg,form_0546.jpg,form,real,original,ae98e54a871a,train
form/form_0548.jpg,form_0548.jpg,form,real,original,4111872e952e,train
form/form_0550.jpg,form_0550.jpg,form,real,original,e3dc0a468ef4,train
form/form_0552.jpg,form_0552.jpg,form,real,original,2e94bcf8ede4,train
form/form_0554.jpg,form_0554.jpg,form,real,original,b4d0ba9fb41d,train
form/form_0555.jpg,form_0555.jpg,form,real,original,ad3c00e9afc3,train
form/form_0556.jpg,form_0556.jpg,form,real,original,67af22af4851,train
form/form_0557.jpg,form_0557.jpg,form,real,original,55ddf3d4a6e6,train
form/form_0558.jpg,form_0558.jpg,form,real,original,c72fb7e5f67c,train
form/form_0559.jpg,form_0559.jpg,form,real,original,082126297d89,train
form/form_0561.jpg,form_0561.jpg,form,real,original,38ee979e2ec3,train
form/form_0562.jpg,form_0562.jpg,form,real,original,68eba75dbbec,train
form/form_0563.jpg,form_0563.jpg,form,real,original,c70ed3cd46a1,train
form/form_0564.jpg,form_0564.jpg,form,real,original,ee98c1b874ec,train
form/form_0565.jpg,form_0565.jpg,form,real,original,c10dbcc4b016,train
form/form_0567.jpg,form_0567.jpg,form,real,original,5ffc4272db45,train
form/form_0568.jpg,form_0568.jpg,form,real,original,00caba2fd76a,train
form/form_0569.jpg,form_0569.jpg,form,real,original,f56dc7e66d22,train
form/form_0570.jpg,form_0570.jpg,form,real,original,18df5b1d2de2,train
form/form_0571.jpg,form_0571.jpg,form,real,original,996ec59c7d08,train
form/form_0572.jpg,form_0572.jpg,form,real,original,1c0fc0f0332a,train
form/form_0573.jpg,form_0573.jpg,form,real,original,3c6e5cb7b3d4,train
form/form_0575.jpg,form_0575.jpg,form,real,original,927bbbb4929e,train
form/form_0576.jpg,form_0576.jpg,form,real,original,2f83ebf98616,train
form/form_0577.jpg,form_0577.jpg,form,real,original,9af36a025de5,train
form/form_0579.jpg,form_0579.jpg,form,real,original,6e1bed5fa790,train
form/form_0580.jpg,form_0580.jpg,form,real,original,e4c456ffe6dd,train
form/form_0581.jpg,form_0581.jpg,form,real,original,e0208ef77475,train
form/form_0582.jpg,form_0582.jpg,form,real,original,2714db482c39,train
form/form_0583.jpg,form_0583.jpg,form,real,original,32468c9d0174,train
form/form_0584.jpg,form_0584.jpg,form,real,original,823af65fed6a,train
form/form_0585.jpg,form_0585.jpg,form,real,original,8f3e393b3d50,train
form/form_0586.jpg,form_0586.jpg,form,real,original,6de9503f0c2d,train
form/form_0587.jpg,form_0587.jpg,form,real,original,d2d9a67a7fc3,train
form/form_0588.jpg,form_0588.jpg,form,real,original,5f5f0cd5000d,train
form/form_0590.jpg,form_0590.jpg,form,real,original,46122283c936,train
form/form_0591.jpg,form_0591.jpg,form,real,original,cd1f637e3589,train
form/form_0592.jpg,form_0592.jpg,form,real,original,152f52e4648e,train
form/form_0593.jpg,form_0593.jpg,form,real,original,5fbc71a3ffb9,train
form/form_0594.jpg,form_0594.jpg,form,real,original,b397bb845fb9,train
form/form_0595.jpg,form_0595.jpg,form,real,original,3c02dd6c9861,train
form/form_0596.jpg,form_0596.jpg,form,real,original,b561a81f73bc,train
form/form_0599.jpg,form_0599.jpg,form,real,original,db9b045754e3,train
form/form_0600.jpg,form_0600.jpg,form,real,original,40c8846559c3,train
form/form_0602.jpg,form_0602.jpg,form,real,original,7e5cfffff0d5,train
form/form_0604.jpg,form_0604.jpg,form,real,original,dc6cd59b79b5,train
form/form_0605.jpg,form_0605.jpg,form,real,original,cab295485549,train
form/form_0606.jpg,form_0606.jpg,form,real,original,493f4dc00351,train
form/form_0607.jpg,form_0607.jpg,form,real,original,dbdd4da75920,train
form/form_0609.jpg,form_0609.jpg,form,real,original,7690a1ed267f,train
form/form_0610.jpg,form_0610.jpg,form,real,original,7b859bd1068e,train
form/form_0611.jpg,form_0611.jpg,form,real,original,66372d0d4a9c,train
form/form_0613.jpg,form_0613.jpg,form,real,original,0efaebcee033,train
form/form_0614.jpg,form_0614.jpg,form,real,original,96da700fc931,train
form/form_0616.jpg,form_0616.jpg,form,real,original,96d5929fa2b0,train
form/form_0617.jpg,form_0617.jpg,form,real,original,9ef332ee0641,train
form/form_0618.jpg,form_0618.jpg,form,real,original,7cbf7d06a275,train
form/form_0619.jpg,form_0619.jpg,form,real,original,0fbd52b0784c,train
form/form_0620.jpg,form_0620.jpg,form,real,original,3d61e74c0d9d,train
form/form_0623.jpg,form_0623.jpg,form,real,original,1ff6886bd22d,train
form/form_0624.jpg,form_0624.jpg,form,real,original,7504553d19ff,train
form/form_0625.jpg,form_0625.jpg,form,real,original,43eef0b57d17,train
form/form_0627.jpg,form_0627.jpg,form,real,original,cc7d79c2b03b,train
form/form_0630.jpg,form_0630.jpg,form,real,original,2ca982b609ec,train
form/form_0631.jpg,form_0631.jpg,form,real,original,304db3b3b92b,train
form/form_0632.jpg,form_0632.jpg,form,real,original,b3de1d6ba015,train
form/form_0633.jpg,form_0633.jpg,form,real,original,f0ada50d2849,train
form/form_0635.jpg,form_0635.jpg,form,real,original,b19b804d445f,train
form/form_0637.jpg,form_0637.jpg,form,real,original,db2d3712729f,train
form/form_0638.jpg,form_0638.jpg,form,real,original,5ba8875ef15a,train
form/form_0640.jpg,form_0640.jpg,form,real,original,5c85e6df0013,train
form/form_0641.jpg,form_0641.jpg,form,real,original,fe87ceb269a5,train
form/form_0642.jpg,form_0642.jpg,form,real,original,5301ccbb89b4,train
form/form_0643.jpg,form_0643.jpg,form,real,original,dea9bbade4b6,train
form/form_0644.jpg,form_0644.jpg,form,real,original,899de585ffe3,train
form/form_0648.jpg,form_0648.jpg,form,real,original,e9f41a56bc1a,train
form/form_0649.jpg,form_0649.jpg,form,real,original,1604b3f894a2,train
form/form_0650.jpg,form_0650.jpg,form,real,original,199e36796678,train
form/form_0651.jpg,form_0651.jpg,form,real,original,779dcd056914,train
form/form_0652.jpg,form_0652.jpg,form,real,original,9cacd4746aa7,train
form/form_0653.jpg,form_0653.jpg,form,real,original,1c581d6d83ac,train
form/form_0654.jpg,form_0654.jpg,form,real,original,28e085bed74f,train
form/form_0655.jpg,form_0655.jpg,form,real,original,6757e77296b5,train
form/form_0657.jpg,form_0657.jpg,form,real,original,c4da21a1f677,train
form/form_0662.jpg,form_0662.jpg,form,real,original,48b8b65024b2,train
form/form_0666.jpg,form_0666.jpg,form,real,original,54bdcaf6a129,train
form/form_0669.jpg,form_0669.jpg,form,real,original,29ec2221511a,train
form/form_0670.jpg,form_0670.jpg,form,real,original,d256bb1bbfeb,train
form/form_0671.jpg,form_0671.jpg,form,real,original,75c3bed8b108,train
form/form_0672.jpg,form_0672.jpg,form,real,original,edad61de301a,train
form/form_0673.jpg,form_0673.jpg,form,real,original,beb11c584668,train
form/form_0676.jpg,form_0676.jpg,form,real,original,733cc105ac42,train
form/form_0677.jpg,form_0677.jpg,form,real,original,6fa8c43fa8f2,train
form/form_0678.jpg,form_0678.jpg,form,real,original,a52f7bcf492e,train
form/form_0679.jpg,form_0679.jpg,form,real,original,e8974bdde598,train
form/form_0681.jpg,form_0681.jpg,form,real,original,2081d6a8b7fe,train
form/form_0685.jpg,form_0685.jpg,form,real,original,3d3be9d88137,train
form/form_0686.jpg,form_0686.jpg,form,real,original,1b16092f0735,train
form/form_0687.jpg,form_0687.jpg,form,real,original,e4e838871c75,train
form/form_0688.jpg,form_0688.jpg,form,real,original,a8767f8a6e1b,train
form/form_0692.jpg,form_0692.jpg,form,real,original,bb41ac6ca549,train
form/form_0693.jpg,form_0693.jpg,form,real,original,96c2b91286e8,train
form/form_0694.jpg,form_0694.jpg,form,real,original,ca179c29744e,train
form/form_0696.jpg,form_0696.jpg,form,real,original,08fde12fb374,train
form/form_0697.jpg,form_0697.jpg,form,real,original,e67d316d8b62,train
form/form_0699.jpg,form_0699.jpg,form,real,original,ca9720312be5,train
form/form_0700.jpg,form_0700.jpg,form,real,original,d0f4631e7af3,train
form/form_0702.jpg,form_0702.jpg,form,real,original,3589f115246b,train
form/form_0703.jpg,form_0703.jpg,form,real,original,78fb0dad4fa7,train
form/form_0704.jpg,form_0704.jpg,form,real,original,680160f625de,train
form/form_0705.jpg,form_0705.jpg,form,real,original,6c0696e8963b,train
form/form_0706.jpg,form_0706.jpg,form,real,original,74d58365284a,train
form/form_0707.jpg,form_0707.jpg,form,real,original,faf4ff833407,train
form/form_0708.jpg,form_0708.jpg,form,real,original,8c8c6a8b5a87,train
form/form_0709.jpg,form_0709.jpg,form,real,original,1fa74fe53c43,train
form/form_0710.jpg,form_0710.jpg,form,real,original,67173bcd5c1f,train
form/form_0713.jpg,form_0713.jpg,form,real,original,4cd6fca404fe,train
form/form_0715.jpg,form_0715.jpg,form,real,original,a58ede38d119,train
form/form_0716.jpg,form_0716.jpg,form,real,original,aec84f96cc6d,train
form/form_0717.jpg,form_0717.jpg,form,real,original,e8b19e2c1e16,train
form/form_0718.jpg,form_0718.jpg,form,real,original,35e22035524a,train
form/form_0719.jpg,form_0719.jpg,form,real,original,a7e21a95f7c5,train
form/form_0720.jpg,form_0720.jpg,form,real,original,c2cd82a07d0c,train
form/form_0721.jpg,form_0721.jpg,form,real,original,71d73b96113a,train
form/form_0722.jpg,form_0722.jpg,form,real,original,f59719e70920,train
form/form_0723.jpg,form_0723.jpg,form,real,original,34aa9c89c101,train
form/form_0727.jpg,form_0727.jpg,form,real,original,7a121ab3666d,train
form/form_0729.jpg,form_0729.jpg,form,real,original,c62d4e5ea202,train
form/form_0730.jpg,form_0730.jpg,form,real,original,4fe28992cc9c,train
form/form_0732.jpg,form_0732.jpg,form,real,original,4f21a2084ec7,train
form/form_0733.jpg,form_0733.jpg,form,real,original,985b1f0ff32b,train
form/form_0734.jpg,form_0734.jpg,form,real,original,92cdae68bf34,train
form/form_0735.jpg,form_0735.jpg,form,real,original,d41af5020366,train
form/form_0736.jpg,form_0736.jpg,form,real,original,8a6ed7811706,train
form/form_0737.jpg,form_0737.jpg,form,real,original,39ecd61c0b2a,train
form/form_0738.jpg,form_0738.jpg,form,real,original,a62e8d48b2c3,train
form/form_0739.jpg,form_0739.jpg,form,real,original,ad49b15e090b,train
form/form_0740.jpg,form_0740.jpg,form,real,original,ff6cccd80b19,train
form/form_0741.jpg,form_0741.jpg,form,real,original,9b1a3dc8a265,train
form/form_0742.jpg,form_0742.jpg,form,real,original,89d7c3e42b4a,train
form/form_0743.jpg,form_0743.jpg,form,real,original,87e1b216cb36,train
form/form_0744.jpg,form_0744.jpg,form,real,original,a28f4bee5c90,train
form/form_0745.jpg,form_0745.jpg,form,real,original,13fe8b5baef8,train
form/form_0746.jpg,form_0746.jpg,form,real,original,a0896531de7f,train
form/form_0748.jpg,form_0748.jpg,form,real,original,23786ef40d11,train
form/form_0749.jpg,form_0749.jpg,form,real,original,c3a05f310ac4,train
form/form_0751.jpg,form_0751.jpg,form,real,original,c8f576a45a4e,train
form/form_0753.jpg,form_0753.jpg,form,real,original,6a7c099456ac,train
form/form_0754.jpg,form_0754.jpg,form,real,original,26607ba3a447,train
form/form_0755.jpg,form_0755.jpg,form,real,original,703c5d07a6ae,train
form/form_0756.jpg,form_0756.jpg,form,real,original,13e5002e1875,train
form/form_0757.jpg,form_0757.jpg,form,real,original,c48bb793572a,train
form/form_0758.jpg,form_0758.jpg,form,real,original,ddab41ce38cc,train
form/form_0759.jpg,form_0759.jpg,form,real,original,af496f1ebc51,train
form/form_0760.jpg,form_0760.jpg,form,real,original,77c63b770052,train
form/form_0761.jpg,form_0761.jpg,form,real,original,0ba27667e4a5,train
form/form_0762.jpg,form_0762.jpg,form,real,original,4e846eccb57c,train
form/form_0763.jpg,form_0763.jpg,form,real,original,54c18113e61b,train
form/form_0765.jpg,form_0765.jpg,form,real,original,c2e3e2f230cc,train
form/form_0767.jpg,form_0767.jpg,form,real,original,c8e480e9d9f3,train
form/form_0768.jpg,form_0768.jpg,form,real,original,253d40ed4572,train
form/form_0772.jpg,form_0772.jpg,form,real,original,e899407928a2,train
form/form_0773.jpg,form_0773.jpg,form,real,original,39fd2fda2330,train
form/form_0779.jpg,form_0779.jpg,form,real,original,4e2545d6e32e,train
form/form_0780.jpg,form_0780.jpg,form,real,original,b4c05ac8ae0a,train
form/form_0784.jpg,form_0784.jpg,form,real,original,d051991af89f,train
form/form_0785.jpg,form_0785.jpg,form,real,original,616f257b2983,train
form/form_0786.jpg,form_0786.jpg,form,real,original,4d04a990664b,train
form/form_0787.jpg,form_0787.jpg,form,real,original,a24f00ace282,train
form/form_0789.jpg,form_0789.jpg,form,real,original,1982f673cec5,train
form/form_0790.jpg,form_0790.jpg,form,real,original,8071cc00e2be,train
form/form_0791.jpg,form_0791.jpg,form,real,original,215a6218d545,train
form/form_0792.jpg,form_0792.jpg,form,real,original,f4098ea8bbf2,train
form/form_0793.jpg,form_0793.jpg,form,real,original,19f124ad0b91,train
form/form_0796.jpg,form_0796.jpg,form,real,original,d7a83fa0718e,train
form/form_0797.jpg,form_0797.jpg,form,real,original,18b333380535,train
form/form_0798.jpg,form_0798.jpg,form,real,original,f646df4efa28,train
form/form_modern/form_modern_0001.png,form_modern_0001.png,form,real,modern,99e76f72bbdf,train
form/form_modern/form_modern_0002.png,form_modern_0002.png,form,real,modern,11edd8e868d3,train
form/form_modern/form_modern_0003.png,form_modern_0003.png,form,real,modern,3654b93ec7fe,train
form/form_modern/form_modern_0005.png,form_modern_0005.png,form,real,modern,a490e29ef6a8,train
form/form_modern/form_modern_0010.png,form_modern_0010.png,form,real,modern,ac72ee231706,train
form/form_modern/form_modern_0012.png,form_modern_0012.png,form,real,modern,283b2868e986,train
form/form_modern/form_modern_0014.png,form_modern_0014.png,form,real,modern,31bc5d562ee3,train
form/form_modern/form_modern_0015.png,form_modern_0015.png,form,real,modern,335a028e5d85,train
form/form_modern/form_modern_0016.png,form_modern_0016.png,form,real,modern,523ff8582052,train
form/form_modern/form_modern_0017.png,form_modern_0017.png,form,real,modern,7ccc7292f7c6,train
form/form_modern/form_modern_0020.png,form_modern_0020.png,form,real,modern,3561906ff9d7,train
form/form_modern/form_modern_0021.png,form_modern_0021.png,form,real,modern,e8a6adebf5e0,train
form/form_modern/form_modern_0022.png,form_modern_0022.png,form,real,modern,4f8f244429fa,train
form/form_modern/form_modern_0023.png,form_modern_0023.png,form,real,modern,260bf99c9660,train
form/form_modern/form_modern_0024.png,form_modern_0024.png,form,real,modern,161d493fca05,train
form/form_modern/form_modern_0025.png,form_modern_0025.png,form,real,modern,72253966f83b,train
form/form_modern/form_modern_0026.png,form_modern_0026.png,form,real,modern,b78145fbe74f,train
form/form_modern/form_modern_0029.png,form_modern_0029.png,form,real,modern,9de445a5e42e,train
form/form_modern/form_modern_0030.png,form_modern_0030.png,form,real,modern,cb46c902e048,train
form/form_modern/form_modern_0031.png,form_modern_0031.png,form,real,modern,96185210efc6,train
form/form_modern/form_modern_0032.png,form_modern_0032.png,form,real,modern,709117ae999a,train
form/form_modern/form_modern_0033.png,form_modern_0033.png,form,real,modern,4627c1f28841,train
form/form_modern/form_modern_0035.png,form_modern_0035.png,form,real,modern,0d18758d55dc,train
form/form_modern/form_modern_0036.png,form_modern_0036.png,form,real,modern,08c81a85d8cb,train
form/form_modern/form_modern_0037.png,form_modern_0037.png,form,real,modern,477d44db2197,train
form/form_modern/form_modern_0039.png,form_modern_0039.png,form,real,modern,02b235090b56,train
form/form_modern/form_modern_0041.png,form_modern_0041.png,form,real,modern,d45dad45cb78,train
form/form_modern/form_modern_0042.png,form_modern_0042.png,form,real,modern,745f53982a1a,train
form/form_modern/form_modern_0044.png,form_modern_0044.png,form,real,modern,c06f6dd8a9fe,train
form/form_modern/form_modern_0047.png,form_modern_0047.png,form,real,modern,7aa7d4c2ed2b,train
form/form_modern/form_modern_0048.png,form_modern_0048.png,form,real,modern,d5796d02f21b,train
form/form_modern/form_modern_0049.png,form_modern_0049.png,form,real,modern,db40c773c948,train
form/form_modern/form_modern_0050.png,form_modern_0050.png,form,real,modern,a7ad970ec233,train
form/form_modern/form_modern_0051.png,form_modern_0051.png,form,real,modern,f95e6e836f77,train
form/form_modern/form_modern_0052.png,form_modern_0052.png,form,real,modern,fc729d17e24d,train
form/form_modern/form_modern_0054.png,form_modern_0054.png,form,real,modern,3d25690007f5,train
form/form_modern/form_modern_0055.png,form_modern_0055.png,form,real,modern,f6764f347621,train
form/form_modern/form_modern_0056.png,form_modern_0056.png,form,real,modern,ee3a43e6bfb0,train
form/form_modern/form_modern_0058.png,form_modern_0058.png,form,real,modern,32b8e6c75b2e,train
form/form_modern/form_modern_0059.png,form_modern_0059.png,form,real,modern,91077160173c,train
form/form_modern/form_modern_0060.png,form_modern_0060.png,form,real,modern,c47d400f3b5a,train
form/form_modern/form_modern_0061.png,form_modern_0061.png,form,real,modern,cefd325a9881,train
form/form_modern/form_modern_0062.png,form_modern_0062.png,form,real,modern,02f6a1e2b881,train
form/form_modern/form_modern_0063.png,form_modern_0063.png,form,real,modern,d606edef33da,train
form/form_modern/form_modern_0065.png,form_modern_0065.png,form,real,modern,90af651dd5b6,train
form/form_modern/form_modern_0066.png,form_modern_0066.png,form,real,modern,1af79e26ae54,train
form/form_modern/form_modern_0067.png,form_modern_0067.png,form,real,modern,e11429ddf676,train
form/form_modern/form_modern_0068.png,form_modern_0068.png,form,real,modern,417c99826f44,train
form/form_modern/form_modern_0070.png,form_modern_0070.png,form,real,modern,e20ff954dce0,train
form/form_modern/form_modern_0071.png,form_modern_0071.png,form,real,modern,b4e0b172eaae,train
form/form_modern/form_modern_0072.png,form_modern_0072.png,form,real,modern,5b734e18aa08,train
form/form_modern/form_modern_0074.png,form_modern_0074.png,form,real,modern,88a299746cd3,train
form/form_modern/form_modern_0075.png,form_modern_0075.png,form,real,modern,10975fd327be,train
form/form_modern/form_modern_0076.png,form_modern_0076.png,form,real,modern,d8291bd9432d,train
form/form_modern/form_modern_0077.png,form_modern_0077.png,form,real,modern,560521a01807,train
form/form_modern/form_modern_0078.png,form_modern_0078.png,form,real,modern,3c9477a854c7,train
form/form_modern/form_modern_0080.png,form_modern_0080.png,form,real,modern,8fe1d9f15c12,train
form/form_modern/form_modern_0082.png,form_modern_0082.png,form,real,modern,5db030a85bd6,train
form/form_modern/form_modern_0083.png,form_modern_0083.png,form,real,modern,c8f535813c87,train
form/form_modern/form_modern_0084.png,form_modern_0084.png,form,real,modern,4c8e2b4aed45,train
form/form_modern/form_modern_0085.png,form_modern_0085.png,form,real,modern,3c0e453d694f,train
form/form_modern/form_modern_0086.png,form_modern_0086.png,form,real,modern,a1d40efc2d60,train
form/form_modern/form_modern_0087.png,form_modern_0087.png,form,real,modern,382515a8430b,train
form/form_modern/form_modern_0088.png,form_modern_0088.png,form,real,modern,013f9dceb8cc,train
form/form_modern/form_modern_0091.png,form_modern_0091.png,form,real,modern,32c0c2436d2e,train
form/form_modern/form_modern_0092.png,form_modern_0092.png,form,real,modern,dbbcaf38357e,train
form/form_modern/form_modern_0093.png,form_modern_0093.png,form,real,modern,996d55d2f49d,train
form/form_modern/form_modern_0094.png,form_modern_0094.png,form,real,modern,acf387190489,train
form/form_modern/form_modern_0095.png,form_modern_0095.png,form,real,modern,38831360aa0f,train
form/form_modern/form_modern_0096.png,form_modern_0096.png,form,real,modern,0e4ab57107bf,train
form/form_modern/form_modern_0097.png,form_modern_0097.png,form,real,modern,526e6e06c449,train
form/form_modern/form_modern_0098.png,form_modern_0098.png,form,real,modern,a7c6335379f3,train
form/form_modern/form_modern_0099.png,form_modern_0099.png,form,real,modern,76bf94c65943,train
form/form_modern/form_modern_0100.png,form_modern_0100.png,form,real,modern,36059a362cc7,train
form/form_modern/form_modern_0101.png,form_modern_0101.png,form,real,modern,2a3e5afd7917,train
form/form_modern/form_modern_0102.png,form_modern_0102.png,form,real,modern,b0a493fff25d,train
form/form_modern/form_modern_0103.png,form_modern_0103.png,form,real,modern,2b23c6f2f2e5,train
form/form_modern/form_modern_0104.png,form_modern_0104.png,form,real,modern,2d68e1643730,train
form/form_modern/form_modern_0105.png,form_modern_0105.png,form,real,modern,907d43fe8c4f,train
form/form_modern/form_modern_0106.png,form_modern_0106.png,form,real,modern,90b97585a5da,train
form/form_modern/form_modern_0107.png,form_modern_0107.png,form,real,modern,789575f72d09,train
form/form_modern/form_modern_0108.png,form_modern_0108.png,form,real,modern,482a933e022c,train
form/form_modern/form_modern_0109.png,form_modern_0109.png,form,real,modern,15129cd7b4fe,train
form/form_modern/form_modern_0110.png,form_modern_0110.png,form,real,modern,cc45d0292bfa,train
form/form_modern/form_modern_0111.png,form_modern_0111.png,form,real,modern,7bab8a44dfc0,train
form/form_modern/form_modern_0112.png,form_modern_0112.png,form,real,modern,c52f0e59fe9c,train
form/form_modern/form_modern_0113.png,form_modern_0113.png,form,real,modern,adb489734a51,train
form/form_modern/form_modern_0114.png,form_modern_0114.png,form,real,modern,bf79fdb10a68,train
form/form_modern/form_modern_0115.png,form_modern_0115.png,form,real,modern,b19b85a253e0,train
form/form_modern/form_modern_0117.png,form_modern_0117.png,form,real,modern,1fbab54706ba,train
form/form_modern/form_modern_0119.png,form_modern_0119.png,form,real,modern,d77b96391d38,train
form/form_modern/form_modern_0120.png,form_modern_0120.png,form,real,modern,4dad5d7a8773,train
form/form_modern/form_modern_0122.png,form_modern_0122.png,form,real,modern,b343a55009ef,train
form/form_modern/form_modern_0123.png,form_modern_0123.png,form,real,modern,c577ad79b5e7,train
form/form_modern/form_modern_0124.png,form_modern_0124.png,form,real,modern,dc3ba880eafc,train
form/form_modern/form_modern_0126.png,form_modern_0126.png,form,real,modern,481ffd8e4afc,train
form/form_modern/form_modern_0127.png,form_modern_0127.png,form,real,modern,e052c6ce306f,train
form/form_modern/form_modern_0128.png,form_modern_0128.png,form,real,modern,61a64f4aa143,train
form/form_modern/form_modern_0129.png,form_modern_0129.png,form,real,modern,07314964fb1f,train
form/form_modern/form_modern_0130.png,form_modern_0130.png,form,real,modern,fa5c214c9210,train
form/form_modern/form_modern_0132.png,form_modern_0132.png,form,real,modern,9397fa1d8f01,train
form/form_modern/form_modern_0134.png,form_modern_0134.png,form,real,modern,884fcd716aee,train
form/form_modern/form_modern_0136.png,form_modern_0136.png,form,real,modern,ac6587843c5b,train
form/form_modern/form_modern_0137.png,form_modern_0137.png,form,real,modern,7467b43c97ca,train
form/form_modern/form_modern_0138.png,form_modern_0138.png,form,real,modern,5ea7420bc8d1,train
form/form_modern/form_modern_0139.png,form_modern_0139.png,form,real,modern,af6b7df7c45d,train
form/form_modern/form_modern_0141.png,form_modern_0141.png,form,real,modern,114878038330,train
form/form_modern/form_modern_0149.png,form_modern_0149.png,form,real,modern,04dac9b2d392,train
form/form_modern/form_modern_0150.png,form_modern_0150.png,form,real,modern,a6d00a2af187,train
form/form_modern/form_modern_0151.png,form_modern_0151.png,form,real,modern,ef2cbed3e44b,train
form/form_modern/form_modern_0152.png,form_modern_0152.png,form,real,modern,7eb1d4186566,train
form/form_modern/form_modern_0153.png,form_modern_0153.png,form,real,modern,6bed88b35d74,train
form/form_modern/form_modern_0154.png,form_modern_0154.png,form,real,modern,b4a8aaf751d4,train
form/form_modern/form_modern_0156.png,form_modern_0156.png,form,real,modern,ffaf48f61a8b,train
form/form_modern/form_modern_0157.png,form_modern_0157.png,form,real,modern,7afd96566238,train
form/form_modern/form_modern_0158.png,form_modern_0158.png,form,real,modern,d571269498b4,train
form/form_modern/form_modern_0160.png,form_modern_0160.png,form,real,modern,7b329eea98c4,train
form/form_modern/form_modern_0161.png,form_modern_0161.png,form,real,modern,bb825fa51659,train
form/form_modern/form_modern_0162.png,form_modern_0162.png,form,real,modern,f87b1289d3a6,train
form/form_modern/form_modern_0165.png,form_modern_0165.png,form,real,modern,257e8728ff2f,train
form/form_modern/form_modern_0168.png,form_modern_0168.png,form,real,modern,440e3bc09c31,train
form/form_modern/form_modern_0170.png,form_modern_0170.png,form,real,modern,22685f135e57,train
form/form_modern/form_modern_0171.png,form_modern_0171.png,form,real,modern,67a2df85f33c,train
form/form_modern/form_modern_0174.png,form_modern_0174.png,form,real,modern,5a1f2edc6099,train
form/form_modern/form_modern_0175.png,form_modern_0175.png,form,real,modern,0b3fa49a5ec3,train
form/form_modern/form_modern_0178.png,form_modern_0178.png,form,real,modern,fd65294c7e02,train
form/form_modern/form_modern_0179.png,form_modern_0179.png,form,real,modern,61631ccf009c,train
form/form_modern/form_modern_0180.png,form_modern_0180.png,form,real,modern,c62359bd0893,train
form/form_modern/form_modern_0182.png,form_modern_0182.png,form,real,modern,5c382978c0fa,train
form/form_modern/form_modern_0183.png,form_modern_0183.png,form,real,modern,37985a85a26f,train
form/form_modern/form_modern_0184.png,form_modern_0184.png,form,real,modern,b40eca4ac9c3,train
form/form_modern/form_modern_0186.png,form_modern_0186.png,form,real,modern,36ed9a639c98,train
form/form_modern/form_modern_0187.png,form_modern_0187.png,form,real,modern,d5468d8ac7a2,train
form/form_modern/form_modern_0188.png,form_modern_0188.png,form,real,modern,43b7888a90b2,train
form/form_modern/form_modern_0192.png,form_modern_0192.png,form,real,modern,2a10bf88bf2c,train
form/form_modern/form_modern_0194.png,form_modern_0194.png,form,real,modern,50b14c1de1e2,train
form/form_modern/form_modern_0195.png,form_modern_0195.png,form,real,modern,7202b35fd015,train
form/form_modern/form_modern_0197.png,form_modern_0197.png,form,real,modern,afd3fb9789d0,train
form/form_modern/form_modern_0198.png,form_modern_0198.png,form,real,modern,e9230179b325,train
form/form_modern/form_modern_0199.png,form_modern_0199.png,form,real,modern,e0dde30fb7d1,train
form/form_modern/form_modern_0203.png,form_modern_0203.png,form,real,modern,42f293584130,train
form/form_modern/form_modern_0204.png,form_modern_0204.png,form,real,modern,becec16460b0,train
form/form_modern/form_modern_0205.png,form_modern_0205.png,form,real,modern,6cec376c0ded,train
form/form_modern/form_modern_0206.png,form_modern_0206.png,form,real,modern,d3788608d4d9,train
form/form_modern/form_modern_0207.png,form_modern_0207.png,form,real,modern,5f12c4499fcb,train
form/form_modern/form_modern_0208.png,form_modern_0208.png,form,real,modern,a09c2bfecebf,train
form/form_modern/form_modern_0209.png,form_modern_0209.png,form,real,modern,22469442ffd6,train
form/form_modern/form_modern_0210.png,form_modern_0210.png,form,real,modern,e2fe33c1739f,train
form/form_modern/form_modern_0213.png,form_modern_0213.png,form,real,modern,54085ad6a3df,train
form/form_modern/form_modern_0214.png,form_modern_0214.png,form,real,modern,c7e8c3489896,train
form/form_modern/form_modern_0215.png,form_modern_0215.png,form,real,modern,935284f24098,train
form/form_modern/form_modern_0217.png,form_modern_0217.png,form,real,modern,395d9911eb12,train
form/form_modern/form_modern_0218.png,form_modern_0218.png,form,real,modern,d26bcf2d8153,train
form/form_modern/form_modern_0220.png,form_modern_0220.png,form,real,modern,b11107651cae,train
form/form_modern/form_modern_0221.png,form_modern_0221.png,form,real,modern,6a3d75d11a87,train
form/form_modern/form_modern_0222.png,form_modern_0222.png,form,real,modern,5f35383ce57e,train
form/form_modern/form_modern_0224.png,form_modern_0224.png,form,real,modern,b727b9358bfa,train
form/form_modern/form_modern_0225.png,form_modern_0225.png,form,real,modern,7f74195282bf,train
form/form_modern/form_modern_0230.png,form_modern_0230.png,form,real,modern,3135e0b4b831,train
form/form_modern/form_modern_0231.png,form_modern_0231.png,form,real,modern,3c2a90b0efb8,train
form/form_modern/form_modern_0233.png,form_modern_0233.png,form,real,modern,4af95cdda779,train
form/form_modern/form_modern_0234.png,form_modern_0234.png,form,real,modern,5bf1e0b9f01e,train
form/form_modern/form_modern_0235.png,form_modern_0235.png,form,real,modern,ae96df10ac2e,train
form/form_modern/form_modern_0236.png,form_modern_0236.png,form,real,modern,ec390e37d2cd,train
form/form_modern/form_modern_0237.png,form_modern_0237.png,form,real,modern,372201343d8a,train
form/form_modern/form_modern_0240.png,form_modern_0240.png,form,real,modern,fd7a0455d090,train
form/form_modern/form_modern_0242.png,form_modern_0242.png,form,real,modern,d48315cf530d,train
form/form_modern/form_modern_0243.png,form_modern_0243.png,form,real,modern,bc7b8c6d908e,train
form/form_modern/form_modern_0244.png,form_modern_0244.png,form,real,modern,af37ee06b6cf,train
form/form_modern/form_modern_0245.png,form_modern_0245.png,form,real,modern,4bbb378e44f7,train
form/form_modern/form_modern_0246.png,form_modern_0246.png,form,real,modern,b26440f47994,train
form/form_modern/form_modern_0247.png,form_modern_0247.png,form,real,modern,87e180990040,train
form/form_modern/form_modern_0248.png,form_modern_0248.png,form,real,modern,1caec1bfa127,train
form/form_modern/form_modern_0249.png,form_modern_0249.png,form,real,modern,9369f548d7b5,train
form/form_modern/form_modern_0253.png,form_modern_0253.png,form,real,modern,f88c7d712677,train
form/form_modern/form_modern_0254.png,form_modern_0254.png,form,real,modern,a7c4eae7458c,train
form/form_modern/form_modern_0256.png,form_modern_0256.png,form,real,modern,018a30ea0ca7,train
form/form_modern/form_modern_0257.png,form_modern_0257.png,form,real,modern,b5ce7cbab161,train
form/form_modern/form_modern_0259.png,form_modern_0259.png,form,real,modern,f7afcc5676d2,train
form/form_modern/form_modern_0260.png,form_modern_0260.png,form,real,modern,747a7fc53d24,train
form/form_modern/form_modern_0261.png,form_modern_0261.png,form,real,modern,4c5c3a1e8491,train
form/form_modern/form_modern_0262.png,form_modern_0262.png,form,real,modern,0661582eacff,train
form/form_modern/form_modern_0263.png,form_modern_0263.png,form,real,modern,d2bee119e27c,train
form/form_modern/form_modern_0264.png,form_modern_0264.png,form,real,modern,657cc980c090,train
form/form_modern/form_modern_0265.png,form_modern_0265.png,form,real,modern,e16b5e42ee2c,train
form/form_modern/form_modern_0267.png,form_modern_0267.png,form,real,modern,c27c789754ef,train
form/form_modern/form_modern_0268.png,form_modern_0268.png,form,real,modern,5cac341fcb5a,train
form/form_modern/form_modern_0269.png,form_modern_0269.png,form,real,modern,5d63b917f9d3,train
form/form_modern/form_modern_0270.png,form_modern_0270.png,form,real,modern,dcfb9c3c560c,train
form/form_modern/form_modern_0272.png,form_modern_0272.png,form,real,modern,ed0e64ff301a,train
form/form_modern/form_modern_0273.png,form_modern_0273.png,form,real,modern,df286e91590b,train
form/form_modern/form_modern_0275.png,form_modern_0275.png,form,real,modern,4b5e1c7273ef,train
form/form_modern/form_modern_0276.png,form_modern_0276.png,form,real,modern,d4c36d510c3e,train
form/form_modern/form_modern_0277.png,form_modern_0277.png,form,real,modern,018f21fe82dc,train
form/form_modern/form_modern_0278.png,form_modern_0278.png,form,real,modern,10d35f02e8aa,train
form/form_modern/form_modern_0279.png,form_modern_0279.png,form,real,modern,faf6e5c4a11c,train
form/form_modern/form_modern_0280.png,form_modern_0280.png,form,real,modern,bf65af978652,train
form/form_modern/form_modern_0281.png,form_modern_0281.png,form,real,modern,86ef037c7008,train
form/form_modern/form_modern_0283.png,form_modern_0283.png,form,real,modern,abb4f4d72312,train
form/form_modern/form_modern_0284.png,form_modern_0284.png,form,real,modern,35fbca13b579,train
form/form_modern/form_modern_0286.png,form_modern_0286.png,form,real,modern,b8e47c3bd5c7,train
form/form_modern/form_modern_0287.png,form_modern_0287.png,form,real,modern,4d36293463ae,train
form/form_modern/form_modern_0289.png,form_modern_0289.png,form,real,modern,27e7ea969c90,train
form/form_modern/form_modern_0290.png,form_modern_0290.png,form,real,modern,ab3b24bcd55a,train
form/form_modern/form_modern_0292.png,form_modern_0292.png,form,real,modern,59d061dd8928,train
form/form_modern/form_modern_0293.png,form_modern_0293.png,form,real,modern,866d7465829b,train
form/form_modern/form_modern_0294.png,form_modern_0294.png,form,real,modern,5b147d7aef1b,train
form/form_modern/form_modern_0295.png,form_modern_0295.png,form,real,modern,492511a908a4,train
form/form_modern/form_modern_0296.png,form_modern_0296.png,form,real,modern,ff07d8060af0,train
form/form_modern/form_modern_0297.png,form_modern_0297.png,form,real,modern,ef6e7f6addb6,train
form/form_modern/form_modern_0298.png,form_modern_0298.png,form,real,modern,6a1280042575,train
form/form_modern/form_modern_0299.png,form_modern_0299.png,form,real,modern,925f81d675b8,train
form/form_modern/form_modern_0301.png,form_modern_0301.png,form,real,modern,3914a6cfa6cd,train
form/form_modern/form_modern_0303.png,form_modern_0303.png,form,real,modern,f57c265ae01d,train
form/form_modern/form_modern_0305.png,form_modern_0305.png,form,real,modern,0bc53f81d2d4,train
form/form_modern/form_modern_0306.png,form_modern_0306.png,form,real,modern,c81560c989dc,train
form/form_modern/form_modern_0307.png,form_modern_0307.png,form,real,modern,ffd3dbc0012c,train
form/form_modern/form_modern_0308.png,form_modern_0308.png,form,real,modern,fbcc1cc0120f,train
form/form_modern/form_modern_0309.png,form_modern_0309.png,form,real,modern,02a92597ffcb,train
form/form_modern/form_modern_0310.png,form_modern_0310.png,form,real,modern,f90a084726f1,train
form/form_modern/form_modern_0312.png,form_modern_0312.png,form,real,modern,a48b37e8cfad,train
form/form_modern/form_modern_0313.png,form_modern_0313.png,form,real,modern,70a22961c73b,train
form/form_modern/form_modern_0314.png,form_modern_0314.png,form,real,modern,3789c3b25c89,train
form/form_modern/form_modern_0317.png,form_modern_0317.png,form,real,modern,eea7d24085e6,train
form/form_modern/form_modern_0318.png,form_modern_0318.png,form,real,modern,32f92d0c36f7,train
form/form_modern/form_modern_0319.png,form_modern_0319.png,form,real,modern,d6e4626621b2,train
form/form_modern/form_modern_0321.png,form_modern_0321.png,form,real,modern,f6a7948445b6,train
form/form_modern/form_modern_0322.png,form_modern_0322.png,form,real,modern,3dc65f6ab05d,train
form/form_modern/form_modern_0323.png,form_modern_0323.png,form,real,modern,c8c372d0f173,train
form/form_modern/form_modern_0324.png,form_modern_0324.png,form,real,modern,61cdedcc9b72,train
form/form_modern/form_modern_0325.png,form_modern_0325.png,form,real,modern,a088d1d55915,train
form/form_modern/form_modern_0327.png,form_modern_0327.png,form,real,modern,f21c798e41c3,train
form/form_modern/form_modern_0328.png,form_modern_0328.png,form,real,modern,d1b1dbf69a57,train
form/form_modern/form_modern_0330.png,form_modern_0330.png,form,real,modern,ff30034bd7cb,train
form/form_modern/form_modern_0331.png,form_modern_0331.png,form,real,modern,95f5e8b47cd7,train
form/form_modern/form_modern_0332.png,form_modern_0332.png,form,real,modern,77504eaa683b,train
form/form_modern/form_modern_0333.png,form_modern_0333.png,form,real,modern,2256c1cedfcc,train
form/form_modern/form_modern_0334.png,form_modern_0334.png,form,real,modern,35519b196109,train
form/form_modern/form_modern_0335.png,form_modern_0335.png,form,real,modern,57322821a02c,train
form/form_modern/form_modern_0336.png,form_modern_0336.png,form,real,modern,40a0511b4c30,train
form/form_modern/form_modern_0337.png,form_modern_0337.png,form,real,modern,6dff6917a583,train
form/form_modern/form_modern_0339.png,form_modern_0339.png,form,real,modern,7a735edc6986,train
form/form_modern/form_modern_0340.png,form_modern_0340.png,form,real,modern,cbb8b7b61fe4,train
form/form_modern/form_modern_0342.png,form_modern_0342.png,form,real,modern,f9127d114653,train
form/form_modern/form_modern_0343.png,form_modern_0343.png,form,real,modern,233c0244e472,train
form/form_modern/form_modern_0346.png,form_modern_0346.png,form,real,modern,3da77bcec28d,train
form/form_modern/form_modern_0348.png,form_modern_0348.png,form,real,modern,0f7821bcd60d,train
form/form_modern/form_modern_0349.png,form_modern_0349.png,form,real,modern,c6991e4f72a3,train
form/form_modern/form_modern_0350.png,form_modern_0350.png,form,real,modern,b16572409f00,train
form/form_modern/form_modern_0351.png,form_modern_0351.png,form,real,modern,7c736722d474,train
form/form_modern/form_modern_0352.png,form_modern_0352.png,form,real,modern,2c327d98c7f8,train
form/form_modern/form_modern_0353.png,form_modern_0353.png,form,real,modern,79f9e620a16d,train
form/form_modern/form_modern_0354.png,form_modern_0354.png,form,real,modern,e5adddbf3a02,train
form/form_modern/form_modern_0355.png,form_modern_0355.png,form,real,modern,897845c30299,train
form/form_modern/form_modern_0356.png,form_modern_0356.png,form,real,modern,a10e1337d111,train
form/form_modern/form_modern_0358.png,form_modern_0358.png,form,real,modern,5eb9e342abdf,train
form/form_modern/form_modern_0359.png,form_modern_0359.png,form,real,modern,d4901f81191b,train
form/form_modern/form_modern_0361.png,form_modern_0361.png,form,real,modern,1c3c7138a685,train
form/form_modern/form_modern_0362.png,form_modern_0362.png,form,real,modern,0490c7425e44,train
form/form_modern/form_modern_0365.png,form_modern_0365.png,form,real,modern,453a5cf24fcb,train
form/form_modern/form_modern_0366.png,form_modern_0366.png,form,real,modern,4f10d36c2c9e,train
form/form_modern/form_modern_0367.png,form_modern_0367.png,form,real,modern,1db1c5b67dd4,train
form/form_modern/form_modern_0369.png,form_modern_0369.png,form,real,modern,b9da669458e8,train
form/form_modern/form_modern_0370.png,form_modern_0370.png,form,real,modern,726f6bc08e81,train
form/form_modern/form_modern_0371.png,form_modern_0371.png,form,real,modern,faffc5dab4f6,train
form/form_modern/form_modern_0374.png,form_modern_0374.png,form,real,modern,41fab36b0cad,train
form/form_modern/form_modern_0375.png,form_modern_0375.png,form,real,modern,3627cfe3ee8f,train
form/form_modern/form_modern_0376.png,form_modern_0376.png,form,real,modern,4d4742a957b4,train
form/form_modern/form_modern_0377.png,form_modern_0377.png,form,real,modern,cecf6b43b6cc,train
form/form_modern/form_modern_0378.png,form_modern_0378.png,form,real,modern,bee7defb7e69,train
form/form_modern/form_modern_0379.png,form_modern_0379.png,form,real,modern,a7c2bc48a7fc,train
form/form_modern/form_modern_0381.png,form_modern_0381.png,form,real,modern,e27c3156b51d,train
form/form_modern/form_modern_0383.png,form_modern_0383.png,form,real,modern,af38f6944375,train
form/form_modern/form_modern_0385.png,form_modern_0385.png,form,real,modern,bc346fbb7576,train
form/form_modern/form_modern_0387.png,form_modern_0387.png,form,real,modern,ff5236b206ac,train
form/form_modern/form_modern_0388.png,form_modern_0388.png,form,real,modern,d90918a5a904,train
form/form_modern/form_modern_0390.png,form_modern_0390.png,form,real,modern,32a885507755,train
form/form_modern/form_modern_0391.png,form_modern_0391.png,form,real,modern,0289cc1e81b0,train
form/form_modern/form_modern_0394.png,form_modern_0394.png,form,real,modern,d86aadf0e2e3,train
form/form_modern/form_modern_0396.png,form_modern_0396.png,form,real,modern,458da1ad7c1f,train
form/form_modern/form_modern_0397.png,form_modern_0397.png,form,real,modern,ad04231444e5,train
form/form_modern/form_modern_0399.png,form_modern_0399.png,form,real,modern,d3ad53c5056c,train
form/form_modern/form_modern_0401.png,form_modern_0401.png,form,real,modern,3dcba14b81ac,train
form/form_modern/form_modern_0404.png,form_modern_0404.png,form,real,modern,b34963cac40d,train
form/form_modern/form_modern_0407.png,form_modern_0407.png,form,real,modern,d8b362b58d54,train
form/form_modern/form_modern_0408.png,form_modern_0408.png,form,real,modern,458c33a42ffd,train
form/form_modern/form_modern_0409.png,form_modern_0409.png,form,real,modern,a85b44e26d80,train
form/form_modern/form_modern_0410.png,form_modern_0410.png,form,real,modern,85b76bd2cc17,train
form/form_modern/form_modern_0411.png,form_modern_0411.png,form,real,modern,c279525b0e3d,train
form/form_modern/form_modern_0412.png,form_modern_0412.png,form,real,modern,08d0eca6ad78,train
form/form_modern/form_modern_0413.png,form_modern_0413.png,form,real,modern,395189a55d4f,train
form/form_modern/form_modern_0415.png,form_modern_0415.png,form,real,modern,d0861972da8b,train
form/form_modern/form_modern_0416.png,form_modern_0416.png,form,real,modern,54b148f8b316,train
form/form_modern/form_modern_0418.png,form_modern_0418.png,form,real,modern,35871ce97a38,train
form/form_modern/form_modern_0419.png,form_modern_0419.png,form,real,modern,a2c23945fb62,train
form/form_modern/form_modern_0420.png,form_modern_0420.png,form,real,modern,15aab8fd3f28,train
form/form_modern/form_modern_0422.png,form_modern_0422.png,form,real,modern,3c216f0340aa,train
form/form_modern/form_modern_0423.png,form_modern_0423.png,form,real,modern,a2d57a794cb1,train
form/form_modern/form_modern_0425.png,form_modern_0425.png,form,real,modern,ec2402148835,train
form/form_modern/form_modern_0426.png,form_modern_0426.png,form,real,modern,f1abd50a960d,train
form/form_modern/form_modern_0427.png,form_modern_0427.png,form,real,modern,57b05a6636af,train
form/form_modern/form_modern_0429.png,form_modern_0429.png,form,real,modern,6ff595214c04,train
form/form_modern/form_modern_0430.png,form_modern_0430.png,form,real,modern,a4485b059d28,train
form/form_modern/form_modern_0431.png,form_modern_0431.png,form,real,modern,915c8e21cb73,train
form/form_modern/form_modern_0432.png,form_modern_0432.png,form,real,modern,b57b347a03f7,train
form/form_modern/form_modern_0434.png,form_modern_0434.png,form,real,modern,129ac1dae8b1,train
form/form_modern/form_modern_0436.png,form_modern_0436.png,form,real,modern,1d5f7a5eff32,train
form/form_modern/form_modern_0438.png,form_modern_0438.png,form,real,modern,f6c7ef7dbc00,train
form/form_modern/form_modern_0439.png,form_modern_0439.png,form,real,modern,53e36dcb4dc8,train
form/form_modern/form_modern_0440.png,form_modern_0440.png,form,real,modern,d39d57b3dbd0,train
form/form_modern/form_modern_0442.png,form_modern_0442.png,form,real,modern,f2f4c66edaee,train
form/form_modern/form_modern_0443.png,form_modern_0443.png,form,real,modern,68248f1efccb,train
form/form_modern/form_modern_0444.png,form_modern_0444.png,form,real,modern,3f3370d33f88,train
form/form_modern/form_modern_0448.png,form_modern_0448.png,form,real,modern,5bbea70116b6,train
form/form_modern/form_modern_0449.png,form_modern_0449.png,form,real,modern,15c036a8807e,train
form/form_0017.jpg,form_0017.jpg,form,real,original,4a851241f909,val
form/form_0018.jpg,form_0018.jpg,form,real,original,cbfa15225bbb,val
form/form_0038.jpg,form_0038.jpg,form,real,original,ae042e2989e2,val
form/form_0046.jpg,form_0046.jpg,form,real,original,a0bb8e09ad37,val
form/form_0052.jpg,form_0052.jpg,form,real,original,8fe7d677c8e5,val
form/form_0053.jpg,form_0053.jpg,form,real,original,b24a90e66ce1,val
form/form_0062.jpg,form_0062.jpg,form,real,original,58dbefc075ff,val
form/form_0077.jpg,form_0077.jpg,form,real,original,bf7fe7a4a0e0,val
form/form_0081.jpg,form_0081.jpg,form,real,original,1a457253c74a,val
form/form_0095.jpg,form_0095.jpg,form,real,original,696d24a1e0a8,val
form/form_0096.jpg,form_0096.jpg,form,real,original,a036977f3c9e,val
form/form_0112.jpg,form_0112.jpg,form,real,original,fd40a847c07e,val
form/form_0117.jpg,form_0117.jpg,form,real,original,dc67e51b3895,val
form/form_0118.jpg,form_0118.jpg,form,real,original,343ab9da6932,val
form/form_0119.jpg,form_0119.jpg,form,real,original,24e5563698b7,val
form/form_0129.jpg,form_0129.jpg,form,real,original,601f3027bcfd,val
form/form_0133.jpg,form_0133.jpg,form,real,original,43302725b9b9,val
form/form_0136.jpg,form_0136.jpg,form,real,original,d9305278e54e,val
form/form_0142.jpg,form_0142.jpg,form,real,original,89251cb5a2cd,val
form/form_0143.jpg,form_0143.jpg,form,real,original,698103aebcd1,val
form/form_0144.jpg,form_0144.jpg,form,real,original,1e54ffee6af4,val
form/form_0146.jpg,form_0146.jpg,form,real,original,e0acb479470c,val
form/form_0147.jpg,form_0147.jpg,form,real,original,80181c47b3f9,val
form/form_0155.jpg,form_0155.jpg,form,real,original,a4053f80a75f,val
form/form_0156.jpg,form_0156.jpg,form,real,original,9f2ed1c1385d,val
form/form_0158.jpg,form_0158.jpg,form,real,original,eebdf69fc2e7,val
form/form_0174.jpg,form_0174.jpg,form,real,original,91940a37b98c,val
form/form_0176.jpg,form_0176.jpg,form,real,original,d23d0b4e906e,val
form/form_0177.jpg,form_0177.jpg,form,real,original,b17067de8092,val
form/form_0178.jpg,form_0178.jpg,form,real,original,dceda31b5626,val
form/form_0179.jpg,form_0179.jpg,form,real,original,d2f81ccc19d6,val
form/form_0181.jpg,form_0181.jpg,form,real,original,8c69a1f1f4bc,val
form/form_0193.jpg,form_0193.jpg,form,real,original,05c373748a85,val
form/form_0197.jpg,form_0197.jpg,form,real,original,17f99d565dec,val
form/form_0208.jpg,form_0208.jpg,form,real,original,9cf2f4a163c5,val
form/form_0215.jpg,form_0215.jpg,form,real,original,2fc4977f6b1a,val
form/form_0217.jpg,form_0217.jpg,form,real,original,81bcbaf76521,val
form/form_0228.jpg,form_0228.jpg,form,real,original,e556191d311b,val
form/form_0236.jpg,form_0236.jpg,form,real,original,3ada8122562f,val
form/form_0255.jpg,form_0255.jpg,form,real,original,dee94f9cd77a,val
form/form_0260.jpg,form_0260.jpg,form,real,original,c1d89a58f402,val
form/form_0263.jpg,form_0263.jpg,form,real,original,b73517ca27c5,val
form/form_0280.jpg,form_0280.jpg,form,real,original,e16cf2503487,val
form/form_0282.jpg,form_0282.jpg,form,real,original,3a4041068bde,val
form/form_0288.jpg,form_0288.jpg,form,real,original,22fd05edd285,val
form/form_0296.jpg,form_0296.jpg,form,real,original,82b4b18f8a6a,val
form/form_0301.jpg,form_0301.jpg,form,real,original,d82a54e71dec,val
form/form_0304.jpg,form_0304.jpg,form,real,original,d82602b4e1d4,val
form/form_0327.jpg,form_0327.jpg,form,real,original,b1e2b1d61ca1,val
form/form_0329.jpg,form_0329.jpg,form,real,original,a165f7770567,val
form/form_0345.jpg,form_0345.jpg,form,real,original,dd924967bcd0,val
form/form_0346.jpg,form_0346.jpg,form,real,original,894867769dca,val
form/form_0355.jpg,form_0355.jpg,form,real,original,fb9d34f3392a,val
form/form_0358.jpg,form_0358.jpg,form,real,original,1fee894edb69,val
form/form_0359.jpg,form_0359.jpg,form,real,original,34d189c5ba45,val
form/form_0360.jpg,form_0360.jpg,form,real,original,093cb37821fc,val
form/form_0370.jpg,form_0370.jpg,form,real,original,4e39627a06f6,val
form/form_0377.jpg,form_0377.jpg,form,real,original,ccff4b0076a9,val
form/form_0380.jpg,form_0380.jpg,form,real,original,ff5cbe318e72,val
form/form_0385.jpg,form_0385.jpg,form,real,original,5fe0c99e1254,val
form/form_0395.jpg,form_0395.jpg,form,real,original,9e61804eec3d,val
form/form_0404.jpg,form_0404.jpg,form,real,original,54adf369eeeb,val
form/form_0406.jpg,form_0406.jpg,form,real,original,c8848d2e862d,val
form/form_0417.jpg,form_0417.jpg,form,real,original,93ba142c9179,val
form/form_0419.jpg,form_0419.jpg,form,real,original,51fb9d3c46a5,val
form/form_0423.jpg,form_0423.jpg,form,real,original,3bd3b5dca58e,val
form/form_0428.jpg,form_0428.jpg,form,real,original,695683b0c7ae,val
form/form_0435.jpg,form_0435.jpg,form,real,original,4a65bfed18e1,val
form/form_0451.jpg,form_0451.jpg,form,real,original,20c334deaac1,val
form/form_0468.jpg,form_0468.jpg,form,real,original,640615e4b0c9,val
form/form_0474.jpg,form_0474.jpg,form,real,original,1926642978ca,val
form/form_0476.jpg,form_0476.jpg,form,real,original,6ce49285cc66,val
form/form_0477.jpg,form_0477.jpg,form,real,original,3045089f147d,val
form/form_0490.jpg,form_0490.jpg,form,real,original,8ba1fbbe8650,val
form/form_0501.jpg,form_0501.jpg,form,real,original,0dfa746da2e8,val
form/form_0502.jpg,form_0502.jpg,form,real,original,52b27e2c3c97,val
form/form_0505.jpg,form_0505.jpg,form,real,original,fcaad69a3ee9,val
form/form_0525.jpg,form_0525.jpg,form,real,original,d56b93b4b9ce,val
form/form_0528.jpg,form_0528.jpg,form,real,original,b357c75d68d5,val
form/form_0531.jpg,form_0531.jpg,form,real,original,f11194469b46,val
form/form_0536.jpg,form_0536.jpg,form,real,original,8b96cdcd3c72,val
form/form_0547.jpg,form_0547.jpg,form,real,original,21cd63c39943,val
form/form_0549.jpg,form_0549.jpg,form,real,original,d98180d68be1,val
form/form_0553.jpg,form_0553.jpg,form,real,original,815e3a89f5e8,val
form/form_0578.jpg,form_0578.jpg,form,real,original,dcb861518de6,val
form/form_0589.jpg,form_0589.jpg,form,real,original,86104c666ec3,val
form/form_0597.jpg,form_0597.jpg,form,real,original,039ca27be268,val
form/form_0598.jpg,form_0598.jpg,form,real,original,e0406c938b59,val
form/form_0608.jpg,form_0608.jpg,form,real,original,60c695e628b8,val
form/form_0612.jpg,form_0612.jpg,form,real,original,6047a0f6c3ce,val
form/form_0615.jpg,form_0615.jpg,form,real,original,08e351a87885,val
form/form_0621.jpg,form_0621.jpg,form,real,original,d5be1b6ad430,val
form/form_0626.jpg,form_0626.jpg,form,real,original,254719ec7023,val
form/form_0629.jpg,form_0629.jpg,form,real,original,65312e62780b,val
form/form_0634.jpg,form_0634.jpg,form,real,original,d7bdb502a87e,val
form/form_0660.jpg,form_0660.jpg,form,real,original,c5626ef81d9b,val
form/form_0663.jpg,form_0663.jpg,form,real,original,e209ed44e1f2,val
form/form_0664.jpg,form_0664.jpg,form,real,original,e51348e3d753,val
form/form_0668.jpg,form_0668.jpg,form,real,original,5e4b828dbec4,val
form/form_0674.jpg,form_0674.jpg,form,real,original,c4a1b8bc0d9a,val
form/form_0680.jpg,form_0680.jpg,form,real,original,58055e01e039,val
form/form_0683.jpg,form_0683.jpg,form,real,original,2ec335859484,val
form/form_0684.jpg,form_0684.jpg,form,real,original,36c32b16d11e,val
form/form_0695.jpg,form_0695.jpg,form,real,original,f3cec2de3d18,val
form/form_0698.jpg,form_0698.jpg,form,real,original,8bab609678c1,val
form/form_0711.jpg,form_0711.jpg,form,real,original,4ba0094c7ede,val
form/form_0714.jpg,form_0714.jpg,form,real,original,26e101f5d33a,val
form/form_0728.jpg,form_0728.jpg,form,real,original,a2e4807282c6,val
form/form_0747.jpg,form_0747.jpg,form,real,original,7df4b22b1204,val
form/form_0750.jpg,form_0750.jpg,form,real,original,1ec7f888f4cc,val
form/form_0764.jpg,form_0764.jpg,form,real,original,b9033a2d3b15,val
form/form_0766.jpg,form_0766.jpg,form,real,original,c04747c3380f,val
form/form_0769.jpg,form_0769.jpg,form,real,original,d494730bf16a,val
form/form_0775.jpg,form_0775.jpg,form,real,original,9862c702ca77,val
form/form_0776.jpg,form_0776.jpg,form,real,original,34e59d340c85,val
form/form_0777.jpg,form_0777.jpg,form,real,original,5fa4e3260490,val
form/form_0781.jpg,form_0781.jpg,form,real,original,4b2ff0406457,val
form/form_0783.jpg,form_0783.jpg,form,real,original,418f39c2c145,val
form/form_0794.jpg,form_0794.jpg,form,real,original,6cfd382594e3,val
form/form_0799.jpg,form_0799.jpg,form,real,original,278a898f34d4,val
form/form_modern/form_modern_0000.png,form_modern_0000.png,form,real,modern,af069bc76aee,val
form/form_modern/form_modern_0006.png,form_modern_0006.png,form,real,modern,3d39e312ce41,val
form/form_modern/form_modern_0008.png,form_modern_0008.png,form,real,modern,fb89197e59bb,val
form/form_modern/form_modern_0011.png,form_modern_0011.png,form,real,modern,f91b3c3dd589,val
form/form_modern/form_modern_0018.png,form_modern_0018.png,form,real,modern,a43dd6b67e8b,val
form/form_modern/form_modern_0028.png,form_modern_0028.png,form,real,modern,2d4e80742488,val
form/form_modern/form_modern_0034.png,form_modern_0034.png,form,real,modern,d44b8ba14fd6,val
form/form_modern/form_modern_0038.png,form_modern_0038.png,form,real,modern,274f8babbcdc,val
form/form_modern/form_modern_0040.png,form_modern_0040.png,form,real,modern,7e682e6e6e0a,val
form/form_modern/form_modern_0043.png,form_modern_0043.png,form,real,modern,5741fd8a17ef,val
form/form_modern/form_modern_0057.png,form_modern_0057.png,form,real,modern,6d6208b912a3,val
form/form_modern/form_modern_0064.png,form_modern_0064.png,form,real,modern,bf101a185a63,val
form/form_modern/form_modern_0069.png,form_modern_0069.png,form,real,modern,72d76a80e827,val
form/form_modern/form_modern_0073.png,form_modern_0073.png,form,real,modern,cbc57c40be75,val
form/form_modern/form_modern_0081.png,form_modern_0081.png,form,real,modern,524cd82ae8da,val
form/form_modern/form_modern_0089.png,form_modern_0089.png,form,real,modern,2755a680f616,val
form/form_modern/form_modern_0116.png,form_modern_0116.png,form,real,modern,7da38de31d0c,val
form/form_modern/form_modern_0125.png,form_modern_0125.png,form,real,modern,772a794f5b70,val
form/form_modern/form_modern_0146.png,form_modern_0146.png,form,real,modern,554af70c18c7,val
form/form_modern/form_modern_0148.png,form_modern_0148.png,form,real,modern,e93431eeed89,val
form/form_modern/form_modern_0164.png,form_modern_0164.png,form,real,modern,f8a85ec74054,val
form/form_modern/form_modern_0173.png,form_modern_0173.png,form,real,modern,90fe3dbfdc23,val
form/form_modern/form_modern_0177.png,form_modern_0177.png,form,real,modern,cb372e19d406,val
form/form_modern/form_modern_0185.png,form_modern_0185.png,form,real,modern,784a1ae80699,val
form/form_modern/form_modern_0189.png,form_modern_0189.png,form,real,modern,35cece4df561,val
form/form_modern/form_modern_0193.png,form_modern_0193.png,form,real,modern,6fc405d47201,val
form/form_modern/form_modern_0200.png,form_modern_0200.png,form,real,modern,3e12ac9740ca,val
form/form_modern/form_modern_0201.png,form_modern_0201.png,form,real,modern,3537a6a4bc20,val
form/form_modern/form_modern_0216.png,form_modern_0216.png,form,real,modern,f774f10fd2e7,val
form/form_modern/form_modern_0219.png,form_modern_0219.png,form,real,modern,c18fa0dae490,val
form/form_modern/form_modern_0223.png,form_modern_0223.png,form,real,modern,d79503c42768,val
form/form_modern/form_modern_0226.png,form_modern_0226.png,form,real,modern,654a9e872d97,val
form/form_modern/form_modern_0227.png,form_modern_0227.png,form,real,modern,5304589caa6a,val
form/form_modern/form_modern_0229.png,form_modern_0229.png,form,real,modern,0ef380118620,val
form/form_modern/form_modern_0250.png,form_modern_0250.png,form,real,modern,9f29803b9f4a,val
form/form_modern/form_modern_0251.png,form_modern_0251.png,form,real,modern,3cf654e4958d,val
form/form_modern/form_modern_0252.png,form_modern_0252.png,form,real,modern,18caf8d1a307,val
form/form_modern/form_modern_0258.png,form_modern_0258.png,form,real,modern,820c709eb161,val
form/form_modern/form_modern_0266.png,form_modern_0266.png,form,real,modern,def4582fe66b,val
form/form_modern/form_modern_0271.png,form_modern_0271.png,form,real,modern,dbde4f8b5b97,val
form/form_modern/form_modern_0274.png,form_modern_0274.png,form,real,modern,c2e138854377,val
form/form_modern/form_modern_0282.png,form_modern_0282.png,form,real,modern,62c2f24f27ec,val
form/form_modern/form_modern_0291.png,form_modern_0291.png,form,real,modern,19f63832770d,val
form/form_modern/form_modern_0300.png,form_modern_0300.png,form,real,modern,194d8e90a0ff,val
form/form_modern/form_modern_0302.png,form_modern_0302.png,form,real,modern,5a714a52d7b4,val
form/form_modern/form_modern_0315.png,form_modern_0315.png,form,real,modern,b6e9e976c796,val
form/form_modern/form_modern_0316.png,form_modern_0316.png,form,real,modern,d16d7a2f7a15,val
form/form_modern/form_modern_0344.png,form_modern_0344.png,form,real,modern,ed4f56666ec3,val
form/form_modern/form_modern_0345.png,form_modern_0345.png,form,real,modern,966acce98cb7,val
form/form_modern/form_modern_0347.png,form_modern_0347.png,form,real,modern,7d909817b102,val
form/form_modern/form_modern_0357.png,form_modern_0357.png,form,real,modern,895b78a4bdce,val
form/form_modern/form_modern_0360.png,form_modern_0360.png,form,real,modern,4e9f1d62e7ff,val
form/form_modern/form_modern_0364.png,form_modern_0364.png,form,real,modern,d94b8e5e5006,val
form/form_modern/form_modern_0368.png,form_modern_0368.png,form,real,modern,d6f5ded3e0ca,val
form/form_modern/form_modern_0372.png,form_modern_0372.png,form,real,modern,936c52625255,val
form/form_modern/form_modern_0373.png,form_modern_0373.png,form,real,modern,08baff54afa4,val
form/form_modern/form_modern_0380.png,form_modern_0380.png,form,real,modern,34f59c7cbe2a,val
form/form_modern/form_modern_0382.png,form_modern_0382.png,form,real,modern,80ae09086842,val
form/form_modern/form_modern_0384.png,form_modern_0384.png,form,real,modern,9fd9d6c1a48f,val
form/form_modern/form_modern_0392.png,form_modern_0392.png,form,real,modern,aa17f8d5d9bf,val
form/form_modern/form_modern_0393.png,form_modern_0393.png,form,real,modern,1c591fb6e2b1,val
form/form_modern/form_modern_0403.png,form_modern_0403.png,form,real,modern,a3929543bc98,val
form/form_modern/form_modern_0405.png,form_modern_0405.png,form,real,modern,26f6624050a7,val
form/form_modern/form_modern_0414.png,form_modern_0414.png,form,real,modern,d7d3db7091a6,val
form/form_modern/form_modern_0424.png,form_modern_0424.png,form,real,modern,9d8eae3ff71e,val
form/form_modern/form_modern_0428.png,form_modern_0428.png,form,real,modern,cd3c1a4d1831,val
form/form_modern/form_modern_0445.png,form_modern_0445.png,form,real,modern,a50f45eb6095,val
id_card/aadhaar_like_0010.jpg,aadhaar_like_0010.jpg,id_card,synthetic,original,feafc956b400,test
id_card/aadhaar_like_0012.jpg,aadhaar_like_0012.jpg,id_card,synthetic,original,1232a8c836f7,test
id_card/aadhaar_like_0014.jpg,aadhaar_like_0014.jpg,id_card,synthetic,original,9148f6698188,test
id_card/aadhaar_like_0028.jpg,aadhaar_like_0028.jpg,id_card,synthetic,original,f601ffa04321,test
id_card/aadhaar_like_0035.jpg,aadhaar_like_0035.jpg,id_card,synthetic,original,80102eb283ad,test
id_card/aadhaar_like_0036.jpg,aadhaar_like_0036.jpg,id_card,synthetic,original,131f13261465,test
id_card/aadhaar_like_0042.jpg,aadhaar_like_0042.jpg,id_card,synthetic,original,83d653032464,test
id_card/aadhaar_like_0051.jpg,aadhaar_like_0051.jpg,id_card,synthetic,original,ef06af66909f,test
id_card/aadhaar_like_0067.jpg,aadhaar_like_0067.jpg,id_card,synthetic,original,a31eec5bb2e5,test
id_card/aadhaar_like_0073.jpg,aadhaar_like_0073.jpg,id_card,synthetic,original,18b72f1463ac,test
id_card/aadhaar_like_0085.jpg,aadhaar_like_0085.jpg,id_card,synthetic,original,096ca3946180,test
id_card/aadhaar_like_0093.jpg,aadhaar_like_0093.jpg,id_card,synthetic,original,19bcd22cfeaf,test
id_card/aadhaar_like_0102.jpg,aadhaar_like_0102.jpg,id_card,synthetic,original,5cb7779008f7,test
id_card/aadhaar_like_0119.jpg,aadhaar_like_0119.jpg,id_card,synthetic,original,39b933726b00,test
id_card/aadhaar_like_0126.jpg,aadhaar_like_0126.jpg,id_card,synthetic,original,8551acfabbf1,test
id_card/aadhaar_like_0133.jpg,aadhaar_like_0133.jpg,id_card,synthetic,original,9e627555246b,test
id_card/aadhaar_like_0143.jpg,aadhaar_like_0143.jpg,id_card,synthetic,original,9945ef3d9795,test
id_card/aadhaar_like_0149.jpg,aadhaar_like_0149.jpg,id_card,synthetic,original,6bda17620827,test
id_card/aadhaar_like_0152.jpg,aadhaar_like_0152.jpg,id_card,synthetic,original,3b66f52ec625,test
id_card/aadhaar_like_0165.jpg,aadhaar_like_0165.jpg,id_card,synthetic,original,4d455dcfcf4a,test
id_card/aadhaar_like_0186.jpg,aadhaar_like_0186.jpg,id_card,synthetic,original,4440e6a90d1a,test
id_card/aadhaar_like_0196.jpg,aadhaar_like_0196.jpg,id_card,synthetic,original,21820d3d7c29,test
id_card/aadhaar_like_0198.jpg,aadhaar_like_0198.jpg,id_card,synthetic,original,f1332e294e96,test
id_card/aadhaar_like_0208.jpg,aadhaar_like_0208.jpg,id_card,synthetic,original,4fcfe3f2990e,test
id_card/aadhaar_like_0231.jpg,aadhaar_like_0231.jpg,id_card,synthetic,original,4c595582ca12,test
id_card/aadhaar_like_0242.jpg,aadhaar_like_0242.jpg,id_card,synthetic,original,511f57ee264f,test
id_card/aadhaar_like_0262.jpg,aadhaar_like_0262.jpg,id_card,synthetic,original,14a34ffade92,test
id_card/aadhaar_like_0263.jpg,aadhaar_like_0263.jpg,id_card,synthetic,original,0268a3dbe675,test
id_card/aadhaar_like_0282.jpg,aadhaar_like_0282.jpg,id_card,synthetic,original,f59ac71f298c,test
id_card/aadhaar_like_0293.jpg,aadhaar_like_0293.jpg,id_card,synthetic,original,866f5dcadd5b,test
id_card/aadhaar_like_0302.jpg,aadhaar_like_0302.jpg,id_card,synthetic,original,4491183e94fc,test
id_card/aadhaar_like_0303.jpg,aadhaar_like_0303.jpg,id_card,synthetic,original,53ce8a290388,test
id_card/aadhaar_like_0311.jpg,aadhaar_like_0311.jpg,id_card,synthetic,original,80aa4bf987d9,test
id_card/aadhaar_like_0312.jpg,aadhaar_like_0312.jpg,id_card,synthetic,original,2293da3c6012,test
id_card/aadhaar_like_0318.jpg,aadhaar_like_0318.jpg,id_card,synthetic,original,c7e1b42f0b90,test
id_card/aadhaar_like_0321.jpg,aadhaar_like_0321.jpg,id_card,synthetic,original,604360d3c03b,test
id_card/aadhaar_like_0328.jpg,aadhaar_like_0328.jpg,id_card,synthetic,original,7405d7ace3e8,test
id_card/aadhaar_like_0336.jpg,aadhaar_like_0336.jpg,id_card,synthetic,original,7ae516e266ee,test
id_card/aadhaar_like_0341.jpg,aadhaar_like_0341.jpg,id_card,synthetic,original,cbe9b1e4504a,test
id_card/aadhaar_like_0342.jpg,aadhaar_like_0342.jpg,id_card,synthetic,original,b0497d977fd1,test
id_card/aadhaar_like_0343.jpg,aadhaar_like_0343.jpg,id_card,synthetic,original,732d0497027e,test
id_card/aadhaar_like_0350.jpg,aadhaar_like_0350.jpg,id_card,synthetic,original,0278be4c6b68,test
id_card/aadhaar_like_0353.jpg,aadhaar_like_0353.jpg,id_card,synthetic,original,f19e28143ade,test
id_card/aadhaar_like_0364.jpg,aadhaar_like_0364.jpg,id_card,synthetic,original,6d6fdc9117d3,test
id_card/aadhaar_like_0373.jpg,aadhaar_like_0373.jpg,id_card,synthetic,original,08e6479320d1,test
id_card/aadhaar_like_0378.jpg,aadhaar_like_0378.jpg,id_card,synthetic,original,0ae52f2f8d8f,test
id_card/aadhaar_like_0384.jpg,aadhaar_like_0384.jpg,id_card,synthetic,original,5cef132dce4f,test
id_card/aadhaar_like_0407.jpg,aadhaar_like_0407.jpg,id_card,synthetic,original,4e47f6cc13cf,test
id_card/aadhaar_like_0419.jpg,aadhaar_like_0419.jpg,id_card,synthetic,original,8737ff616bf6,test
id_card/aadhaar_like_0420.jpg,aadhaar_like_0420.jpg,id_card,synthetic,original,7b5b62743ae1,test
id_card/aadhaar_like_0427.jpg,aadhaar_like_0427.jpg,id_card,synthetic,original,0c8ff751be2d,test
id_card/aadhaar_like_0428.jpg,aadhaar_like_0428.jpg,id_card,synthetic,original,70fe6ff52a9a,test
id_card/aadhaar_like_0429.jpg,aadhaar_like_0429.jpg,id_card,synthetic,original,de9e4e77c3ce,test
id_card/aadhaar_like_0445.jpg,aadhaar_like_0445.jpg,id_card,synthetic,original,cf49cde21bcc,test
id_card/aadhaar_like_0449.jpg,aadhaar_like_0449.jpg,id_card,synthetic,original,67c346c8db36,test
id_card/aadhaar_like_0453.jpg,aadhaar_like_0453.jpg,id_card,synthetic,original,0a6255203c03,test
id_card/aadhaar_like_0459.jpg,aadhaar_like_0459.jpg,id_card,synthetic,original,e0f5100f395c,test
id_card/aadhaar_like_0460.jpg,aadhaar_like_0460.jpg,id_card,synthetic,original,2970d520754f,test
id_card/aadhaar_like_0470.jpg,aadhaar_like_0470.jpg,id_card,synthetic,original,ff89932c36f3,test
id_card/aadhaar_like_0481.jpg,aadhaar_like_0481.jpg,id_card,synthetic,original,7701cea38f0c,test
id_card/aadhaar_like_0483.jpg,aadhaar_like_0483.jpg,id_card,synthetic,original,c7a6f86b8973,test
id_card/aadhaar_like_0485.jpg,aadhaar_like_0485.jpg,id_card,synthetic,original,8709a3029eae,test
id_card/aadhaar_like_0489.jpg,aadhaar_like_0489.jpg,id_card,synthetic,original,72ffb920be13,test
id_card/aadhaar_like_0490.jpg,aadhaar_like_0490.jpg,id_card,synthetic,original,a65eb7eca0d6,test
id_card/aadhaar_like_0495.jpg,aadhaar_like_0495.jpg,id_card,synthetic,original,6832e49cf717,test
id_card/aadhaar_like_0498.jpg,aadhaar_like_0498.jpg,id_card,synthetic,original,7edb48a3a491,test
id_card/aadhaar_like_0509.jpg,aadhaar_like_0509.jpg,id_card,synthetic,original,e8fba2600d1f,test
id_card/aadhaar_like_0511.jpg,aadhaar_like_0511.jpg,id_card,synthetic,original,ec5e8ef9ca8b,test
id_card/aadhaar_like_0515.jpg,aadhaar_like_0515.jpg,id_card,synthetic,original,acefc6939372,test
id_card/aadhaar_like_0516.jpg,aadhaar_like_0516.jpg,id_card,synthetic,original,2748cc98480d,test
id_card/aadhaar_like_0517.jpg,aadhaar_like_0517.jpg,id_card,synthetic,original,d8eb90729e2f,test
id_card/aadhaar_like_0521.jpg,aadhaar_like_0521.jpg,id_card,synthetic,original,6a224179f131,test
id_card/aadhaar_like_0526.jpg,aadhaar_like_0526.jpg,id_card,synthetic,original,29af22c0d216,test
id_card/aadhaar_like_0531.jpg,aadhaar_like_0531.jpg,id_card,synthetic,original,16859688fb36,test
id_card/aadhaar_like_0532.jpg,aadhaar_like_0532.jpg,id_card,synthetic,original,4757bb933cc9,test
id_card/aadhaar_like_0553.jpg,aadhaar_like_0553.jpg,id_card,synthetic,original,5633ac007ad0,test
id_card/aadhaar_like_0554.jpg,aadhaar_like_0554.jpg,id_card,synthetic,original,5f303f5e0694,test
id_card/aadhaar_like_0576.jpg,aadhaar_like_0576.jpg,id_card,synthetic,original,59dce5962dfe,test
id_card/aadhaar_like_0578.jpg,aadhaar_like_0578.jpg,id_card,synthetic,original,4c5d240139b7,test
id_card/aadhaar_like_0581.jpg,aadhaar_like_0581.jpg,id_card,synthetic,original,bf2c919d09d5,test
id_card/aadhaar_like_0584.jpg,aadhaar_like_0584.jpg,id_card,synthetic,original,351c540e4a59,test
id_card/aadhaar_like_0592.jpg,aadhaar_like_0592.jpg,id_card,synthetic,original,1bdd25495d28,test
id_card/aadhaar_like_0605.jpg,aadhaar_like_0605.jpg,id_card,synthetic,original,1031ce32bac5,test
id_card/aadhaar_like_0608.jpg,aadhaar_like_0608.jpg,id_card,synthetic,original,1ed338c9e2ba,test
id_card/aadhaar_like_0619.jpg,aadhaar_like_0619.jpg,id_card,synthetic,original,c79995fe16c3,test
id_card/aadhaar_like_0631.jpg,aadhaar_like_0631.jpg,id_card,synthetic,original,fe23d58609b3,test
id_card/aadhaar_like_0637.jpg,aadhaar_like_0637.jpg,id_card,synthetic,original,dd33aad20aef,test
id_card/aadhaar_like_0644.jpg,aadhaar_like_0644.jpg,id_card,synthetic,original,62b7038214be,test
id_card/aadhaar_like_0650.jpg,aadhaar_like_0650.jpg,id_card,synthetic,original,1570d0d2b7a2,test
id_card/aadhaar_like_0663.jpg,aadhaar_like_0663.jpg,id_card,synthetic,original,85b2e1db9dc5,test
id_card/aadhaar_like_0664.jpg,aadhaar_like_0664.jpg,id_card,synthetic,original,6dc5751b4525,test
id_card/aadhaar_like_0666.jpg,aadhaar_like_0666.jpg,id_card,synthetic,original,8660cd117d57,test
id_card/aadhaar_like_0682.jpg,aadhaar_like_0682.jpg,id_card,synthetic,original,91b41a73a0d2,test
id_card/aadhaar_like_0691.jpg,aadhaar_like_0691.jpg,id_card,synthetic,original,b7bc66cb4166,test
id_card/aadhaar_like_0693.jpg,aadhaar_like_0693.jpg,id_card,synthetic,original,76829fad59dd,test
id_card/aadhaar_like_0720.jpg,aadhaar_like_0720.jpg,id_card,synthetic,original,43be32c42a8f,test
id_card/aadhaar_like_0725.jpg,aadhaar_like_0725.jpg,id_card,synthetic,original,2ae4de662b41,test
id_card/aadhaar_like_0732.jpg,aadhaar_like_0732.jpg,id_card,synthetic,original,fa3902a66844,test
id_card/aadhaar_like_0746.jpg,aadhaar_like_0746.jpg,id_card,synthetic,original,8e4c9b26caf8,test
id_card/aadhaar_like_0752.jpg,aadhaar_like_0752.jpg,id_card,synthetic,original,9ceadbdde8de,test
id_card/aadhaar_like_0755.jpg,aadhaar_like_0755.jpg,id_card,synthetic,original,7c3a297fc70d,test
id_card/aadhaar_like_0761.jpg,aadhaar_like_0761.jpg,id_card,synthetic,original,5a58bc335aad,test
id_card/aadhaar_like_0781.jpg,aadhaar_like_0781.jpg,id_card,synthetic,original,aeabd492c0be,test
id_card/aadhaar_like_0783.jpg,aadhaar_like_0783.jpg,id_card,synthetic,original,66bbcbb6286a,test
id_card/aadhaar_like_0787.jpg,aadhaar_like_0787.jpg,id_card,synthetic,original,4b421566c78e,test
id_card/aadhaar_like_0789.jpg,aadhaar_like_0789.jpg,id_card,synthetic,original,91708e73648b,test
id_card/aadhaar_like_0793.jpg,aadhaar_like_0793.jpg,id_card,synthetic,original,4007ab4bc38d,test
id_card/aadhaar_like_0797.jpg,aadhaar_like_0797.jpg,id_card,synthetic,original,67f014e9c0df,test
id_card/company_id_0004.jpg,company_id_0004.jpg,id_card,synthetic,original,00c7d4bde4e4,test
id_card/company_id_0021.jpg,company_id_0021.jpg,id_card,synthetic,original,5b318a357241,test
id_card/company_id_0027.jpg,company_id_0027.jpg,id_card,synthetic,original,b3fec786ba05,test
id_card/company_id_0037.jpg,company_id_0037.jpg,id_card,synthetic,original,a44c18674f06,test
id_card/company_id_0042.jpg,company_id_0042.jpg,id_card,synthetic,original,5da738c482c9,test
id_card/company_id_0058.jpg,company_id_0058.jpg,id_card,synthetic,original,8cb3648d0e2a,test
id_card/company_id_0061.jpg,company_id_0061.jpg,id_card,synthetic,original,280d3ad62eb0,test
id_card/company_id_0065.jpg,company_id_0065.jpg,id_card,synthetic,original,5cb203a1d51d,test
id_card/company_id_0066.jpg,company_id_0066.jpg,id_card,synthetic,original,5fa23efd42cb,test
id_card/company_id_0086.jpg,company_id_0086.jpg,id_card,synthetic,original,1f9c525e1ac7,test
id_card/company_id_0090.jpg,company_id_0090.jpg,id_card,synthetic,original,60f247cb1d83,test
id_card/company_id_0091.jpg,company_id_0091.jpg,id_card,synthetic,original,d6ec86665618,test
id_card/company_id_0102.jpg,company_id_0102.jpg,id_card,synthetic,original,b4bbcb5579ab,test
id_card/company_id_0114.jpg,company_id_0114.jpg,id_card,synthetic,original,303870435242,test
id_card/company_id_0118.jpg,company_id_0118.jpg,id_card,synthetic,original,4c9c5184855f,test
id_card/company_id_0120.jpg,company_id_0120.jpg,id_card,synthetic,original,2620b2e9e693,test
id_card/company_id_0123.jpg,company_id_0123.jpg,id_card,synthetic,original,333622040c31,test
id_card/company_id_0131.jpg,company_id_0131.jpg,id_card,synthetic,original,1e84d66199c4,test
id_card/company_id_0158.jpg,company_id_0158.jpg,id_card,synthetic,original,3f70d5f9b42b,test
id_card/company_id_0163.jpg,company_id_0163.jpg,id_card,synthetic,original,75817d2eec76,test
id_card/company_id_0167.jpg,company_id_0167.jpg,id_card,synthetic,original,be77c1c44940,test
id_card/company_id_0168.jpg,company_id_0168.jpg,id_card,synthetic,original,7b5c54317de0,test
id_card/company_id_0170.jpg,company_id_0170.jpg,id_card,synthetic,original,d210232f8aae,test
id_card/company_id_0174.jpg,company_id_0174.jpg,id_card,synthetic,original,08a20c547bb2,test
id_card/company_id_0177.jpg,company_id_0177.jpg,id_card,synthetic,original,ab56b93cc42a,test
id_card/company_id_0183.jpg,company_id_0183.jpg,id_card,synthetic,original,b405dad04afb,test
id_card/company_id_0186.jpg,company_id_0186.jpg,id_card,synthetic,original,884aab15f503,test
id_card/company_id_0187.jpg,company_id_0187.jpg,id_card,synthetic,original,3cf4bf6d6bb6,test
id_card/company_id_0198.jpg,company_id_0198.jpg,id_card,synthetic,original,1e35975dfe72,test
id_card/employee_id_0000.jpg,employee_id_0000.jpg,id_card,synthetic,original,97186a59a530,test
id_card/employee_id_0004.jpg,employee_id_0004.jpg,id_card,synthetic,original,38ae2d597df5,test
id_card/employee_id_0013.jpg,employee_id_0013.jpg,id_card,synthetic,original,e0ccb7285ce7,test
id_card/employee_id_0014.jpg,employee_id_0014.jpg,id_card,synthetic,original,ae6ccc410cfa,test
id_card/employee_id_0024.jpg,employee_id_0024.jpg,id_card,synthetic,original,3c927335f820,test
id_card/employee_id_0035.jpg,employee_id_0035.jpg,id_card,synthetic,original,9cd24fbfccda,test
id_card/employee_id_0050.jpg,employee_id_0050.jpg,id_card,synthetic,original,f6abddc18916,test
id_card/employee_id_0058.jpg,employee_id_0058.jpg,id_card,synthetic,original,56188a3a0154,test
id_card/employee_id_0060.jpg,employee_id_0060.jpg,id_card,synthetic,original,aeba5a394321,test
id_card/employee_id_0062.jpg,employee_id_0062.jpg,id_card,synthetic,original,f6b7e9710321,test
id_card/employee_id_0066.jpg,employee_id_0066.jpg,id_card,synthetic,original,3a8d6659c265,test
id_card/employee_id_0072.jpg,employee_id_0072.jpg,id_card,synthetic,original,3792ea7d145a,test
id_card/employee_id_0082.jpg,employee_id_0082.jpg,id_card,synthetic,original,7d66ac732cba,test
id_card/employee_id_0091.jpg,employee_id_0091.jpg,id_card,synthetic,original,77dfc828f5d2,test
id_card/employee_id_0092.jpg,employee_id_0092.jpg,id_card,synthetic,original,461c149a735f,test
id_card/employee_id_0101.jpg,employee_id_0101.jpg,id_card,synthetic,original,dab32d0299f0,test
id_card/employee_id_0112.jpg,employee_id_0112.jpg,id_card,synthetic,original,2614ab4c596a,test
id_card/employee_id_0125.jpg,employee_id_0125.jpg,id_card,synthetic,original,daea25e3d29d,test
id_card/employee_id_0130.jpg,employee_id_0130.jpg,id_card,synthetic,original,3c47b56dbfe4,test
id_card/employee_id_0131.jpg,employee_id_0131.jpg,id_card,synthetic,original,2a211de14a56,test
id_card/employee_id_0140.jpg,employee_id_0140.jpg,id_card,synthetic,original,bf82ada7b809,test
id_card/employee_id_0142.jpg,employee_id_0142.jpg,id_card,synthetic,original,5ff807d8520f,test
id_card/employee_id_0149.jpg,employee_id_0149.jpg,id_card,synthetic,original,51606e5e8339,test
id_card/employee_id_0168.jpg,employee_id_0168.jpg,id_card,synthetic,original,71cc7b6b72a4,test
id_card/employee_id_0170.jpg,employee_id_0170.jpg,id_card,synthetic,original,c1007772a054,test
id_card/employee_id_0185.jpg,employee_id_0185.jpg,id_card,synthetic,original,2aa884eef9b4,test
id_card/employee_id_0198.jpg,employee_id_0198.jpg,id_card,synthetic,original,620db505ec76,test
id_card/student_id_0001.jpg,student_id_0001.jpg,id_card,synthetic,original,4854d18828c9,test
id_card/student_id_0005.jpg,student_id_0005.jpg,id_card,synthetic,original,8b6794a1419d,test
id_card/student_id_0008.jpg,student_id_0008.jpg,id_card,synthetic,original,564886b8381f,test
id_card/student_id_0009.jpg,student_id_0009.jpg,id_card,synthetic,original,d8e9775936d3,test
id_card/student_id_0016.jpg,student_id_0016.jpg,id_card,synthetic,original,28e5cc9bab57,test
id_card/student_id_0023.jpg,student_id_0023.jpg,id_card,synthetic,original,2a22a3ac6aa0,test
id_card/student_id_0032.jpg,student_id_0032.jpg,id_card,synthetic,original,3b87d5d82248,test
id_card/student_id_0040.jpg,student_id_0040.jpg,id_card,synthetic,original,e7b45530b7d2,test
id_card/student_id_0041.jpg,student_id_0041.jpg,id_card,synthetic,original,de414d9e67fe,test
id_card/student_id_0046.jpg,student_id_0046.jpg,id_card,synthetic,original,9c20c31940e7,test
id_card/student_id_0053.jpg,student_id_0053.jpg,id_card,synthetic,original,04b4aba836b1,test
id_card/student_id_0066.jpg,student_id_0066.jpg,id_card,synthetic,original,7197d0369f3f,test
id_card/student_id_0068.jpg,student_id_0068.jpg,id_card,synthetic,original,9b1a748946ca,test
id_card/student_id_0069.jpg,student_id_0069.jpg,id_card,synthetic,original,8baa2b561b4b,test
id_card/student_id_0070.jpg,student_id_0070.jpg,id_card,synthetic,original,1155ad12d72b,test
id_card/student_id_0073.jpg,student_id_0073.jpg,id_card,synthetic,original,e6b6876ee66d,test
id_card/student_id_0074.jpg,student_id_0074.jpg,id_card,synthetic,original,cfb1e1b6cfbd,test
id_card/student_id_0079.jpg,student_id_0079.jpg,id_card,synthetic,original,5f1dc5355540,test
id_card/student_id_0089.jpg,student_id_0089.jpg,id_card,synthetic,original,34db462f417b,test
id_card/student_id_0091.jpg,student_id_0091.jpg,id_card,synthetic,original,1694d770b2c0,test
id_card/student_id_0096.jpg,student_id_0096.jpg,id_card,synthetic,original,7a610ab362f1,test
id_card/student_id_0099.jpg,student_id_0099.jpg,id_card,synthetic,original,e8019734e237,test
id_card/student_id_0102.jpg,student_id_0102.jpg,id_card,synthetic,original,da812cbd277d,test
id_card/student_id_0105.jpg,student_id_0105.jpg,id_card,synthetic,original,7626a8187c41,test
id_card/student_id_0107.jpg,student_id_0107.jpg,id_card,synthetic,original,fc90fb530777,test
id_card/student_id_0114.jpg,student_id_0114.jpg,id_card,synthetic,original,3a5cd4791653,test
id_card/student_id_0116.jpg,student_id_0116.jpg,id_card,synthetic,original,639a3190362a,test
id_card/student_id_0121.jpg,student_id_0121.jpg,id_card,synthetic,original,f4e741724aff,test
id_card/student_id_0133.jpg,student_id_0133.jpg,id_card,synthetic,original,341f5519ee31,test
id_card/student_id_0143.jpg,student_id_0143.jpg,id_card,synthetic,original,55b56dbf04e4,test
id_card/student_id_0144.jpg,student_id_0144.jpg,id_card,synthetic,original,3f33215c4514,test
id_card/student_id_0146.jpg,student_id_0146.jpg,id_card,synthetic,original,55d2f14d2474,test
id_card/student_id_0147.jpg,student_id_0147.jpg,id_card,synthetic,original,1aa39f906cf3,test
id_card/student_id_0148.jpg,student_id_0148.jpg,id_card,synthetic,original,f0a849ce21ef,test
id_card/student_id_0151.jpg,student_id_0151.jpg,id_card,synthetic,original,7470c35d2e21,test
id_card/student_id_0155.jpg,student_id_0155.jpg,id_card,synthetic,original,eaf369ff1e24,test
id_card/student_id_0158.jpg,student_id_0158.jpg,id_card,synthetic,original,dd9789cea67d,test
id_card/student_id_0161.jpg,student_id_0161.jpg,id_card,synthetic,original,fc51e6eca3ec,test
id_card/student_id_0163.jpg,student_id_0163.jpg,id_card,synthetic,original,42315faab2ce,test
id_card/student_id_0169.jpg,student_id_0169.jpg,id_card,synthetic,original,f2d2744e63b4,test
id_card/student_id_0171.jpg,student_id_0171.jpg,id_card,synthetic,original,ea40093555cc,test
id_card/student_id_0185.jpg,student_id_0185.jpg,id_card,synthetic,original,33664476a269,test
id_card/student_id_0186.jpg,student_id_0186.jpg,id_card,synthetic,original,32b41ae29156,test
id_card/student_id_0189.jpg,student_id_0189.jpg,id_card,synthetic,original,b23f07c484fb,test
id_card/student_id_0194.jpg,student_id_0194.jpg,id_card,synthetic,original,d968e9ed8c02,test
id_card/student_id_0198.jpg,student_id_0198.jpg,id_card,synthetic,original,0461876b701f,test
id_card/aadhaar_like_0001.jpg,aadhaar_like_0001.jpg,id_card,synthetic,original,5602fd6d8655,train
id_card/aadhaar_like_0003.jpg,aadhaar_like_0003.jpg,id_card,synthetic,original,94507dc3fafb,train
id_card/aadhaar_like_0004.jpg,aadhaar_like_0004.jpg,id_card,synthetic,original,485add720a23,train
id_card/aadhaar_like_0005.jpg,aadhaar_like_0005.jpg,id_card,synthetic,original,06d222a83450,train
id_card/aadhaar_like_0006.jpg,aadhaar_like_0006.jpg,id_card,synthetic,original,e7128d5cc263,train
id_card/aadhaar_like_0007.jpg,aadhaar_like_0007.jpg,id_card,synthetic,original,8e1a49158845,train
id_card/aadhaar_like_0008.jpg,aadhaar_like_0008.jpg,id_card,synthetic,original,06cfc130a35f,train
id_card/aadhaar_like_0009.jpg,aadhaar_like_0009.jpg,id_card,synthetic,original,a29297101c96,train
id_card/aadhaar_like_0011.jpg,aadhaar_like_0011.jpg,id_card,synthetic,original,12855f9f0c73,train
id_card/aadhaar_like_0013.jpg,aadhaar_like_0013.jpg,id_card,synthetic,original,6f5a8ee761b6,train
id_card/aadhaar_like_0015.jpg,aadhaar_like_0015.jpg,id_card,synthetic,original,9d57a8ba4076,train
id_card/aadhaar_like_0016.jpg,aadhaar_like_0016.jpg,id_card,synthetic,original,2d7da50ca986,train
id_card/aadhaar_like_0017.jpg,aadhaar_like_0017.jpg,id_card,synthetic,original,b78651607c15,train
id_card/aadhaar_like_0018.jpg,aadhaar_like_0018.jpg,id_card,synthetic,original,b4c1b8f39851,train
id_card/aadhaar_like_0020.jpg,aadhaar_like_0020.jpg,id_card,synthetic,original,8c3865880b94,train
id_card/aadhaar_like_0022.jpg,aadhaar_like_0022.jpg,id_card,synthetic,original,01386fd06143,train
id_card/aadhaar_like_0023.jpg,aadhaar_like_0023.jpg,id_card,synthetic,original,ec3361ccca71,train
id_card/aadhaar_like_0025.jpg,aadhaar_like_0025.jpg,id_card,synthetic,original,526009e0063d,train
id_card/aadhaar_like_0026.jpg,aadhaar_like_0026.jpg,id_card,synthetic,original,839731f60221,train
id_card/aadhaar_like_0027.jpg,aadhaar_like_0027.jpg,id_card,synthetic,original,c08e96908e6b,train
id_card/aadhaar_like_0029.jpg,aadhaar_like_0029.jpg,id_card,synthetic,original,76847c219653,train
id_card/aadhaar_like_0030.jpg,aadhaar_like_0030.jpg,id_card,synthetic,original,2488fe30c759,train
id_card/aadhaar_like_0031.jpg,aadhaar_like_0031.jpg,id_card,synthetic,original,c39cfcf6d134,train
id_card/aadhaar_like_0032.jpg,aadhaar_like_0032.jpg,id_card,synthetic,original,48b4ec384121,train
id_card/aadhaar_like_0033.jpg,aadhaar_like_0033.jpg,id_card,synthetic,original,4de5ee1e4b13,train
id_card/aadhaar_like_0034.jpg,aadhaar_like_0034.jpg,id_card,synthetic,original,4d74b6dd1f1e,train
id_card/aadhaar_like_0037.jpg,aadhaar_like_0037.jpg,id_card,synthetic,original,84a01b5c0770,train
id_card/aadhaar_like_0038.jpg,aadhaar_like_0038.jpg,id_card,synthetic,original,0484263691ce,train
id_card/aadhaar_like_0039.jpg,aadhaar_like_0039.jpg,id_card,synthetic,original,c3b5eec88a21,train
id_card/aadhaar_like_0040.jpg,aadhaar_like_0040.jpg,id_card,synthetic,original,b0d704c612db,train
id_card/aadhaar_like_0041.jpg,aadhaar_like_0041.jpg,id_card,synthetic,original,42b6a5719870,train
id_card/aadhaar_like_0044.jpg,aadhaar_like_0044.jpg,id_card,synthetic,original,a0a7f1e4d6a0,train
id_card/aadhaar_like_0045.jpg,aadhaar_like_0045.jpg,id_card,synthetic,original,437f4bc2c8b7,train
id_card/aadhaar_like_0046.jpg,aadhaar_like_0046.jpg,id_card,synthetic,original,3bc3ccc28bbd,train
id_card/aadhaar_like_0047.jpg,aadhaar_like_0047.jpg,id_card,synthetic,original,02072965395d,train
id_card/aadhaar_like_0048.jpg,aadhaar_like_0048.jpg,id_card,synthetic,original,1c29ad00255d,train
id_card/aadhaar_like_0049.jpg,aadhaar_like_0049.jpg,id_card,synthetic,original,4aadaf837133,train
id_card/aadhaar_like_0052.jpg,aadhaar_like_0052.jpg,id_card,synthetic,original,7297a426c490,train
id_card/aadhaar_like_0053.jpg,aadhaar_like_0053.jpg,id_card,synthetic,original,7aaa3321e490,train
id_card/aadhaar_like_0054.jpg,aadhaar_like_0054.jpg,id_card,synthetic,original,79939f548fe0,train
id_card/aadhaar_like_0056.jpg,aadhaar_like_0056.jpg,id_card,synthetic,original,85e12d485e11,train
id_card/aadhaar_like_0057.jpg,aadhaar_like_0057.jpg,id_card,synthetic,original,37ca0e62bc0c,train
id_card/aadhaar_like_0059.jpg,aadhaar_like_0059.jpg,id_card,synthetic,original,6dcedda6a4ef,train
id_card/aadhaar_like_0060.jpg,aadhaar_like_0060.jpg,id_card,synthetic,original,b4cc07b32421,train
id_card/aadhaar_like_0061.jpg,aadhaar_like_0061.jpg,id_card,synthetic,original,3ec6284a6b93,train
id_card/aadhaar_like_0062.jpg,aadhaar_like_0062.jpg,id_card,synthetic,original,a956ff22b9cc,train
id_card/aadhaar_like_0063.jpg,aadhaar_like_0063.jpg,id_card,synthetic,original,ac159c16d7ec,train
id_card/aadhaar_like_0064.jpg,aadhaar_like_0064.jpg,id_card,synthetic,original,f580372765e0,train
id_card/aadhaar_like_0065.jpg,aadhaar_like_0065.jpg,id_card,synthetic,original,579c2cf49b56,train
id_card/aadhaar_like_0068.jpg,aadhaar_like_0068.jpg,id_card,synthetic,original,8b7fe4572efb,train
id_card/aadhaar_like_0069.jpg,aadhaar_like_0069.jpg,id_card,synthetic,original,e05c6a86ec0b,train
id_card/aadhaar_like_0070.jpg,aadhaar_like_0070.jpg,id_card,synthetic,original,4387833c6131,train
id_card/aadhaar_like_0071.jpg,aadhaar_like_0071.jpg,id_card,synthetic,original,ac08202a8cf4,train
id_card/aadhaar_like_0072.jpg,aadhaar_like_0072.jpg,id_card,synthetic,original,71d1a33314bf,train
id_card/aadhaar_like_0074.jpg,aadhaar_like_0074.jpg,id_card,synthetic,original,5fe5ca09d9d9,train
id_card/aadhaar_like_0075.jpg,aadhaar_like_0075.jpg,id_card,synthetic,original,f370e1aecbc2,train
id_card/aadhaar_like_0076.jpg,aadhaar_like_0076.jpg,id_card,synthetic,original,6cd26efc83cf,train
id_card/aadhaar_like_0077.jpg,aadhaar_like_0077.jpg,id_card,synthetic,original,3ed75e61ba46,train
id_card/aadhaar_like_0078.jpg,aadhaar_like_0078.jpg,id_card,synthetic,original,a0b190954eff,train
id_card/aadhaar_like_0079.jpg,aadhaar_like_0079.jpg,id_card,synthetic,original,c865595d02c6,train
id_card/aadhaar_like_0080.jpg,aadhaar_like_0080.jpg,id_card,synthetic,original,dbf1a800af9f,train
id_card/aadhaar_like_0081.jpg,aadhaar_like_0081.jpg,id_card,synthetic,original,c002c43bfb2d,train
id_card/aadhaar_like_0082.jpg,aadhaar_like_0082.jpg,id_card,synthetic,original,d6ed497e507c,train
id_card/aadhaar_like_0083.jpg,aadhaar_like_0083.jpg,id_card,synthetic,original,3dd084aee7cc,train
id_card/aadhaar_like_0084.jpg,aadhaar_like_0084.jpg,id_card,synthetic,original,605cddc3e700,train
id_card/aadhaar_like_0087.jpg,aadhaar_like_0087.jpg,id_card,synthetic,original,0e2547a61ce4,train
id_card/aadhaar_like_0088.jpg,aadhaar_like_0088.jpg,id_card,synthetic,original,20623886214a,train
id_card/aadhaar_like_0089.jpg,aadhaar_like_0089.jpg,id_card,synthetic,original,ef260501d839,train
id_card/aadhaar_like_0091.jpg,aadhaar_like_0091.jpg,id_card,synthetic,original,a70de3bef879,train
id_card/aadhaar_like_0092.jpg,aadhaar_like_0092.jpg,id_card,synthetic,original,3f4e3dd96f98,train
id_card/aadhaar_like_0094.jpg,aadhaar_like_0094.jpg,id_card,synthetic,original,6f51017b046f,train
id_card/aadhaar_like_0095.jpg,aadhaar_like_0095.jpg,id_card,synthetic,original,38f313925f06,train
id_card/aadhaar_like_0096.jpg,aadhaar_like_0096.jpg,id_card,synthetic,original,41b4ce34fe5e,train
id_card/aadhaar_like_0097.jpg,aadhaar_like_0097.jpg,id_card,synthetic,original,1ee7507f89f3,train
id_card/aadhaar_like_0098.jpg,aadhaar_like_0098.jpg,id_card,synthetic,original,988118b638e4,train
id_card/aadhaar_like_0099.jpg,aadhaar_like_0099.jpg,id_card,synthetic,original,e77166e85bba,train
id_card/aadhaar_like_0103.jpg,aadhaar_like_0103.jpg,id_card,synthetic,original,59377467871a,train
id_card/aadhaar_like_0104.jpg,aadhaar_like_0104.jpg,id_card,synthetic,original,c97e8154b741,train
id_card/aadhaar_like_0105.jpg,aadhaar_like_0105.jpg,id_card,synthetic,original,ceca43907dc0,train
id_card/aadhaar_like_0107.jpg,aadhaar_like_0107.jpg,id_card,synthetic,original,c9c45b9f3a9f,train
id_card/aadhaar_like_0108.jpg,aadhaar_like_0108.jpg,id_card,synthetic,original,c630434cb1ae,train
id_card/aadhaar_like_0109.jpg,aadhaar_like_0109.jpg,id_card,synthetic,original,6c7104549985,train
id_card/aadhaar_like_0110.jpg,aadhaar_like_0110.jpg,id_card,synthetic,original,4f2660ca9286,train
id_card/aadhaar_like_0111.jpg,aadhaar_like_0111.jpg,id_card,synthetic,original,3dfb0fcf2b74,train
id_card/aadhaar_like_0112.jpg,aadhaar_like_0112.jpg,id_card,synthetic,original,ad0ebeda6107,train
id_card/aadhaar_like_0113.jpg,aadhaar_like_0113.jpg,id_card,synthetic,original,e6e8cd6eddd8,train
id_card/aadhaar_like_0115.jpg,aadhaar_like_0115.jpg,id_card,synthetic,original,5534c19b66db,train
id_card/aadhaar_like_0117.jpg,aadhaar_like_0117.jpg,id_card,synthetic,original,e805d9ea13b2,train
id_card/aadhaar_like_0118.jpg,aadhaar_like_0118.jpg,id_card,synthetic,original,e6dc8b0154a5,train
id_card/aadhaar_like_0120.jpg,aadhaar_like_0120.jpg,id_card,synthetic,original,07f6c4972b14,train
id_card/aadhaar_like_0121.jpg,aadhaar_like_0121.jpg,id_card,synthetic,original,85284f71d0d9,train
id_card/aadhaar_like_0122.jpg,aadhaar_like_0122.jpg,id_card,synthetic,original,54925a0229bd,train
id_card/aadhaar_like_0123.jpg,aadhaar_like_0123.jpg,id_card,synthetic,original,81cab8446b43,train
id_card/aadhaar_like_0124.jpg,aadhaar_like_0124.jpg,id_card,synthetic,original,27742873730f,train
id_card/aadhaar_like_0125.jpg,aadhaar_like_0125.jpg,id_card,synthetic,original,3d46026759fd,train
id_card/aadhaar_like_0127.jpg,aadhaar_like_0127.jpg,id_card,synthetic,original,df8bdc6121b2,train
id_card/aadhaar_like_0128.jpg,aadhaar_like_0128.jpg,id_card,synthetic,original,4818ecd048cf,train
id_card/aadhaar_like_0131.jpg,aadhaar_like_0131.jpg,id_card,synthetic,original,c00be8563d25,train
id_card/aadhaar_like_0132.jpg,aadhaar_like_0132.jpg,id_card,synthetic,original,ee1beae4c76e,train
id_card/aadhaar_like_0134.jpg,aadhaar_like_0134.jpg,id_card,synthetic,original,4b220e5e8135,train
id_card/aadhaar_like_0135.jpg,aadhaar_like_0135.jpg,id_card,synthetic,original,266fcb1234e3,train
id_card/aadhaar_like_0136.jpg,aadhaar_like_0136.jpg,id_card,synthetic,original,8adc7a67d370,train
id_card/aadhaar_like_0137.jpg,aadhaar_like_0137.jpg,id_card,synthetic,original,c376656fc82a,train
id_card/aadhaar_like_0138.jpg,aadhaar_like_0138.jpg,id_card,synthetic,original,6e31311417f6,train
id_card/aadhaar_like_0139.jpg,aadhaar_like_0139.jpg,id_card,synthetic,original,d99846e719b9,train
id_card/aadhaar_like_0140.jpg,aadhaar_like_0140.jpg,id_card,synthetic,original,3d57604685ba,train
id_card/aadhaar_like_0142.jpg,aadhaar_like_0142.jpg,id_card,synthetic,original,67f8acea3d93,train
id_card/aadhaar_like_0144.jpg,aadhaar_like_0144.jpg,id_card,synthetic,original,fbfbdcaaa802,train
id_card/aadhaar_like_0145.jpg,aadhaar_like_0145.jpg,id_card,synthetic,original,fa24a4f83404,train
id_card/aadhaar_like_0147.jpg,aadhaar_like_0147.jpg,id_card,synthetic,original,5d8d0df3c0f7,train
id_card/aadhaar_like_0148.jpg,aadhaar_like_0148.jpg,id_card,synthetic,original,bb2ca0b3af8f,train
id_card/aadhaar_like_0150.jpg,aadhaar_like_0150.jpg,id_card,synthetic,original,a134ee591c8d,train
id_card/aadhaar_like_0153.jpg,aadhaar_like_0153.jpg,id_card,synthetic,original,d97b581e7513,train
id_card/aadhaar_like_0154.jpg,aadhaar_like_0154.jpg,id_card,synthetic,original,d9e1cae842cd,train
id_card/aadhaar_like_0155.jpg,aadhaar_like_0155.jpg,id_card,synthetic,original,d6022edc221d,train
id_card/aadhaar_like_0157.jpg,aadhaar_like_0157.jpg,id_card,synthetic,original,7debc7b49422,train
id_card/aadhaar_like_0158.jpg,aadhaar_like_0158.jpg,id_card,synthetic,original,0439df225e27,train
id_card/aadhaar_like_0161.jpg,aadhaar_like_0161.jpg,id_card,synthetic,original,cbe5328a7425,train
id_card/aadhaar_like_0162.jpg,aadhaar_like_0162.jpg,id_card,synthetic,original,a9d862e20cc7,train
id_card/aadhaar_like_0163.jpg,aadhaar_like_0163.jpg,id_card,synthetic,original,bbe090b85559,train
id_card/aadhaar_like_0164.jpg,aadhaar_like_0164.jpg,id_card,synthetic,original,45f1d4903757,train
id_card/aadhaar_like_0166.jpg,aadhaar_like_0166.jpg,id_card,synthetic,original,bce7426c2760,train
id_card/aadhaar_like_0167.jpg,aadhaar_like_0167.jpg,id_card,synthetic,original,4d543a03b2ce,train
id_card/aadhaar_like_0168.jpg,aadhaar_like_0168.jpg,id_card,synthetic,original,37fae8db0b66,train
id_card/aadhaar_like_0169.jpg,aadhaar_like_0169.jpg,id_card,synthetic,original,2a02826db3f9,train
id_card/aadhaar_like_0170.jpg,aadhaar_like_0170.jpg,id_card,synthetic,original,1d3952ba6d94,train
id_card/aadhaar_like_0171.jpg,aadhaar_like_0171.jpg,id_card,synthetic,original,175aa39bb0b2,train
id_card/aadhaar_like_0172.jpg,aadhaar_like_0172.jpg,id_card,synthetic,original,7fe2a8cd0d63,train
id_card/aadhaar_like_0173.jpg,aadhaar_like_0173.jpg,id_card,synthetic,original,75801e2e86ec,train
id_card/aadhaar_like_0174.jpg,aadhaar_like_0174.jpg,id_card,synthetic,original,cf8d01ceba16,train
id_card/aadhaar_like_0175.jpg,aadhaar_like_0175.jpg,id_card,synthetic,original,d3467e1bd53e,train
id_card/aadhaar_like_0176.jpg,aadhaar_like_0176.jpg,id_card,synthetic,original,65bb9cc5feeb,train
id_card/aadhaar_like_0177.jpg,aadhaar_like_0177.jpg,id_card,synthetic,original,bb982440b0ec,train
id_card/aadhaar_like_0178.jpg,aadhaar_like_0178.jpg,id_card,synthetic,original,1acaf1d66863,train
id_card/aadhaar_like_0179.jpg,aadhaar_like_0179.jpg,id_card,synthetic,original,0ce95ab0497b,train
id_card/aadhaar_like_0181.jpg,aadhaar_like_0181.jpg,id_card,synthetic,original,816c74a82caa,train
id_card/aadhaar_like_0182.jpg,aadhaar_like_0182.jpg,id_card,synthetic,original,03c932347892,train
id_card/aadhaar_like_0183.jpg,aadhaar_like_0183.jpg,id_card,synthetic,original,b8b542bc8e28,train
id_card/aadhaar_like_0184.jpg,aadhaar_like_0184.jpg,id_card,synthetic,original,62c5ba77a0d2,train
id_card/aadhaar_like_0185.jpg,aadhaar_like_0185.jpg,id_card,synthetic,original,b90cde90e205,train
id_card/aadhaar_like_0187.jpg,aadhaar_like_0187.jpg,id_card,synthetic,original,46e8c1328e1e,train
id_card/aadhaar_like_0188.jpg,aadhaar_like_0188.jpg,id_card,synthetic,original,863051f9cfd0,train
id_card/aadhaar_like_0189.jpg,aadhaar_like_0189.jpg,id_card,synthetic,original,f7f3da708915,train
id_card/aadhaar_like_0190.jpg,aadhaar_like_0190.jpg,id_card,synthetic,original,b9525b642424,train
id_card/aadhaar_like_0191.jpg,aadhaar_like_0191.jpg,id_card,synthetic,original,fcb9736f640c,train
id_card/aadhaar_like_0192.jpg,aadhaar_like_0192.jpg,id_card,synthetic,original,14a76f550f2c,train
id_card/aadhaar_like_0193.jpg,aadhaar_like_0193.jpg,id_card,synthetic,original,515a2321992e,train
id_card/aadhaar_like_0194.jpg,aadhaar_like_0194.jpg,id_card,synthetic,original,ef0afa97e026,train
id_card/aadhaar_like_0195.jpg,aadhaar_like_0195.jpg,id_card,synthetic,original,d59e85d489eb,train
id_card/aadhaar_like_0197.jpg,aadhaar_like_0197.jpg,id_card,synthetic,original,ad851824a2ef,train
id_card/aadhaar_like_0199.jpg,aadhaar_like_0199.jpg,id_card,synthetic,original,23af98a49ed0,train
id_card/aadhaar_like_0200.jpg,aadhaar_like_0200.jpg,id_card,synthetic,original,8930504b9078,train
id_card/aadhaar_like_0201.jpg,aadhaar_like_0201.jpg,id_card,synthetic,original,1794ba72c4a5,train
id_card/aadhaar_like_0202.jpg,aadhaar_like_0202.jpg,id_card,synthetic,original,49b69429940c,train
id_card/aadhaar_like_0203.jpg,aadhaar_like_0203.jpg,id_card,synthetic,original,9579a278ed07,train
id_card/aadhaar_like_0204.jpg,aadhaar_like_0204.jpg,id_card,synthetic,original,bb77cbd0bbf1,train
id_card/aadhaar_like_0205.jpg,aadhaar_like_0205.jpg,id_card,synthetic,original,a1deebd7f1cd,train
id_card/aadhaar_like_0206.jpg,aadhaar_like_0206.jpg,id_card,synthetic,original,0b239dd9cfe9,train
id_card/aadhaar_like_0207.jpg,aadhaar_like_0207.jpg,id_card,synthetic,original,221024dd854f,train
id_card/aadhaar_like_0209.jpg,aadhaar_like_0209.jpg,id_card,synthetic,original,3748aab714fd,train
id_card/aadhaar_like_0210.jpg,aadhaar_like_0210.jpg,id_card,synthetic,original,f05c14be19b9,train
id_card/aadhaar_like_0211.jpg,aadhaar_like_0211.jpg,id_card,synthetic,original,2882c6c97554,train
id_card/aadhaar_like_0212.jpg,aadhaar_like_0212.jpg,id_card,synthetic,original,3eac6b28dcee,train
id_card/aadhaar_like_0213.jpg,aadhaar_like_0213.jpg,id_card,synthetic,original,27dfdb7aa403,train
id_card/aadhaar_like_0214.jpg,aadhaar_like_0214.jpg,id_card,synthetic,original,fd6dd2330feb,train
id_card/aadhaar_like_0215.jpg,aadhaar_like_0215.jpg,id_card,synthetic,original,733fba7e539a,train
id_card/aadhaar_like_0216.jpg,aadhaar_like_0216.jpg,id_card,synthetic,original,b5897d4a8eba,train
id_card/aadhaar_like_0218.jpg,aadhaar_like_0218.jpg,id_card,synthetic,original,a30560166de6,train
id_card/aadhaar_like_0219.jpg,aadhaar_like_0219.jpg,id_card,synthetic,original,fa29335b84a3,train
id_card/aadhaar_like_0220.jpg,aadhaar_like_0220.jpg,id_card,synthetic,original,71b2f04e0dfc,train
id_card/aadhaar_like_0221.jpg,aadhaar_like_0221.jpg,id_card,synthetic,original,11a3964ef59e,train
id_card/aadhaar_like_0222.jpg,aadhaar_like_0222.jpg,id_card,synthetic,original,18237ac6cd69,train
id_card/aadhaar_like_0223.jpg,aadhaar_like_0223.jpg,id_card,synthetic,original,5f6d34f41fc0,train
id_card/aadhaar_like_0224.jpg,aadhaar_like_0224.jpg,id_card,synthetic,original,1ddea6cd4ad5,train
id_card/aadhaar_like_0225.jpg,aadhaar_like_0225.jpg,id_card,synthetic,original,baeefd168499,train
id_card/aadhaar_like_0226.jpg,aadhaar_like_0226.jpg,id_card,synthetic,original,209bc531cda3,train
id_card/aadhaar_like_0227.jpg,aadhaar_like_0227.jpg,id_card,synthetic,original,2af81da16bad,train
id_card/aadhaar_like_0228.jpg,aadhaar_like_0228.jpg,id_card,synthetic,original,488a8b6f0d33,train
id_card/aadhaar_like_0229.jpg,aadhaar_like_0229.jpg,id_card,synthetic,original,e16460826749,train
id_card/aadhaar_like_0230.jpg,aadhaar_like_0230.jpg,id_card,synthetic,original,6868777f74f4,train
id_card/aadhaar_like_0232.jpg,aadhaar_like_0232.jpg,id_card,synthetic,original,c2d18f60b755,train
id_card/aadhaar_like_0233.jpg,aadhaar_like_0233.jpg,id_card,synthetic,original,a56b9ba379ae,train
id_card/aadhaar_like_0234.jpg,aadhaar_like_0234.jpg,id_card,synthetic,original,969f5f79603b,train
id_card/aadhaar_like_0235.jpg,aadhaar_like_0235.jpg,id_card,synthetic,original,ee44338819e5,train
id_card/aadhaar_like_0236.jpg,aadhaar_like_0236.jpg,id_card,synthetic,original,c4d8da080e69,train
id_card/aadhaar_like_0238.jpg,aadhaar_like_0238.jpg,id_card,synthetic,original,5ec5842c2485,train
id_card/aadhaar_like_0240.jpg,aadhaar_like_0240.jpg,id_card,synthetic,original,300905f4646b,train
id_card/aadhaar_like_0241.jpg,aadhaar_like_0241.jpg,id_card,synthetic,original,195e8193c9de,train
id_card/aadhaar_like_0243.jpg,aadhaar_like_0243.jpg,id_card,synthetic,original,5d92658f1de1,train
id_card/aadhaar_like_0245.jpg,aadhaar_like_0245.jpg,id_card,synthetic,original,a2d30c2cc660,train
id_card/aadhaar_like_0246.jpg,aadhaar_like_0246.jpg,id_card,synthetic,original,572c0a49181c,train
id_card/aadhaar_like_0247.jpg,aadhaar_like_0247.jpg,id_card,synthetic,original,7c9d00934404,train
id_card/aadhaar_like_0248.jpg,aadhaar_like_0248.jpg,id_card,synthetic,original,f82c743ae5dd,train
id_card/aadhaar_like_0249.jpg,aadhaar_like_0249.jpg,id_card,synthetic,original,fcc7200aa11f,train
id_card/aadhaar_like_0250.jpg,aadhaar_like_0250.jpg,id_card,synthetic,original,648ed674776b,train
id_card/aadhaar_like_0251.jpg,aadhaar_like_0251.jpg,id_card,synthetic,original,9b166fc5aac3,train
id_card/aadhaar_like_0252.jpg,aadhaar_like_0252.jpg,id_card,synthetic,original,228c4c0593e3,train
id_card/aadhaar_like_0253.jpg,aadhaar_like_0253.jpg,id_card,synthetic,original,8ddb15470f8d,train
id_card/aadhaar_like_0254.jpg,aadhaar_like_0254.jpg,id_card,synthetic,original,b3292bb5b47b,train
id_card/aadhaar_like_0255.jpg,aadhaar_like_0255.jpg,id_card,synthetic,original,0bd027a65a18,train
id_card/aadhaar_like_0256.jpg,aadhaar_like_0256.jpg,id_card,synthetic,original,7c23e09fa224,train
id_card/aadhaar_like_0257.jpg,aadhaar_like_0257.jpg,id_card,synthetic,original,c1ee178a3576,train
id_card/aadhaar_like_0258.jpg,aadhaar_like_0258.jpg,id_card,synthetic,original,8dbfacb02ec3,train
id_card/aadhaar_like_0259.jpg,aadhaar_like_0259.jpg,id_card,synthetic,original,62e0f7e57d2f,train
id_card/aadhaar_like_0260.jpg,aadhaar_like_0260.jpg,id_card,synthetic,original,a998723ae210,train
id_card/aadhaar_like_0264.jpg,aadhaar_like_0264.jpg,id_card,synthetic,original,eccfdd4a04e7,train
id_card/aadhaar_like_0265.jpg,aadhaar_like_0265.jpg,id_card,synthetic,original,741108626174,train
id_card/aadhaar_like_0266.jpg,aadhaar_like_0266.jpg,id_card,synthetic,original,4e3ac9103394,train
id_card/aadhaar_like_0267.jpg,aadhaar_like_0267.jpg,id_card,synthetic,original,573f26200de6,train
id_card/aadhaar_like_0268.jpg,aadhaar_like_0268.jpg,id_card,synthetic,original,2fc003a39a24,train
id_card/aadhaar_like_0269.jpg,aadhaar_like_0269.jpg,id_card,synthetic,original,1a211f0b28a5,train
id_card/aadhaar_like_0271.jpg,aadhaar_like_0271.jpg,id_card,synthetic,original,595d66bb0232,train
id_card/aadhaar_like_0272.jpg,aadhaar_like_0272.jpg,id_card,synthetic,original,bf29fc7c327e,train
id_card/aadhaar_like_0273.jpg,aadhaar_like_0273.jpg,id_card,synthetic,original,2eee74cf28eb,train
id_card/aadhaar_like_0274.jpg,aadhaar_like_0274.jpg,id_card,synthetic,original,1803fd91e935,train
id_card/aadhaar_like_0275.jpg,aadhaar_like_0275.jpg,id_card,synthetic,original,608020186bdb,train
id_card/aadhaar_like_0277.jpg,aadhaar_like_0277.jpg,id_card,synthetic,original,6bfb573adc0e,train
id_card/aadhaar_like_0278.jpg,aadhaar_like_0278.jpg,id_card,synthetic,original,97a9fae38d2e,train
id_card/aadhaar_like_0279.jpg,aadhaar_like_0279.jpg,id_card,synthetic,original,e3676ae5fe44,train
id_card/aadhaar_like_0280.jpg,aadhaar_like_0280.jpg,id_card,synthetic,original,cab495f153d1,train
id_card/aadhaar_like_0281.jpg,aadhaar_like_0281.jpg,id_card,synthetic,original,96b7dae1ef0c,train
id_card/aadhaar_like_0283.jpg,aadhaar_like_0283.jpg,id_card,synthetic,original,0bcf2cfecd41,train
id_card/aadhaar_like_0284.jpg,aadhaar_like_0284.jpg,id_card,synthetic,original,c332bc31c949,train
id_card/aadhaar_like_0285.jpg,aadhaar_like_0285.jpg,id_card,synthetic,original,522a3358eb51,train
id_card/aadhaar_like_0289.jpg,aadhaar_like_0289.jpg,id_card,synthetic,original,47ba32e7c6e3,train
id_card/aadhaar_like_0290.jpg,aadhaar_like_0290.jpg,id_card,synthetic,original,d1eb56595d9c,train
id_card/aadhaar_like_0292.jpg,aadhaar_like_0292.jpg,id_card,synthetic,original,d8bcb810cb27,train
id_card/aadhaar_like_0294.jpg,aadhaar_like_0294.jpg,id_card,synthetic,original,06da0fa7ebaf,train
id_card/aadhaar_like_0296.jpg,aadhaar_like_0296.jpg,id_card,synthetic,original,916cd65d796b,train
id_card/aadhaar_like_0297.jpg,aadhaar_like_0297.jpg,id_card,synthetic,original,8c34ada56f2b,train
id_card/aadhaar_like_0299.jpg,aadhaar_like_0299.jpg,id_card,synthetic,original,b94d66429bb4,train
id_card/aadhaar_like_0300.jpg,aadhaar_like_0300.jpg,id_card,synthetic,original,d8aeafdca2bf,train
id_card/aadhaar_like_0306.jpg,aadhaar_like_0306.jpg,id_card,synthetic,original,e587b7e2e2c4,train
id_card/aadhaar_like_0307.jpg,aadhaar_like_0307.jpg,id_card,synthetic,original,157fa2ffdcd6,train
id_card/aadhaar_like_0309.jpg,aadhaar_like_0309.jpg,id_card,synthetic,original,80551f205cea,train
id_card/aadhaar_like_0310.jpg,aadhaar_like_0310.jpg,id_card,synthetic,original,ce3c5880b851,train
id_card/aadhaar_like_0314.jpg,aadhaar_like_0314.jpg,id_card,synthetic,original,430da7625dc2,train
id_card/aadhaar_like_0315.jpg,aadhaar_like_0315.jpg,id_card,synthetic,original,cd931ea65d4a,train
id_card/aadhaar_like_0317.jpg,aadhaar_like_0317.jpg,id_card,synthetic,original,882650023373,train
id_card/aadhaar_like_0319.jpg,aadhaar_like_0319.jpg,id_card,synthetic,original,c804a3fea80d,train
id_card/aadhaar_like_0320.jpg,aadhaar_like_0320.jpg,id_card,synthetic,original,95915afcf2b9,train
id_card/aadhaar_like_0322.jpg,aadhaar_like_0322.jpg,id_card,synthetic,original,0c745ddf7505,train
id_card/aadhaar_like_0323.jpg,aadhaar_like_0323.jpg,id_card,synthetic,original,5b8d159604b4,train
id_card/aadhaar_like_0325.jpg,aadhaar_like_0325.jpg,id_card,synthetic,original,7172a8df4190,train
id_card/aadhaar_like_0326.jpg,aadhaar_like_0326.jpg,id_card,synthetic,original,88315a95eb0d,train
id_card/aadhaar_like_0327.jpg,aadhaar_like_0327.jpg,id_card,synthetic,original,64f655b6c29f,train
id_card/aadhaar_like_0329.jpg,aadhaar_like_0329.jpg,id_card,synthetic,original,2c38754573c6,train
id_card/aadhaar_like_0330.jpg,aadhaar_like_0330.jpg,id_card,synthetic,original,0fadcf976d17,train
id_card/aadhaar_like_0331.jpg,aadhaar_like_0331.jpg,id_card,synthetic,original,af0cd5e37ba6,train
id_card/aadhaar_like_0332.jpg,aadhaar_like_0332.jpg,id_card,synthetic,original,4b3eaa845d73,train
id_card/aadhaar_like_0333.jpg,aadhaar_like_0333.jpg,id_card,synthetic,original,e29fdda21a09,train
id_card/aadhaar_like_0337.jpg,aadhaar_like_0337.jpg,id_card,synthetic,original,0f259aba8a16,train
id_card/aadhaar_like_0338.jpg,aadhaar_like_0338.jpg,id_card,synthetic,original,14fc14ac267c,train
id_card/aadhaar_like_0339.jpg,aadhaar_like_0339.jpg,id_card,synthetic,original,96dbdc3f286e,train
id_card/aadhaar_like_0340.jpg,aadhaar_like_0340.jpg,id_card,synthetic,original,3ff8b882050a,train
id_card/aadhaar_like_0344.jpg,aadhaar_like_0344.jpg,id_card,synthetic,original,62e524713059,train
id_card/aadhaar_like_0346.jpg,aadhaar_like_0346.jpg,id_card,synthetic,original,73481c59f941,train
id_card/aadhaar_like_0347.jpg,aadhaar_like_0347.jpg,id_card,synthetic,original,ab7ea5a71ef5,train
id_card/aadhaar_like_0349.jpg,aadhaar_like_0349.jpg,id_card,synthetic,original,8ef44f4b55dd,train
id_card/aadhaar_like_0351.jpg,aadhaar_like_0351.jpg,id_card,synthetic,original,7eebd26dbcc7,train
id_card/aadhaar_like_0352.jpg,aadhaar_like_0352.jpg,id_card,synthetic,original,03c9858a5c3e,train
id_card/aadhaar_like_0355.jpg,aadhaar_like_0355.jpg,id_card,synthetic,original,8ff056262f55,train
id_card/aadhaar_like_0356.jpg,aadhaar_like_0356.jpg,id_card,synthetic,original,7d4f0b39ccf2,train
id_card/aadhaar_like_0357.jpg,aadhaar_like_0357.jpg,id_card,synthetic,original,2dbae0bfbb89,train
id_card/aadhaar_like_0358.jpg,aadhaar_like_0358.jpg,id_card,synthetic,original,de9ea0b17e05,train
id_card/aadhaar_like_0359.jpg,aadhaar_like_0359.jpg,id_card,synthetic,original,5753fbaad8da,train
id_card/aadhaar_like_0360.jpg,aadhaar_like_0360.jpg,id_card,synthetic,original,fdadc6fb3046,train
id_card/aadhaar_like_0362.jpg,aadhaar_like_0362.jpg,id_card,synthetic,original,078b59e189aa,train
id_card/aadhaar_like_0363.jpg,aadhaar_like_0363.jpg,id_card,synthetic,original,3813d6bddc77,train
id_card/aadhaar_like_0365.jpg,aadhaar_like_0365.jpg,id_card,synthetic,original,4290c5050395,train
id_card/aadhaar_like_0366.jpg,aadhaar_like_0366.jpg,id_card,synthetic,original,5f737196ab35,train
id_card/aadhaar_like_0367.jpg,aadhaar_like_0367.jpg,id_card,synthetic,original,fb8719479aa3,train
id_card/aadhaar_like_0368.jpg,aadhaar_like_0368.jpg,id_card,synthetic,original,945e817e1769,train
id_card/aadhaar_like_0369.jpg,aadhaar_like_0369.jpg,id_card,synthetic,original,049037395406,train
id_card/aadhaar_like_0370.jpg,aadhaar_like_0370.jpg,id_card,synthetic,original,500a9832aad4,train
id_card/aadhaar_like_0371.jpg,aadhaar_like_0371.jpg,id_card,synthetic,original,72b19b48fbaa,train
id_card/aadhaar_like_0372.jpg,aadhaar_like_0372.jpg,id_card,synthetic,original,7421a0ff3756,train
id_card/aadhaar_like_0374.jpg,aadhaar_like_0374.jpg,id_card,synthetic,original,676dabd02b41,train
id_card/aadhaar_like_0376.jpg,aadhaar_like_0376.jpg,id_card,synthetic,original,46530dde92aa,train
id_card/aadhaar_like_0377.jpg,aadhaar_like_0377.jpg,id_card,synthetic,original,f39795706f25,train
id_card/aadhaar_like_0379.jpg,aadhaar_like_0379.jpg,id_card,synthetic,original,4efdc4fa5a29,train
id_card/aadhaar_like_0380.jpg,aadhaar_like_0380.jpg,id_card,synthetic,original,e9fb836c15ff,train
id_card/aadhaar_like_0382.jpg,aadhaar_like_0382.jpg,id_card,synthetic,original,bceba78903ae,train
id_card/aadhaar_like_0383.jpg,aadhaar_like_0383.jpg,id_card,synthetic,original,044f3dc5675b,train
id_card/aadhaar_like_0385.jpg,aadhaar_like_0385.jpg,id_card,synthetic,original,34fbbaacd92e,train
id_card/aadhaar_like_0386.jpg,aadhaar_like_0386.jpg,id_card,synthetic,original,a866bb1a7d25,train
id_card/aadhaar_like_0387.jpg,aadhaar_like_0387.jpg,id_card,synthetic,original,8f712cc12b6b,train
id_card/aadhaar_like_0388.jpg,aadhaar_like_0388.jpg,id_card,synthetic,original,3b9a00ebf0bb,train
id_card/aadhaar_like_0389.jpg,aadhaar_like_0389.jpg,id_card,synthetic,original,52764099cb0a,train
id_card/aadhaar_like_0390.jpg,aadhaar_like_0390.jpg,id_card,synthetic,original,e954a1af47d5,train
id_card/aadhaar_like_0391.jpg,aadhaar_like_0391.jpg,id_card,synthetic,original,e2464a1ad7df,train
id_card/aadhaar_like_0392.jpg,aadhaar_like_0392.jpg,id_card,synthetic,original,6541d3f2a064,train
id_card/aadhaar_like_0393.jpg,aadhaar_like_0393.jpg,id_card,synthetic,original,f624a51fe3cf,train
id_card/aadhaar_like_0394.jpg,aadhaar_like_0394.jpg,id_card,synthetic,original,a4eff3f5d911,train
id_card/aadhaar_like_0395.jpg,aadhaar_like_0395.jpg,id_card,synthetic,original,03b5eb85cad2,train
id_card/aadhaar_like_0396.jpg,aadhaar_like_0396.jpg,id_card,synthetic,original,5b2aab1c5c89,train
id_card/aadhaar_like_0398.jpg,aadhaar_like_0398.jpg,id_card,synthetic,original,cfbc8f2d68c9,train
id_card/aadhaar_like_0400.jpg,aadhaar_like_0400.jpg,id_card,synthetic,original,91f7aed5ba8d,train
id_card/aadhaar_like_0401.jpg,aadhaar_like_0401.jpg,id_card,synthetic,original,194d5976bbaf,train
id_card/aadhaar_like_0402.jpg,aadhaar_like_0402.jpg,id_card,synthetic,original,87f7f4c1cb50,train
id_card/aadhaar_like_0403.jpg,aadhaar_like_0403.jpg,id_card,synthetic,original,c9734f956350,train
id_card/aadhaar_like_0405.jpg,aadhaar_like_0405.jpg,id_card,synthetic,original,2508f3195072,train
id_card/aadhaar_like_0408.jpg,aadhaar_like_0408.jpg,id_card,synthetic,original,57a69d5669b9,train
id_card/aadhaar_like_0409.jpg,aadhaar_like_0409.jpg,id_card,synthetic,original,4905e8d36774,train
id_card/aadhaar_like_0410.jpg,aadhaar_like_0410.jpg,id_card,synthetic,original,7693adf7be2e,train
id_card/aadhaar_like_0411.jpg,aadhaar_like_0411.jpg,id_card,synthetic,original,569a0f036a0d,train
id_card/aadhaar_like_0412.jpg,aadhaar_like_0412.jpg,id_card,synthetic,original,503457f9e536,train
id_card/aadhaar_like_0413.jpg,aadhaar_like_0413.jpg,id_card,synthetic,original,7285c7ffbf93,train
id_card/aadhaar_like_0414.jpg,aadhaar_like_0414.jpg,id_card,synthetic,original,86a955cb6480,train
id_card/aadhaar_like_0415.jpg,aadhaar_like_0415.jpg,id_card,synthetic,original,2b131e22d4e7,train
id_card/aadhaar_like_0416.jpg,aadhaar_like_0416.jpg,id_card,synthetic,original,8707023afe13,train
id_card/aadhaar_like_0417.jpg,aadhaar_like_0417.jpg,id_card,synthetic,original,b13260bd917d,train
id_card/aadhaar_like_0418.jpg,aadhaar_like_0418.jpg,id_card,synthetic,original,f81f451b999f,train
id_card/aadhaar_like_0421.jpg,aadhaar_like_0421.jpg,id_card,synthetic,original,d0c39806de67,train
id_card/aadhaar_like_0422.jpg,aadhaar_like_0422.jpg,id_card,synthetic,original,e96732eb2bdf,train
id_card/aadhaar_like_0423.jpg,aadhaar_like_0423.jpg,id_card,synthetic,original,2aaa90559186,train
id_card/aadhaar_like_0424.jpg,aadhaar_like_0424.jpg,id_card,synthetic,original,ea0ecce8dfec,train
id_card/aadhaar_like_0426.jpg,aadhaar_like_0426.jpg,id_card,synthetic,original,0d7e131e16ad,train
id_card/aadhaar_like_0430.jpg,aadhaar_like_0430.jpg,id_card,synthetic,original,b0e63aa65aa8,train
id_card/aadhaar_like_0431.jpg,aadhaar_like_0431.jpg,id_card,synthetic,original,fdaa1b9215e7,train
id_card/aadhaar_like_0432.jpg,aadhaar_like_0432.jpg,id_card,synthetic,original,1c7ce22e3cc7,train
id_card/aadhaar_like_0433.jpg,aadhaar_like_0433.jpg,id_card,synthetic,original,01dc346a826d,train
id_card/aadhaar_like_0434.jpg,aadhaar_like_0434.jpg,id_card,synthetic,original,c4b6cf227470,train
id_card/aadhaar_like_0435.jpg,aadhaar_like_0435.jpg,id_card,synthetic,original,93826a07858a,train
id_card/aadhaar_like_0436.jpg,aadhaar_like_0436.jpg,id_card,synthetic,original,aea12cfb4a72,train
id_card/aadhaar_like_0437.jpg,aadhaar_like_0437.jpg,id_card,synthetic,original,4d1378f72e40,train
id_card/aadhaar_like_0438.jpg,aadhaar_like_0438.jpg,id_card,synthetic,original,41a47674c749,train
id_card/aadhaar_like_0439.jpg,aadhaar_like_0439.jpg,id_card,synthetic,original,dc70c9bc3f5a,train
id_card/aadhaar_like_0440.jpg,aadhaar_like_0440.jpg,id_card,synthetic,original,377962e75062,train
id_card/aadhaar_like_0442.jpg,aadhaar_like_0442.jpg,id_card,synthetic,original,24579ae54f93,train
id_card/aadhaar_like_0443.jpg,aadhaar_like_0443.jpg,id_card,synthetic,original,76011b1ab5c6,train
id_card/aadhaar_like_0444.jpg,aadhaar_like_0444.jpg,id_card,synthetic,original,0091a79f97ed,train
id_card/aadhaar_like_0447.jpg,aadhaar_like_0447.jpg,id_card,synthetic,original,1efd98f9368c,train
id_card/aadhaar_like_0448.jpg,aadhaar_like_0448.jpg,id_card,synthetic,original,384fa42d59ab,train
id_card/aadhaar_like_0450.jpg,aadhaar_like_0450.jpg,id_card,synthetic,original,484541bd7920,train
id_card/aadhaar_like_0451.jpg,aadhaar_like_0451.jpg,id_card,synthetic,original,7a2774f92894,train
id_card/aadhaar_like_0452.jpg,aadhaar_like_0452.jpg,id_card,synthetic,original,7bb0591e820f,train
id_card/aadhaar_like_0457.jpg,aadhaar_like_0457.jpg,id_card,synthetic,original,95b45cae3c72,train
id_card/aadhaar_like_0458.jpg,aadhaar_like_0458.jpg,id_card,synthetic,original,4b88b413cede,train
id_card/aadhaar_like_0461.jpg,aadhaar_like_0461.jpg,id_card,synthetic,original,2c9e6d26d30d,train
id_card/aadhaar_like_0462.jpg,aadhaar_like_0462.jpg,id_card,synthetic,original,7cf8f5734d5a,train
id_card/aadhaar_like_0463.jpg,aadhaar_like_0463.jpg,id_card,synthetic,original,bf4b228d482e,train
id_card/aadhaar_like_0464.jpg,aadhaar_like_0464.jpg,id_card,synthetic,original,e1e5325fd97c,train
id_card/aadhaar_like_0465.jpg,aadhaar_like_0465.jpg,id_card,synthetic,original,a4614a54710e,train
id_card/aadhaar_like_0467.jpg,aadhaar_like_0467.jpg,id_card,synthetic,original,8f01000be613,train
id_card/aadhaar_like_0468.jpg,aadhaar_like_0468.jpg,id_card,synthetic,original,be8b3252ed12,train
id_card/aadhaar_like_0469.jpg,aadhaar_like_0469.jpg,id_card,synthetic,original,04ac6430c527,train
id_card/aadhaar_like_0471.jpg,aadhaar_like_0471.jpg,id_card,synthetic,original,474cd182b048,train
id_card/aadhaar_like_0472.jpg,aadhaar_like_0472.jpg,id_card,synthetic,original,d4535a71270e,train
id_card/aadhaar_like_0473.jpg,aadhaar_like_0473.jpg,id_card,synthetic,original,758b23f2f6c7,train
id_card/aadhaar_like_0474.jpg,aadhaar_like_0474.jpg,id_card,synthetic,original,c58c65ee6d65,train
id_card/aadhaar_like_0475.jpg,aadhaar_like_0475.jpg,id_card,synthetic,original,502b0d5627d9,train
id_card/aadhaar_like_0476.jpg,aadhaar_like_0476.jpg,id_card,synthetic,original,b70983ac4aba,train
id_card/aadhaar_like_0477.jpg,aadhaar_like_0477.jpg,id_card,synthetic,original,05a789dbae50,train
id_card/aadhaar_like_0479.jpg,aadhaar_like_0479.jpg,id_card,synthetic,original,74d81cbfc62b,train
id_card/aadhaar_like_0480.jpg,aadhaar_like_0480.jpg,id_card,synthetic,original,226de88d4cc5,train
id_card/aadhaar_like_0482.jpg,aadhaar_like_0482.jpg,id_card,synthetic,original,27c5469145dc,train
id_card/aadhaar_like_0484.jpg,aadhaar_like_0484.jpg,id_card,synthetic,original,6244525ded04,train
id_card/aadhaar_like_0486.jpg,aadhaar_like_0486.jpg,id_card,synthetic,original,8e7637958f87,train
id_card/aadhaar_like_0487.jpg,aadhaar_like_0487.jpg,id_card,synthetic,original,40a466990d1c,train
id_card/aadhaar_like_0488.jpg,aadhaar_like_0488.jpg,id_card,synthetic,original,104bf9e775f5,train
id_card/aadhaar_like_0491.jpg,aadhaar_like_0491.jpg,id_card,synthetic,original,aa75ec20c8c9,train
id_card/aadhaar_like_0492.jpg,aadhaar_like_0492.jpg,id_card,synthetic,original,7355d2131bfb,train
id_card/aadhaar_like_0493.jpg,aadhaar_like_0493.jpg,id_card,synthetic,original,c59fe9cf6ddf,train
id_card/aadhaar_like_0496.jpg,aadhaar_like_0496.jpg,id_card,synthetic,original,32e991c91172,train
id_card/aadhaar_like_0497.jpg,aadhaar_like_0497.jpg,id_card,synthetic,original,c920480ec741,train
id_card/aadhaar_like_0499.jpg,aadhaar_like_0499.jpg,id_card,synthetic,original,9ba5fd0b8022,train
id_card/aadhaar_like_0501.jpg,aadhaar_like_0501.jpg,id_card,synthetic,original,0c09d374456a,train
id_card/aadhaar_like_0502.jpg,aadhaar_like_0502.jpg,id_card,synthetic,original,19103e836ebf,train
id_card/aadhaar_like_0503.jpg,aadhaar_like_0503.jpg,id_card,synthetic,original,17b5018d5ab4,train
id_card/aadhaar_like_0505.jpg,aadhaar_like_0505.jpg,id_card,synthetic,original,596b00f225fd,train
id_card/aadhaar_like_0506.jpg,aadhaar_like_0506.jpg,id_card,synthetic,original,e48df80b6331,train
id_card/aadhaar_like_0507.jpg,aadhaar_like_0507.jpg,id_card,synthetic,original,9eeb81282054,train
id_card/aadhaar_like_0508.jpg,aadhaar_like_0508.jpg,id_card,synthetic,original,3ea4e7c074b0,train
id_card/aadhaar_like_0510.jpg,aadhaar_like_0510.jpg,id_card,synthetic,original,8873670095d0,train
id_card/aadhaar_like_0512.jpg,aadhaar_like_0512.jpg,id_card,synthetic,original,e2dfb6889c9b,train
id_card/aadhaar_like_0514.jpg,aadhaar_like_0514.jpg,id_card,synthetic,original,77c988df64f3,train
id_card/aadhaar_like_0518.jpg,aadhaar_like_0518.jpg,id_card,synthetic,original,ba624dd9c1c7,train
id_card/aadhaar_like_0519.jpg,aadhaar_like_0519.jpg,id_card,synthetic,original,298436463dc2,train
id_card/aadhaar_like_0520.jpg,aadhaar_like_0520.jpg,id_card,synthetic,original,e68e91b09bb9,train
id_card/aadhaar_like_0522.jpg,aadhaar_like_0522.jpg,id_card,synthetic,original,cc7a22115b6f,train
id_card/aadhaar_like_0523.jpg,aadhaar_like_0523.jpg,id_card,synthetic,original,29cca8d1afa2,train
id_card/aadhaar_like_0524.jpg,aadhaar_like_0524.jpg,id_card,synthetic,original,787f3bcc7235,train
id_card/aadhaar_like_0525.jpg,aadhaar_like_0525.jpg,id_card,synthetic,original,dbf56fc692db,train
id_card/aadhaar_like_0527.jpg,aadhaar_like_0527.jpg,id_card,synthetic,original,7bb5ba8943c9,train
id_card/aadhaar_like_0528.jpg,aadhaar_like_0528.jpg,id_card,synthetic,original,325263255154,train
id_card/aadhaar_like_0529.jpg,aadhaar_like_0529.jpg,id_card,synthetic,original,8260eae443ab,train
id_card/aadhaar_like_0533.jpg,aadhaar_like_0533.jpg,id_card,synthetic,original,be3d30479b08,train
id_card/aadhaar_like_0534.jpg,aadhaar_like_0534.jpg,id_card,synthetic,original,2f50e2c4df37,train
id_card/aadhaar_like_0535.jpg,aadhaar_like_0535.jpg,id_card,synthetic,original,1bc1d30e6799,train
id_card/aadhaar_like_0536.jpg,aadhaar_like_0536.jpg,id_card,synthetic,original,9f17ec36af3d,train
id_card/aadhaar_like_0537.jpg,aadhaar_like_0537.jpg,id_card,synthetic,original,6f81100a4b04,train
id_card/aadhaar_like_0538.jpg,aadhaar_like_0538.jpg,id_card,synthetic,original,f6e2929c9a19,train
id_card/aadhaar_like_0539.jpg,aadhaar_like_0539.jpg,id_card,synthetic,original,b71403410f29,train
id_card/aadhaar_like_0540.jpg,aadhaar_like_0540.jpg,id_card,synthetic,original,29bd5178931d,train
id_card/aadhaar_like_0541.jpg,aadhaar_like_0541.jpg,id_card,synthetic,original,6172c69718b6,train
id_card/aadhaar_like_0542.jpg,aadhaar_like_0542.jpg,id_card,synthetic,original,759b3b83c8c2,train
id_card/aadhaar_like_0543.jpg,aadhaar_like_0543.jpg,id_card,synthetic,original,8f985a4677ef,train
id_card/aadhaar_like_0544.jpg,aadhaar_like_0544.jpg,id_card,synthetic,original,e6169032181e,train
id_card/aadhaar_like_0545.jpg,aadhaar_like_0545.jpg,id_card,synthetic,original,09c84246b01d,train
id_card/aadhaar_like_0546.jpg,aadhaar_like_0546.jpg,id_card,synthetic,original,7ed5b364d37e,train
id_card/aadhaar_like_0547.jpg,aadhaar_like_0547.jpg,id_card,synthetic,original,1f5a530e0646,train
id_card/aadhaar_like_0548.jpg,aadhaar_like_0548.jpg,id_card,synthetic,original,d1f10db2517a,train
id_card/aadhaar_like_0549.jpg,aadhaar_like_0549.jpg,id_card,synthetic,original,3f5ca557335a,train
id_card/aadhaar_like_0551.jpg,aadhaar_like_0551.jpg,id_card,synthetic,original,c2629f0f1577,train
id_card/aadhaar_like_0552.jpg,aadhaar_like_0552.jpg,id_card,synthetic,original,27fc6cc84a01,train
id_card/aadhaar_like_0555.jpg,aadhaar_like_0555.jpg,id_card,synthetic,original,c62ba638eeb8,train
id_card/aadhaar_like_0556.jpg,aadhaar_like_0556.jpg,id_card,synthetic,original,55ae3277e8d5,train
id_card/aadhaar_like_0557.jpg,aadhaar_like_0557.jpg,id_card,synthetic,original,4ddf7ea7fb1c,train
id_card/aadhaar_like_0558.jpg,aadhaar_like_0558.jpg,id_card,synthetic,original,06d81f673781,train
id_card/aadhaar_like_0560.jpg,aadhaar_like_0560.jpg,id_card,synthetic,original,ca1361c2102d,train
id_card/aadhaar_like_0562.jpg,aadhaar_like_0562.jpg,id_card,synthetic,original,c1f048d5ca24,train
id_card/aadhaar_like_0563.jpg,aadhaar_like_0563.jpg,id_card,synthetic,original,f1f05452b290,train
id_card/aadhaar_like_0564.jpg,aadhaar_like_0564.jpg,id_card,synthetic,original,177a795a2318,train
id_card/aadhaar_like_0565.jpg,aadhaar_like_0565.jpg,id_card,synthetic,original,4eddeb8ae749,train
id_card/aadhaar_like_0566.jpg,aadhaar_like_0566.jpg,id_card,synthetic,original,ae78b0066762,train
id_card/aadhaar_like_0567.jpg,aadhaar_like_0567.jpg,id_card,synthetic,original,a5e470e77f5f,train
id_card/aadhaar_like_0568.jpg,aadhaar_like_0568.jpg,id_card,synthetic,original,a55883c9196f,train
id_card/aadhaar_like_0569.jpg,aadhaar_like_0569.jpg,id_card,synthetic,original,1da518d83e01,train
id_card/aadhaar_like_0570.jpg,aadhaar_like_0570.jpg,id_card,synthetic,original,f7577ea1e88f,train
id_card/aadhaar_like_0571.jpg,aadhaar_like_0571.jpg,id_card,synthetic,original,754c853ccc15,train
id_card/aadhaar_like_0572.jpg,aadhaar_like_0572.jpg,id_card,synthetic,original,d23cc13813a3,train
id_card/aadhaar_like_0573.jpg,aadhaar_like_0573.jpg,id_card,synthetic,original,b547e23b0f61,train
id_card/aadhaar_like_0574.jpg,aadhaar_like_0574.jpg,id_card,synthetic,original,422b2a89e45a,train
id_card/aadhaar_like_0577.jpg,aadhaar_like_0577.jpg,id_card,synthetic,original,80884ad3b796,train
id_card/aadhaar_like_0579.jpg,aadhaar_like_0579.jpg,id_card,synthetic,original,8655c9f72185,train
id_card/aadhaar_like_0580.jpg,aadhaar_like_0580.jpg,id_card,synthetic,original,ddede9967932,train
id_card/aadhaar_like_0582.jpg,aadhaar_like_0582.jpg,id_card,synthetic,original,e1480e977707,train
id_card/aadhaar_like_0583.jpg,aadhaar_like_0583.jpg,id_card,synthetic,original,813e2ea740c5,train
id_card/aadhaar_like_0586.jpg,aadhaar_like_0586.jpg,id_card,synthetic,original,d48aae307f0f,train
id_card/aadhaar_like_0587.jpg,aadhaar_like_0587.jpg,id_card,synthetic,original,e663adad3e26,train
id_card/aadhaar_like_0591.jpg,aadhaar_like_0591.jpg,id_card,synthetic,original,094bdf81b3d1,train
id_card/aadhaar_like_0593.jpg,aadhaar_like_0593.jpg,id_card,synthetic,original,11b255242b87,train
id_card/aadhaar_like_0595.jpg,aadhaar_like_0595.jpg,id_card,synthetic,original,2cd9082764de,train
id_card/aadhaar_like_0596.jpg,aadhaar_like_0596.jpg,id_card,synthetic,original,49d039852c31,train
id_card/aadhaar_like_0597.jpg,aadhaar_like_0597.jpg,id_card,synthetic,original,02a23d543c97,train
id_card/aadhaar_like_0598.jpg,aadhaar_like_0598.jpg,id_card,synthetic,original,01650cce7b63,train
id_card/aadhaar_like_0599.jpg,aadhaar_like_0599.jpg,id_card,synthetic,original,38053f25242e,train
id_card/aadhaar_like_0600.jpg,aadhaar_like_0600.jpg,id_card,synthetic,original,9ccb84510ab5,train
id_card/aadhaar_like_0601.jpg,aadhaar_like_0601.jpg,id_card,synthetic,original,f8deea3b57f6,train
id_card/aadhaar_like_0602.jpg,aadhaar_like_0602.jpg,id_card,synthetic,original,1152105cde6e,train
id_card/aadhaar_like_0603.jpg,aadhaar_like_0603.jpg,id_card,synthetic,original,e5ba8feb5946,train
id_card/aadhaar_like_0604.jpg,aadhaar_like_0604.jpg,id_card,synthetic,original,1e3fb76c50df,train
id_card/aadhaar_like_0606.jpg,aadhaar_like_0606.jpg,id_card,synthetic,original,33e5940dc69f,train
id_card/aadhaar_like_0607.jpg,aadhaar_like_0607.jpg,id_card,synthetic,original,9b17ab0ea5e4,train
id_card/aadhaar_like_0609.jpg,aadhaar_like_0609.jpg,id_card,synthetic,original,d212697354ad,train
id_card/aadhaar_like_0610.jpg,aadhaar_like_0610.jpg,id_card,synthetic,original,81c22990d705,train
id_card/aadhaar_like_0611.jpg,aadhaar_like_0611.jpg,id_card,synthetic,original,1abab25211da,train
id_card/aadhaar_like_0612.jpg,aadhaar_like_0612.jpg,id_card,synthetic,original,5f3742b289ec,train
id_card/aadhaar_like_0613.jpg,aadhaar_like_0613.jpg,id_card,synthetic,original,c51e60b07af1,train
id_card/aadhaar_like_0615.jpg,aadhaar_like_0615.jpg,id_card,synthetic,original,56ff2094016d,train
id_card/aadhaar_like_0616.jpg,aadhaar_like_0616.jpg,id_card,synthetic,original,19a757309173,train
id_card/aadhaar_like_0617.jpg,aadhaar_like_0617.jpg,id_card,synthetic,original,7877ac1f378a,train
id_card/aadhaar_like_0622.jpg,aadhaar_like_0622.jpg,id_card,synthetic,original,7c97ceb715cf,train
id_card/aadhaar_like_0623.jpg,aadhaar_like_0623.jpg,id_card,synthetic,original,e77ed8ec0565,train
id_card/aadhaar_like_0624.jpg,aadhaar_like_0624.jpg,id_card,synthetic,original,3cb3bd4fa47d,train
id_card/aadhaar_like_0625.jpg,aadhaar_like_0625.jpg,id_card,synthetic,original,a0a5ea9c5f6b,train
id_card/aadhaar_like_0626.jpg,aadhaar_like_0626.jpg,id_card,synthetic,original,01024d795896,train
id_card/aadhaar_like_0628.jpg,aadhaar_like_0628.jpg,id_card,synthetic,original,71f093213988,train
id_card/aadhaar_like_0632.jpg,aadhaar_like_0632.jpg,id_card,synthetic,original,8bb9a30587d0,train
id_card/aadhaar_like_0634.jpg,aadhaar_like_0634.jpg,id_card,synthetic,original,fbc64524ca97,train
id_card/aadhaar_like_0635.jpg,aadhaar_like_0635.jpg,id_card,synthetic,original,a4b8bb6c0355,train
id_card/aadhaar_like_0636.jpg,aadhaar_like_0636.jpg,id_card,synthetic,original,10b94e53eacf,train
id_card/aadhaar_like_0638.jpg,aadhaar_like_0638.jpg,id_card,synthetic,original,d035031808c5,train
id_card/aadhaar_like_0639.jpg,aadhaar_like_0639.jpg,id_card,synthetic,original,520733270dd0,train
id_card/aadhaar_like_0640.jpg,aadhaar_like_0640.jpg,id_card,synthetic,original,af38558dae75,train
id_card/aadhaar_like_0641.jpg,aadhaar_like_0641.jpg,id_card,synthetic,original,a986b1aa12c9,train
id_card/aadhaar_like_0642.jpg,aadhaar_like_0642.jpg,id_card,synthetic,original,e0c250e93213,train
id_card/aadhaar_like_0643.jpg,aadhaar_like_0643.jpg,id_card,synthetic,original,8ebb75aa2235,train
id_card/aadhaar_like_0645.jpg,aadhaar_like_0645.jpg,id_card,synthetic,original,392dbdd9e58d,train
id_card/aadhaar_like_0646.jpg,aadhaar_like_0646.jpg,id_card,synthetic,original,27f87127e496,train
id_card/aadhaar_like_0647.jpg,aadhaar_like_0647.jpg,id_card,synthetic,original,3f68cb204d20,train
id_card/aadhaar_like_0649.jpg,aadhaar_like_0649.jpg,id_card,synthetic,original,e0f1107b96b3,train
id_card/aadhaar_like_0651.jpg,aadhaar_like_0651.jpg,id_card,synthetic,original,bf259a618eac,train
id_card/aadhaar_like_0652.jpg,aadhaar_like_0652.jpg,id_card,synthetic,original,035f3562b31e,train
id_card/aadhaar_like_0653.jpg,aadhaar_like_0653.jpg,id_card,synthetic,original,4c303c4f3bde,train
id_card/aadhaar_like_0655.jpg,aadhaar_like_0655.jpg,id_card,synthetic,original,5bd752a48807,train
id_card/aadhaar_like_0656.jpg,aadhaar_like_0656.jpg,id_card,synthetic,original,fcd9838d0f00,train
id_card/aadhaar_like_0658.jpg,aadhaar_like_0658.jpg,id_card,synthetic,original,8e2c00c475f2,train
id_card/aadhaar_like_0659.jpg,aadhaar_like_0659.jpg,id_card,synthetic,original,5c7919ce6a5b,train
id_card/aadhaar_like_0660.jpg,aadhaar_like_0660.jpg,id_card,synthetic,original,33ae7bfb6037,train
id_card/aadhaar_like_0667.jpg,aadhaar_like_0667.jpg,id_card,synthetic,original,befdcf5e485f,train
id_card/aadhaar_like_0668.jpg,aadhaar_like_0668.jpg,id_card,synthetic,original,fb8cdafdf3b2,train
id_card/aadhaar_like_0671.jpg,aadhaar_like_0671.jpg,id_card,synthetic,original,9fef67e9c415,train
id_card/aadhaar_like_0672.jpg,aadhaar_like_0672.jpg,id_card,synthetic,original,de50f0f2d94e,train
id_card/aadhaar_like_0674.jpg,aadhaar_like_0674.jpg,id_card,synthetic,original,e59020ecfaae,train
id_card/aadhaar_like_0675.jpg,aadhaar_like_0675.jpg,id_card,synthetic,original,14ac5942bd9a,train
id_card/aadhaar_like_0676.jpg,aadhaar_like_0676.jpg,id_card,synthetic,original,1372b608cd51,train
id_card/aadhaar_like_0677.jpg,aadhaar_like_0677.jpg,id_card,synthetic,original,220e52a6854e,train
id_card/aadhaar_like_0679.jpg,aadhaar_like_0679.jpg,id_card,synthetic,original,895cbc4bd4e4,train
id_card/aadhaar_like_0680.jpg,aadhaar_like_0680.jpg,id_card,synthetic,original,7905686c32a6,train
id_card/aadhaar_like_0681.jpg,aadhaar_like_0681.jpg,id_card,synthetic,original,db2934b50ffd,train
id_card/aadhaar_like_0683.jpg,aadhaar_like_0683.jpg,id_card,synthetic,original,fd2dc0b65dd5,train
id_card/aadhaar_like_0684.jpg,aadhaar_like_0684.jpg,id_card,synthetic,original,06b145fb06ef,train
id_card/aadhaar_like_0685.jpg,aadhaar_like_0685.jpg,id_card,synthetic,original,0ada8c804767,train
id_card/aadhaar_like_0686.jpg,aadhaar_like_0686.jpg,id_card,synthetic,original,5d38ed84ccd2,train
id_card/aadhaar_like_0689.jpg,aadhaar_like_0689.jpg,id_card,synthetic,original,75a643651dcb,train
id_card/aadhaar_like_0690.jpg,aadhaar_like_0690.jpg,id_card,synthetic,original,da3a9573f066,train
id_card/aadhaar_like_0692.jpg,aadhaar_like_0692.jpg,id_card,synthetic,original,ed3794430446,train
id_card/aadhaar_like_0694.jpg,aadhaar_like_0694.jpg,id_card,synthetic,original,1053ebd16e08,train
id_card/aadhaar_like_0695.jpg,aadhaar_like_0695.jpg,id_card,synthetic,original,8b0a7d23f593,train
id_card/aadhaar_like_0696.jpg,aadhaar_like_0696.jpg,id_card,synthetic,original,01d26fed7a2d,train
id_card/aadhaar_like_0697.jpg,aadhaar_like_0697.jpg,id_card,synthetic,original,b656b258d59a,train
id_card/aadhaar_like_0698.jpg,aadhaar_like_0698.jpg,id_card,synthetic,original,eda7388811aa,train
id_card/aadhaar_like_0699.jpg,aadhaar_like_0699.jpg,id_card,synthetic,original,260615320288,train
id_card/aadhaar_like_0701.jpg,aadhaar_like_0701.jpg,id_card,synthetic,original,c75046bbc81b,train
id_card/aadhaar_like_0703.jpg,aadhaar_like_0703.jpg,id_card,synthetic,original,4454c483fc80,train
id_card/aadhaar_like_0705.jpg,aadhaar_like_0705.jpg,id_card,synthetic,original,e7b75e5c571a,train
id_card/aadhaar_like_0706.jpg,aadhaar_like_0706.jpg,id_card,synthetic,original,6c14d3a361a6,train
id_card/aadhaar_like_0707.jpg,aadhaar_like_0707.jpg,id_card,synthetic,original,f5c468411d3b,train
id_card/aadhaar_like_0709.jpg,aadhaar_like_0709.jpg,id_card,synthetic,original,e68cb1f7615b,train
id_card/aadhaar_like_0710.jpg,aadhaar_like_0710.jpg,id_card,synthetic,original,e13675c9ebab,train
id_card/aadhaar_like_0712.jpg,aadhaar_like_0712.jpg,id_card,synthetic,original,88afdcb558b6,train
id_card/aadhaar_like_0713.jpg,aadhaar_like_0713.jpg,id_card,synthetic,original,f0b8d0433d4c,train
id_card/aadhaar_like_0714.jpg,aadhaar_like_0714.jpg,id_card,synthetic,original,76eff42a6153,train
id_card/aadhaar_like_0716.jpg,aadhaar_like_0716.jpg,id_card,synthetic,original,a483702b037d,train
id_card/aadhaar_like_0717.jpg,aadhaar_like_0717.jpg,id_card,synthetic,original,cefccc268b9e,train
id_card/aadhaar_like_0718.jpg,aadhaar_like_0718.jpg,id_card,synthetic,original,89d18b92d9d3,train
id_card/aadhaar_like_0719.jpg,aadhaar_like_0719.jpg,id_card,synthetic,original,06e7b3895446,train
id_card/aadhaar_like_0721.jpg,aadhaar_like_0721.jpg,id_card,synthetic,original,78aa0a5ef488,train
id_card/aadhaar_like_0722.jpg,aadhaar_like_0722.jpg,id_card,synthetic,original,1dd600e8773e,train
id_card/aadhaar_like_0723.jpg,aadhaar_like_0723.jpg,id_card,synthetic,original,33bb43a51858,train
id_card/aadhaar_like_0724.jpg,aadhaar_like_0724.jpg,id_card,synthetic,original,4485a9960d3a,train
id_card/aadhaar_like_0728.jpg,aadhaar_like_0728.jpg,id_card,synthetic,original,29e1b26b77ea,train
id_card/aadhaar_like_0729.jpg,aadhaar_like_0729.jpg,id_card,synthetic,original,484003ae7ef6,train
id_card/aadhaar_like_0730.jpg,aadhaar_like_0730.jpg,id_card,synthetic,original,13e440b04855,train
id_card/aadhaar_like_0731.jpg,aadhaar_like_0731.jpg,id_card,synthetic,original,3bc05c4ecb99,train
id_card/aadhaar_like_0733.jpg,aadhaar_like_0733.jpg,id_card,synthetic,original,efb44fb2ebfa,train
id_card/aadhaar_like_0734.jpg,aadhaar_like_0734.jpg,id_card,synthetic,original,2184a46cc1c6,train
id_card/aadhaar_like_0735.jpg,aadhaar_like_0735.jpg,id_card,synthetic,original,57383bf25533,train
id_card/aadhaar_like_0737.jpg,aadhaar_like_0737.jpg,id_card,synthetic,original,37119e47efc6,train
id_card/aadhaar_like_0739.jpg,aadhaar_like_0739.jpg,id_card,synthetic,original,f4ed746120cc,train
id_card/aadhaar_like_0740.jpg,aadhaar_like_0740.jpg,id_card,synthetic,original,09b16e1eca2a,train
id_card/aadhaar_like_0741.jpg,aadhaar_like_0741.jpg,id_card,synthetic,original,cb131ee667ca,train
id_card/aadhaar_like_0742.jpg,aadhaar_like_0742.jpg,id_card,synthetic,original,3a916238d249,train
id_card/aadhaar_like_0743.jpg,aadhaar_like_0743.jpg,id_card,synthetic,original,ec03f500eb87,train
id_card/aadhaar_like_0745.jpg,aadhaar_like_0745.jpg,id_card,synthetic,original,c8bbb78329e8,train
id_card/aadhaar_like_0747.jpg,aadhaar_like_0747.jpg,id_card,synthetic,original,c3d0ddcdbe89,train
id_card/aadhaar_like_0748.jpg,aadhaar_like_0748.jpg,id_card,synthetic,original,2d10ceb10f07,train
id_card/aadhaar_like_0750.jpg,aadhaar_like_0750.jpg,id_card,synthetic,original,a901e86b0d4a,train
id_card/aadhaar_like_0753.jpg,aadhaar_like_0753.jpg,id_card,synthetic,original,632c6b25cd13,train
id_card/aadhaar_like_0754.jpg,aadhaar_like_0754.jpg,id_card,synthetic,original,95eec60d9c7e,train
id_card/aadhaar_like_0756.jpg,aadhaar_like_0756.jpg,id_card,synthetic,original,d7c68fbdcec1,train
id_card/aadhaar_like_0757.jpg,aadhaar_like_0757.jpg,id_card,synthetic,original,78bf0af5c8b7,train
id_card/aadhaar_like_0758.jpg,aadhaar_like_0758.jpg,id_card,synthetic,original,7d019e4f3184,train
id_card/aadhaar_like_0759.jpg,aadhaar_like_0759.jpg,id_card,synthetic,original,809e97a06600,train
id_card/aadhaar_like_0760.jpg,aadhaar_like_0760.jpg,id_card,synthetic,original,387d9618e027,train
id_card/aadhaar_like_0762.jpg,aadhaar_like_0762.jpg,id_card,synthetic,original,5ec08e35752b,train
id_card/aadhaar_like_0763.jpg,aadhaar_like_0763.jpg,id_card,synthetic,original,2cc3fbe0d3e5,train
id_card/aadhaar_like_0764.jpg,aadhaar_like_0764.jpg,id_card,synthetic,original,90fe87c0b750,train
id_card/aadhaar_like_0765.jpg,aadhaar_like_0765.jpg,id_card,synthetic,original,ece754bc4760,train
id_card/aadhaar_like_0766.jpg,aadhaar_like_0766.jpg,id_card,synthetic,original,acb68b3d04ba,train
id_card/aadhaar_like_0767.jpg,aadhaar_like_0767.jpg,id_card,synthetic,original,84ff4d9d2679,train
id_card/aadhaar_like_0768.jpg,aadhaar_like_0768.jpg,id_card,synthetic,original,d5688f8ed24c,train
id_card/aadhaar_like_0769.jpg,aadhaar_like_0769.jpg,id_card,synthetic,original,54c547ef4c22,train
id_card/aadhaar_like_0771.jpg,aadhaar_like_0771.jpg,id_card,synthetic,original,9bafd22e4825,train
id_card/aadhaar_like_0772.jpg,aadhaar_like_0772.jpg,id_card,synthetic,original,ca459423365b,train
id_card/aadhaar_like_0773.jpg,aadhaar_like_0773.jpg,id_card,synthetic,original,de898029e5e6,train
id_card/aadhaar_like_0774.jpg,aadhaar_like_0774.jpg,id_card,synthetic,original,9e19b955e723,train
id_card/aadhaar_like_0775.jpg,aadhaar_like_0775.jpg,id_card,synthetic,original,df4d9f83b8ae,train
id_card/aadhaar_like_0777.jpg,aadhaar_like_0777.jpg,id_card,synthetic,original,2ca3454f7230,train
id_card/aadhaar_like_0778.jpg,aadhaar_like_0778.jpg,id_card,synthetic,original,24cb78835f97,train
id_card/aadhaar_like_0779.jpg,aadhaar_like_0779.jpg,id_card,synthetic,original,82881af3e787,train
id_card/aadhaar_like_0780.jpg,aadhaar_like_0780.jpg,id_card,synthetic,original,991db1cc3f8d,train
id_card/aadhaar_like_0782.jpg,aadhaar_like_0782.jpg,id_card,synthetic,original,42e32a4e3515,train
id_card/aadhaar_like_0785.jpg,aadhaar_like_0785.jpg,id_card,synthetic,original,a91d13ba49d0,train
id_card/aadhaar_like_0786.jpg,aadhaar_like_0786.jpg,id_card,synthetic,original,bc82f76e7d60,train
id_card/aadhaar_like_0788.jpg,aadhaar_like_0788.jpg,id_card,synthetic,original,a898c9e807dc,train
id_card/aadhaar_like_0790.jpg,aadhaar_like_0790.jpg,id_card,synthetic,original,528838a7dc60,train
id_card/aadhaar_like_0791.jpg,aadhaar_like_0791.jpg,id_card,synthetic,original,178dffcf4b53,train
id_card/aadhaar_like_0792.jpg,aadhaar_like_0792.jpg,id_card,synthetic,original,4ab50b5d4982,train
id_card/aadhaar_like_0795.jpg,aadhaar_like_0795.jpg,id_card,synthetic,original,1ae052dd322f,train
id_card/aadhaar_like_0796.jpg,aadhaar_like_0796.jpg,id_card,synthetic,original,8dd7a0d2c097,train
id_card/aadhaar_like_0798.jpg,aadhaar_like_0798.jpg,id_card,synthetic,original,374a1cd7565d,train
id_card/aadhaar_like_0799.jpg,aadhaar_like_0799.jpg,id_card,synthetic,original,e78195c7e089,train
id_card/company_id_0001.jpg,company_id_0001.jpg,id_card,synthetic,original,20b801511b9f,train
id_card/company_id_0002.jpg,company_id_0002.jpg,id_card,synthetic,original,47383bc5df1d,train
id_card/company_id_0005.jpg,company_id_0005.jpg,id_card,synthetic,original,5dae74a53e4f,train
id_card/company_id_0006.jpg,company_id_0006.jpg,id_card,synthetic,original,083014205c6a,train
id_card/company_id_0007.jpg,company_id_0007.jpg,id_card,synthetic,original,d88847373703,train
id_card/company_id_0008.jpg,company_id_0008.jpg,id_card,synthetic,original,9e5adcde1abd,train
id_card/company_id_0009.jpg,company_id_0009.jpg,id_card,synthetic,original,ded9eae84f6a,train
id_card/company_id_0010.jpg,company_id_0010.jpg,id_card,synthetic,original,97f0899d4707,train
id_card/company_id_0011.jpg,company_id_0011.jpg,id_card,synthetic,original,04b81dbd83fd,train
id_card/company_id_0012.jpg,company_id_0012.jpg,id_card,synthetic,original,27e2d8c3b9df,train
id_card/company_id_0014.jpg,company_id_0014.jpg,id_card,synthetic,original,a6accecbfef6,train
id_card/company_id_0016.jpg,company_id_0016.jpg,id_card,synthetic,original,11107f44e75f,train
id_card/company_id_0017.jpg,company_id_0017.jpg,id_card,synthetic,original,db41dd10b90d,train
id_card/company_id_0018.jpg,company_id_0018.jpg,id_card,synthetic,original,caa35bddff5d,train
id_card/company_id_0019.jpg,company_id_0019.jpg,id_card,synthetic,original,fdab775ee6d8,train
id_card/company_id_0020.jpg,company_id_0020.jpg,id_card,synthetic,original,f4664dcb982b,train
id_card/company_id_0022.jpg,company_id_0022.jpg,id_card,synthetic,original,ad06daca600c,train
id_card/company_id_0023.jpg,company_id_0023.jpg,id_card,synthetic,original,4be2ab51556f,train
id_card/company_id_0024.jpg,company_id_0024.jpg,id_card,synthetic,original,ee2513887f6c,train
id_card/company_id_0025.jpg,company_id_0025.jpg,id_card,synthetic,original,774f48cdd71b,train
id_card/company_id_0026.jpg,company_id_0026.jpg,id_card,synthetic,original,a41a1d98ba5f,train
id_card/company_id_0028.jpg,company_id_0028.jpg,id_card,synthetic,original,add9e6d5b674,train
id_card/company_id_0029.jpg,company_id_0029.jpg,id_card,synthetic,original,4bf623e9c5a1,train
id_card/company_id_0030.jpg,company_id_0030.jpg,id_card,synthetic,original,a469c559f3f3,train
id_card/company_id_0031.jpg,company_id_0031.jpg,id_card,synthetic,original,aaa5c7396242,train
id_card/company_id_0032.jpg,company_id_0032.jpg,id_card,synthetic,original,116faef23b5c,train
id_card/company_id_0033.jpg,company_id_0033.jpg,id_card,synthetic,original,e8ff7958247c,train
id_card/company_id_0035.jpg,company_id_0035.jpg,id_card,synthetic,original,463b11d9ecd8,train
id_card/company_id_0038.jpg,company_id_0038.jpg,id_card,synthetic,original,7cc444682fbd,train
id_card/company_id_0039.jpg,company_id_0039.jpg,id_card,synthetic,original,b7d44e98ce53,train
id_card/company_id_0040.jpg,company_id_0040.jpg,id_card,synthetic,original,5463f162523f,train
id_card/company_id_0044.jpg,company_id_0044.jpg,id_card,synthetic,original,52a9db9520c4,train
id_card/company_id_0045.jpg,company_id_0045.jpg,id_card,synthetic,original,1c4878fad541,train
id_card/company_id_0046.jpg,company_id_0046.jpg,id_card,synthetic,original,813a4191c897,train
id_card/company_id_0047.jpg,company_id_0047.jpg,id_card,synthetic,original,fc7fd4a16194,train
id_card/company_id_0048.jpg,company_id_0048.jpg,id_card,synthetic,original,229395dda40e,train
id_card/company_id_0049.jpg,company_id_0049.jpg,id_card,synthetic,original,6ab16db132a4,train
id_card/company_id_0051.jpg,company_id_0051.jpg,id_card,synthetic,original,e50f04a79e56,train
id_card/company_id_0052.jpg,company_id_0052.jpg,id_card,synthetic,original,20fbd9d1aa46,train
id_card/company_id_0053.jpg,company_id_0053.jpg,id_card,synthetic,original,9b66307b3063,train
id_card/company_id_0054.jpg,company_id_0054.jpg,id_card,synthetic,original,9df70a5cdfc3,train
id_card/company_id_0055.jpg,company_id_0055.jpg,id_card,synthetic,original,06437de35a37,train
id_card/company_id_0057.jpg,company_id_0057.jpg,id_card,synthetic,original,3332aee8d846,train
id_card/company_id_0059.jpg,company_id_0059.jpg,id_card,synthetic,original,ebd2d0925585,train
id_card/company_id_0060.jpg,company_id_0060.jpg,id_card,synthetic,original,206324797c0e,train
id_card/company_id_0062.jpg,company_id_0062.jpg,id_card,synthetic,original,c82bcb2de252,train
id_card/company_id_0063.jpg,company_id_0063.jpg,id_card,synthetic,original,7eda7e356d24,train
id_card/company_id_0064.jpg,company_id_0064.jpg,id_card,synthetic,original,0d40b148c96d,train
id_card/company_id_0067.jpg,company_id_0067.jpg,id_card,synthetic,original,3503541b39d2,train
id_card/company_id_0068.jpg,company_id_0068.jpg,id_card,synthetic,original,50f009484846,train
id_card/company_id_0069.jpg,company_id_0069.jpg,id_card,synthetic,original,7ed0e659d194,train
id_card/company_id_0070.jpg,company_id_0070.jpg,id_card,synthetic,original,7c679c303ead,train
id_card/company_id_0071.jpg,company_id_0071.jpg,id_card,synthetic,original,fc621e216ae4,train
id_card/company_id_0073.jpg,company_id_0073.jpg,id_card,synthetic,original,849803f453ef,train
id_card/company_id_0074.jpg,company_id_0074.jpg,id_card,synthetic,original,fbc96fd6cc22,train
id_card/company_id_0075.jpg,company_id_0075.jpg,id_card,synthetic,original,c3e12f62a8f1,train
id_card/company_id_0076.jpg,company_id_0076.jpg,id_card,synthetic,original,2b13f278035b,train
id_card/company_id_0077.jpg,company_id_0077.jpg,id_card,synthetic,original,93c8d39da9e8,train
id_card/company_id_0078.jpg,company_id_0078.jpg,id_card,synthetic,original,56d586e4dc7d,train
id_card/company_id_0079.jpg,company_id_0079.jpg,id_card,synthetic,original,feac175802ec,train
id_card/company_id_0080.jpg,company_id_0080.jpg,id_card,synthetic,original,35f4ad08b2a3,train
id_card/company_id_0081.jpg,company_id_0081.jpg,id_card,synthetic,original,f2684ebdeeb3,train
id_card/company_id_0082.jpg,company_id_0082.jpg,id_card,synthetic,original,d56b455b8127,train
id_card/company_id_0083.jpg,company_id_0083.jpg,id_card,synthetic,original,87667b8581d0,train
id_card/company_id_0084.jpg,company_id_0084.jpg,id_card,synthetic,original,ab172096b7df,train
id_card/company_id_0087.jpg,company_id_0087.jpg,id_card,synthetic,original,529d442787e7,train
id_card/company_id_0088.jpg,company_id_0088.jpg,id_card,synthetic,original,7f68601bb29a,train
id_card/company_id_0089.jpg,company_id_0089.jpg,id_card,synthetic,original,6a484da2503c,train
id_card/company_id_0092.jpg,company_id_0092.jpg,id_card,synthetic,original,c06d1af76b17,train
id_card/company_id_0093.jpg,company_id_0093.jpg,id_card,synthetic,original,6abbba9fdedd,train
id_card/company_id_0094.jpg,company_id_0094.jpg,id_card,synthetic,original,58ce17597ca7,train
id_card/company_id_0095.jpg,company_id_0095.jpg,id_card,synthetic,original,0071d0b49545,train
id_card/company_id_0096.jpg,company_id_0096.jpg,id_card,synthetic,original,ac1cd15aecf0,train
id_card/company_id_0097.jpg,company_id_0097.jpg,id_card,synthetic,original,a0ffbe5f2cea,train
id_card/company_id_0098.jpg,company_id_0098.jpg,id_card,synthetic,original,3169f437d8a1,train
id_card/company_id_0099.jpg,company_id_0099.jpg,id_card,synthetic,original,c8ae8caad733,train
id_card/company_id_0100.jpg,company_id_0100.jpg,id_card,synthetic,original,8e6c21ff2b34,train
id_card/company_id_0101.jpg,company_id_0101.jpg,id_card,synthetic,original,48ff852f7d78,train
id_card/company_id_0103.jpg,company_id_0103.jpg,id_card,synthetic,original,50146383c133,train
id_card/company_id_0104.jpg,company_id_0104.jpg,id_card,synthetic,original,770321151fff,train
id_card/company_id_0105.jpg,company_id_0105.jpg,id_card,synthetic,original,2d85e478b538,train
id_card/company_id_0106.jpg,company_id_0106.jpg,id_card,synthetic,original,be295d238c2b,train
id_card/company_id_0107.jpg,company_id_0107.jpg,id_card,synthetic,original,aef5f6637157,train
id_card/company_id_0109.jpg,company_id_0109.jpg,id_card,synthetic,original,6ef5f47e622e,train
id_card/company_id_0112.jpg,company_id_0112.jpg,id_card,synthetic,original,29ee67501386,train
id_card/company_id_0113.jpg,company_id_0113.jpg,id_card,synthetic,original,c3b5ef31570d,train
id_card/company_id_0115.jpg,company_id_0115.jpg,id_card,synthetic,original,0a969b152e94,train
id_card/company_id_0117.jpg,company_id_0117.jpg,id_card,synthetic,original,e50989a9c782,train
id_card/company_id_0119.jpg,company_id_0119.jpg,id_card,synthetic,original,df87c3a2ef93,train
id_card/company_id_0121.jpg,company_id_0121.jpg,id_card,synthetic,original,56529df3b149,train
id_card/company_id_0122.jpg,company_id_0122.jpg,id_card,synthetic,original,60f78c88e296,train
id_card/company_id_0124.jpg,company_id_0124.jpg,id_card,synthetic,original,8305b659044f,train
id_card/company_id_0125.jpg,company_id_0125.jpg,id_card,synthetic,original,8aec0a2c1add,train
id_card/company_id_0126.jpg,company_id_0126.jpg,id_card,synthetic,original,b451f60c91ab,train
id_card/company_id_0127.jpg,company_id_0127.jpg,id_card,synthetic,original,df6368a388a9,train
id_card/company_id_0128.jpg,company_id_0128.jpg,id_card,synthetic,original,95cc171b65b6,train
id_card/company_id_0129.jpg,company_id_0129.jpg,id_card,synthetic,original,3657cd3d0639,train
id_card/company_id_0130.jpg,company_id_0130.jpg,id_card,synthetic,original,7cddeb8cb26d,train
id_card/company_id_0132.jpg,company_id_0132.jpg,id_card,synthetic,original,d547c96f593e,train
id_card/company_id_0133.jpg,company_id_0133.jpg,id_card,synthetic,original,ca5ed8b49f02,train
id_card/company_id_0134.jpg,company_id_0134.jpg,id_card,synthetic,original,b93853e45ccf,train
id_card/company_id_0135.jpg,company_id_0135.jpg,id_card,synthetic,original,3b33fbe7b66d,train
id_card/company_id_0136.jpg,company_id_0136.jpg,id_card,synthetic,original,b3e6d7069157,train
id_card/company_id_0137.jpg,company_id_0137.jpg,id_card,synthetic,original,3390065aee90,train
id_card/company_id_0140.jpg,company_id_0140.jpg,id_card,synthetic,original,bbca0d2c14f0,train
id_card/company_id_0142.jpg,company_id_0142.jpg,id_card,synthetic,original,86625e3720f1,train
id_card/company_id_0144.jpg,company_id_0144.jpg,id_card,synthetic,original,9fc855615b12,train
id_card/company_id_0145.jpg,company_id_0145.jpg,id_card,synthetic,original,7abf4926ad4f,train
id_card/company_id_0147.jpg,company_id_0147.jpg,id_card,synthetic,original,0f498e489ca6,train
id_card/company_id_0148.jpg,company_id_0148.jpg,id_card,synthetic,original,d13eee48cb91,train
id_card/company_id_0149.jpg,company_id_0149.jpg,id_card,synthetic,original,71a64db606f9,train
id_card/company_id_0150.jpg,company_id_0150.jpg,id_card,synthetic,original,361f1161832e,train
id_card/company_id_0152.jpg,company_id_0152.jpg,id_card,synthetic,original,5c6ab6f4175a,train
id_card/company_id_0153.jpg,company_id_0153.jpg,id_card,synthetic,original,46f8f08e4338,train
id_card/company_id_0154.jpg,company_id_0154.jpg,id_card,synthetic,original,83a0d5c4e14e,train
id_card/company_id_0157.jpg,company_id_0157.jpg,id_card,synthetic,original,28da1202ba9d,train
id_card/company_id_0159.jpg,company_id_0159.jpg,id_card,synthetic,original,c4b28da87da7,train
id_card/company_id_0160.jpg,company_id_0160.jpg,id_card,synthetic,original,f5ddb4eb2a7f,train
id_card/company_id_0162.jpg,company_id_0162.jpg,id_card,synthetic,original,3c35bb620a4b,train
id_card/company_id_0164.jpg,company_id_0164.jpg,id_card,synthetic,original,edd1c4513bfb,train
id_card/company_id_0165.jpg,company_id_0165.jpg,id_card,synthetic,original,e45ba2caa8d1,train
id_card/company_id_0166.jpg,company_id_0166.jpg,id_card,synthetic,original,522dbfa1e23d,train
id_card/company_id_0169.jpg,company_id_0169.jpg,id_card,synthetic,original,ae929c223a02,train
id_card/company_id_0172.jpg,company_id_0172.jpg,id_card,synthetic,original,421466da977b,train
id_card/company_id_0175.jpg,company_id_0175.jpg,id_card,synthetic,original,f7545b53e7cc,train
id_card/company_id_0176.jpg,company_id_0176.jpg,id_card,synthetic,original,5abaa2766dea,train
id_card/company_id_0178.jpg,company_id_0178.jpg,id_card,synthetic,original,1d3fad2a4c97,train
id_card/company_id_0180.jpg,company_id_0180.jpg,id_card,synthetic,original,2933f5fcdb86,train
id_card/company_id_0181.jpg,company_id_0181.jpg,id_card,synthetic,original,52933c68c64a,train
id_card/company_id_0182.jpg,company_id_0182.jpg,id_card,synthetic,original,d927033a699d,train
id_card/company_id_0184.jpg,company_id_0184.jpg,id_card,synthetic,original,d94e03351c41,train
id_card/company_id_0185.jpg,company_id_0185.jpg,id_card,synthetic,original,42524861848f,train
id_card/company_id_0188.jpg,company_id_0188.jpg,id_card,synthetic,original,5a4aaec2c9c6,train
id_card/company_id_0189.jpg,company_id_0189.jpg,id_card,synthetic,original,011a9eb98d8b,train
id_card/company_id_0190.jpg,company_id_0190.jpg,id_card,synthetic,original,d78778eddf98,train
id_card/company_id_0191.jpg,company_id_0191.jpg,id_card,synthetic,original,1eead0c849c5,train
id_card/company_id_0193.jpg,company_id_0193.jpg,id_card,synthetic,original,2502e4711858,train
id_card/company_id_0194.jpg,company_id_0194.jpg,id_card,synthetic,original,c996b8584f08,train
id_card/company_id_0195.jpg,company_id_0195.jpg,id_card,synthetic,original,0dee3f333d87,train
id_card/company_id_0196.jpg,company_id_0196.jpg,id_card,synthetic,original,4a74f5749c25,train
id_card/company_id_0197.jpg,company_id_0197.jpg,id_card,synthetic,original,4cc01e52b64c,train
id_card/company_id_0199.jpg,company_id_0199.jpg,id_card,synthetic,original,f77a82ed33d6,train
id_card/employee_id_0001.jpg,employee_id_0001.jpg,id_card,synthetic,original,673f8972e022,train
id_card/employee_id_0002.jpg,employee_id_0002.jpg,id_card,synthetic,original,83d1637057a2,train
id_card/employee_id_0003.jpg,employee_id_0003.jpg,id_card,synthetic,original,8c97b00c24cb,train
id_card/employee_id_0006.jpg,employee_id_0006.jpg,id_card,synthetic,original,2fce4d1993d8,train
id_card/employee_id_0010.jpg,employee_id_0010.jpg,id_card,synthetic,original,89d44cd89386,train
id_card/employee_id_0011.jpg,employee_id_0011.jpg,id_card,synthetic,original,f6250ad5fb54,train
id_card/employee_id_0015.jpg,employee_id_0015.jpg,id_card,synthetic,original,6d8ad544d72b,train
id_card/employee_id_0017.jpg,employee_id_0017.jpg,id_card,synthetic,original,1b1c9b77d02e,train
id_card/employee_id_0018.jpg,employee_id_0018.jpg,id_card,synthetic,original,d24afb1d7c86,train
id_card/employee_id_0019.jpg,employee_id_0019.jpg,id_card,synthetic,original,aa41100e14d8,train
id_card/employee_id_0020.jpg,employee_id_0020.jpg,id_card,synthetic,original,1c9ece4b1215,train
id_card/employee_id_0021.jpg,employee_id_0021.jpg,id_card,synthetic,original,088281f6b84d,train
id_card/employee_id_0022.jpg,employee_id_0022.jpg,id_card,synthetic,original,91d6753a01db,train
id_card/employee_id_0023.jpg,employee_id_0023.jpg,id_card,synthetic,original,bc8d6ef32a54,train
id_card/employee_id_0025.jpg,employee_id_0025.jpg,id_card,synthetic,original,9e633f1fe583,train
id_card/employee_id_0027.jpg,employee_id_0027.jpg,id_card,synthetic,original,5feb2b7a08bd,train
id_card/employee_id_0028.jpg,employee_id_0028.jpg,id_card,synthetic,original,a7fdf46f2cae,train
id_card/employee_id_0029.jpg,employee_id_0029.jpg,id_card,synthetic,original,3d036ca53bae,train
id_card/employee_id_0032.jpg,employee_id_0032.jpg,id_card,synthetic,original,af7faa5af9c7,train
id_card/employee_id_0034.jpg,employee_id_0034.jpg,id_card,synthetic,original,1797d35d660a,train
id_card/employee_id_0036.jpg,employee_id_0036.jpg,id_card,synthetic,original,e415d552b207,train
id_card/employee_id_0037.jpg,employee_id_0037.jpg,id_card,synthetic,original,52b3882611cf,train
id_card/employee_id_0038.jpg,employee_id_0038.jpg,id_card,synthetic,original,c535bb916d0d,train
id_card/employee_id_0039.jpg,employee_id_0039.jpg,id_card,synthetic,original,d8861c651dce,train
id_card/employee_id_0040.jpg,employee_id_0040.jpg,id_card,synthetic,original,49e5d7699382,train
id_card/employee_id_0041.jpg,employee_id_0041.jpg,id_card,synthetic,original,0851f716df6f,train
id_card/employee_id_0042.jpg,employee_id_0042.jpg,id_card,synthetic,original,5fea4325777d,train
id_card/employee_id_0044.jpg,employee_id_0044.jpg,id_card,synthetic,original,e7f441584f75,train
id_card/employee_id_0045.jpg,employee_id_0045.jpg,id_card,synthetic,original,cc62e8bc8d98,train
id_card/employee_id_0046.jpg,employee_id_0046.jpg,id_card,synthetic,original,a3528017d293,train
id_card/employee_id_0047.jpg,employee_id_0047.jpg,id_card,synthetic,original,940622aa46e5,train
id_card/employee_id_0048.jpg,employee_id_0048.jpg,id_card,synthetic,original,58da67c0bbfe,train
id_card/employee_id_0051.jpg,employee_id_0051.jpg,id_card,synthetic,original,d2e41298a3a6,train
id_card/employee_id_0052.jpg,employee_id_0052.jpg,id_card,synthetic,original,7029dc153455,train
id_card/employee_id_0053.jpg,employee_id_0053.jpg,id_card,synthetic,original,e56b0b5b93e4,train
id_card/employee_id_0054.jpg,employee_id_0054.jpg,id_card,synthetic,original,addc3637365b,train
id_card/employee_id_0055.jpg,employee_id_0055.jpg,id_card,synthetic,original,ee4f3d333129,train
id_card/employee_id_0056.jpg,employee_id_0056.jpg,id_card,synthetic,original,9c9697efa471,train
id_card/employee_id_0057.jpg,employee_id_0057.jpg,id_card,synthetic,original,58d8839cfdee,train
id_card/employee_id_0059.jpg,employee_id_0059.jpg,id_card,synthetic,original,b975f9939b3b,train
id_card/employee_id_0061.jpg,employee_id_0061.jpg,id_card,synthetic,original,a548c47d60f3,train
id_card/employee_id_0063.jpg,employee_id_0063.jpg,id_card,synthetic,original,ae42fde5239a,train
id_card/employee_id_0064.jpg,employee_id_0064.jpg,id_card,synthetic,original,9d311dedd08c,train
id_card/employee_id_0065.jpg,employee_id_0065.jpg,id_card,synthetic,original,444c527cb0ca,train
id_card/employee_id_0067.jpg,employee_id_0067.jpg,id_card,synthetic,original,40ba8ba5f6bb,train
id_card/employee_id_0068.jpg,employee_id_0068.jpg,id_card,synthetic,original,1e8a752544a8,train
id_card/employee_id_0069.jpg,employee_id_0069.jpg,id_card,synthetic,original,952fb2639344,train
id_card/employee_id_0070.jpg,employee_id_0070.jpg,id_card,synthetic,original,a5338bd71391,train
id_card/employee_id_0071.jpg,employee_id_0071.jpg,id_card,synthetic,original,71656c270a6c,train
id_card/employee_id_0073.jpg,employee_id_0073.jpg,id_card,synthetic,original,9a32cf5a53f9,train
id_card/employee_id_0074.jpg,employee_id_0074.jpg,id_card,synthetic,original,cdf7c5f51e8c,train
id_card/employee_id_0075.jpg,employee_id_0075.jpg,id_card,synthetic,original,ad116576cbc0,train
id_card/employee_id_0077.jpg,employee_id_0077.jpg,id_card,synthetic,original,03062cec4d77,train
id_card/employee_id_0078.jpg,employee_id_0078.jpg,id_card,synthetic,original,6ffcc1199672,train
id_card/employee_id_0079.jpg,employee_id_0079.jpg,id_card,synthetic,original,8cfa8a3dfc43,train
id_card/employee_id_0080.jpg,employee_id_0080.jpg,id_card,synthetic,original,94cc7ed59554,train
id_card/employee_id_0081.jpg,employee_id_0081.jpg,id_card,synthetic,original,0ab1f5e46e5c,train
id_card/employee_id_0084.jpg,employee_id_0084.jpg,id_card,synthetic,original,e1ea44035ccc,train
id_card/employee_id_0085.jpg,employee_id_0085.jpg,id_card,synthetic,original,7d564cb708ee,train
id_card/employee_id_0086.jpg,employee_id_0086.jpg,id_card,synthetic,original,c42ff2c7f8e7,train
id_card/employee_id_0089.jpg,employee_id_0089.jpg,id_card,synthetic,original,1adb5b47e7fc,train
id_card/employee_id_0090.jpg,employee_id_0090.jpg,id_card,synthetic,original,9958475ce640,train
id_card/employee_id_0093.jpg,employee_id_0093.jpg,id_card,synthetic,original,5d4e50939b4a,train
id_card/employee_id_0095.jpg,employee_id_0095.jpg,id_card,synthetic,original,9439ea95058f,train
id_card/employee_id_0097.jpg,employee_id_0097.jpg,id_card,synthetic,original,d83f6dcf2a88,train
id_card/employee_id_0098.jpg,employee_id_0098.jpg,id_card,synthetic,original,1dc34765014f,train
id_card/employee_id_0100.jpg,employee_id_0100.jpg,id_card,synthetic,original,ac44e4bfe6b2,train
id_card/employee_id_0102.jpg,employee_id_0102.jpg,id_card,synthetic,original,d18f2164b00c,train
id_card/employee_id_0103.jpg,employee_id_0103.jpg,id_card,synthetic,original,aacd9111bea2,train
id_card/employee_id_0104.jpg,employee_id_0104.jpg,id_card,synthetic,original,99b6bfb1a3e7,train
id_card/employee_id_0105.jpg,employee_id_0105.jpg,id_card,synthetic,original,0ea3a072c1bd,train
id_card/employee_id_0106.jpg,employee_id_0106.jpg,id_card,synthetic,original,2e03924597f6,train
id_card/employee_id_0108.jpg,employee_id_0108.jpg,id_card,synthetic,original,1fb359ecf1da,train
id_card/employee_id_0109.jpg,employee_id_0109.jpg,id_card,synthetic,original,427f20bc206b,train
id_card/employee_id_0110.jpg,employee_id_0110.jpg,id_card,synthetic,original,9b47e5b75efe,train
id_card/employee_id_0111.jpg,employee_id_0111.jpg,id_card,synthetic,original,3b0a89c0518b,train
id_card/employee_id_0113.jpg,employee_id_0113.jpg,id_card,synthetic,original,64c1da540feb,train
id_card/employee_id_0114.jpg,employee_id_0114.jpg,id_card,synthetic,original,a2305ab1ce2e,train
id_card/employee_id_0115.jpg,employee_id_0115.jpg,id_card,synthetic,original,6cf12ed9a2ba,train
id_card/employee_id_0116.jpg,employee_id_0116.jpg,id_card,synthetic,original,b6b129b28276,train
id_card/employee_id_0117.jpg,employee_id_0117.jpg,id_card,synthetic,original,0b13973c9f85,train
id_card/employee_id_0119.jpg,employee_id_0119.jpg,id_card,synthetic,original,b129e03e051b,train
id_card/employee_id_0120.jpg,employee_id_0120.jpg,id_card,synthetic,original,4613db7a0def,train
id_card/employee_id_0121.jpg,employee_id_0121.jpg,id_card,synthetic,original,1fa8ecd446c9,train
id_card/employee_id_0122.jpg,employee_id_0122.jpg,id_card,synthetic,original,4006e083a2e5,train
id_card/employee_id_0123.jpg,employee_id_0123.jpg,id_card,synthetic,original,d787e1a408cf,train
id_card/employee_id_0124.jpg,employee_id_0124.jpg,id_card,synthetic,original,f9bf66e2ddbb,train
id_card/employee_id_0126.jpg,employee_id_0126.jpg,id_card,synthetic,original,675f0e324424,train
id_card/employee_id_0127.jpg,employee_id_0127.jpg,id_card,synthetic,original,4016379635cd,train
id_card/employee_id_0128.jpg,employee_id_0128.jpg,id_card,synthetic,original,0c38f1ae98ba,train
id_card/employee_id_0129.jpg,employee_id_0129.jpg,id_card,synthetic,original,8b1924d50fba,train
id_card/employee_id_0132.jpg,employee_id_0132.jpg,id_card,synthetic,original,032f361db3ba,train
id_card/employee_id_0133.jpg,employee_id_0133.jpg,id_card,synthetic,original,2b2621edb526,train
id_card/employee_id_0135.jpg,employee_id_0135.jpg,id_card,synthetic,original,2c17de742c63,train
id_card/employee_id_0136.jpg,employee_id_0136.jpg,id_card,synthetic,original,781cef20dc8b,train
id_card/employee_id_0137.jpg,employee_id_0137.jpg,id_card,synthetic,original,475dcae0dda8,train
id_card/employee_id_0138.jpg,employee_id_0138.jpg,id_card,synthetic,original,67e27b8a1cdb,train
id_card/employee_id_0139.jpg,employee_id_0139.jpg,id_card,synthetic,original,e326872128f4,train
id_card/employee_id_0141.jpg,employee_id_0141.jpg,id_card,synthetic,original,3eff9f535dca,train
id_card/employee_id_0143.jpg,employee_id_0143.jpg,id_card,synthetic,original,531e4da4f536,train
id_card/employee_id_0145.jpg,employee_id_0145.jpg,id_card,synthetic,original,03b83a31fd16,train
id_card/employee_id_0146.jpg,employee_id_0146.jpg,id_card,synthetic,original,f93d8bcb035a,train
id_card/employee_id_0148.jpg,employee_id_0148.jpg,id_card,synthetic,original,3ea88eebc86d,train
id_card/employee_id_0150.jpg,employee_id_0150.jpg,id_card,synthetic,original,cc6b420a74a2,train
id_card/employee_id_0151.jpg,employee_id_0151.jpg,id_card,synthetic,original,ff66b4f34f05,train
id_card/employee_id_0152.jpg,employee_id_0152.jpg,id_card,synthetic,original,46a2c3df9593,train
id_card/employee_id_0153.jpg,employee_id_0153.jpg,id_card,synthetic,original,c52460293b9e,train
id_card/employee_id_0154.jpg,employee_id_0154.jpg,id_card,synthetic,original,3829ac9418ac,train
id_card/employee_id_0155.jpg,employee_id_0155.jpg,id_card,synthetic,original,79b55f51d196,train
id_card/employee_id_0157.jpg,employee_id_0157.jpg,id_card,synthetic,original,4d38a3cd90c9,train
id_card/employee_id_0158.jpg,employee_id_0158.jpg,id_card,synthetic,original,f909d64ad9e1,train
id_card/employee_id_0160.jpg,employee_id_0160.jpg,id_card,synthetic,original,e214544b8911,train
id_card/employee_id_0161.jpg,employee_id_0161.jpg,id_card,synthetic,original,38baa143b61a,train
id_card/employee_id_0162.jpg,employee_id_0162.jpg,id_card,synthetic,original,966a8d9e4a68,train
id_card/employee_id_0163.jpg,employee_id_0163.jpg,id_card,synthetic,original,84a73e0c33d3,train
id_card/employee_id_0164.jpg,employee_id_0164.jpg,id_card,synthetic,original,ff66c52f153f,train
id_card/employee_id_0165.jpg,employee_id_0165.jpg,id_card,synthetic,original,88e81563a7b0,train
id_card/employee_id_0166.jpg,employee_id_0166.jpg,id_card,synthetic,original,945fce0b75d5,train
id_card/employee_id_0167.jpg,employee_id_0167.jpg,id_card,synthetic,original,7627dd1fb621,train
id_card/employee_id_0169.jpg,employee_id_0169.jpg,id_card,synthetic,original,4e412f85a134,train
id_card/employee_id_0172.jpg,employee_id_0172.jpg,id_card,synthetic,original,0d5726d09307,train
id_card/employee_id_0173.jpg,employee_id_0173.jpg,id_card,synthetic,original,6ce80d872f18,train
id_card/employee_id_0174.jpg,employee_id_0174.jpg,id_card,synthetic,original,a445a39b9a6b,train
id_card/employee_id_0178.jpg,employee_id_0178.jpg,id_card,synthetic,original,449fc883f202,train
id_card/employee_id_0179.jpg,employee_id_0179.jpg,id_card,synthetic,original,90829e245ad4,train
id_card/employee_id_0180.jpg,employee_id_0180.jpg,id_card,synthetic,original,3eaaabe88d6e,train
id_card/employee_id_0181.jpg,employee_id_0181.jpg,id_card,synthetic,original,83adc5e72f8c,train
id_card/employee_id_0183.jpg,employee_id_0183.jpg,id_card,synthetic,original,cfaf94265b0e,train
id_card/employee_id_0187.jpg,employee_id_0187.jpg,id_card,synthetic,original,a31d7a909dc3,train
id_card/employee_id_0188.jpg,employee_id_0188.jpg,id_card,synthetic,original,e88fb56b85dc,train
id_card/employee_id_0189.jpg,employee_id_0189.jpg,id_card,synthetic,original,0aec2a498c29,train
id_card/employee_id_0190.jpg,employee_id_0190.jpg,id_card,synthetic,original,a980ff6ef260,train
id_card/employee_id_0191.jpg,employee_id_0191.jpg,id_card,synthetic,original,a5bcb2f16441,train
id_card/employee_id_0192.jpg,employee_id_0192.jpg,id_card,synthetic,original,9d6844ce7b2a,train
id_card/employee_id_0193.jpg,employee_id_0193.jpg,id_card,synthetic,original,5445ebc570ff,train
id_card/employee_id_0194.jpg,employee_id_0194.jpg,id_card,synthetic,original,32df8177c4e9,train
id_card/employee_id_0195.jpg,employee_id_0195.jpg,id_card,synthetic,original,f74a6af795d6,train
id_card/employee_id_0196.jpg,employee_id_0196.jpg,id_card,synthetic,original,35036dffc810,train
id_card/employee_id_0197.jpg,employee_id_0197.jpg,id_card,synthetic,original,77aa1dd9fbdf,train
id_card/employee_id_0199.jpg,employee_id_0199.jpg,id_card,synthetic,original,a64236b7eb06,train
id_card/student_id_0000.jpg,student_id_0000.jpg,id_card,synthetic,original,9e7a5965397d,train
id_card/student_id_0002.jpg,student_id_0002.jpg,id_card,synthetic,original,3196dcf9db40,train
id_card/student_id_0003.jpg,student_id_0003.jpg,id_card,synthetic,original,30879e4fc1c6,train
id_card/student_id_0004.jpg,student_id_0004.jpg,id_card,synthetic,original,ffcd960d5030,train
id_card/student_id_0006.jpg,student_id_0006.jpg,id_card,synthetic,original,931f7a89f142,train
id_card/student_id_0010.jpg,student_id_0010.jpg,id_card,synthetic,original,541c21d7482b,train
id_card/student_id_0011.jpg,student_id_0011.jpg,id_card,synthetic,original,430b981bde25,train
id_card/student_id_0012.jpg,student_id_0012.jpg,id_card,synthetic,original,97098e7e0c2a,train
id_card/student_id_0013.jpg,student_id_0013.jpg,id_card,synthetic,original,40370108c82a,train
id_card/student_id_0014.jpg,student_id_0014.jpg,id_card,synthetic,original,a7dd33f6e280,train
id_card/student_id_0015.jpg,student_id_0015.jpg,id_card,synthetic,original,a86916b730ab,train
id_card/student_id_0017.jpg,student_id_0017.jpg,id_card,synthetic,original,ef38d5338c6d,train
id_card/student_id_0019.jpg,student_id_0019.jpg,id_card,synthetic,original,634fb8e475d2,train
id_card/student_id_0020.jpg,student_id_0020.jpg,id_card,synthetic,original,a60f6f1003c5,train
id_card/student_id_0021.jpg,student_id_0021.jpg,id_card,synthetic,original,d3533d81d2ed,train
id_card/student_id_0022.jpg,student_id_0022.jpg,id_card,synthetic,original,1155beb889f2,train
id_card/student_id_0024.jpg,student_id_0024.jpg,id_card,synthetic,original,7a97233abf87,train
id_card/student_id_0025.jpg,student_id_0025.jpg,id_card,synthetic,original,bf378bdf506f,train
id_card/student_id_0026.jpg,student_id_0026.jpg,id_card,synthetic,original,2f69be37a6af,train
id_card/student_id_0028.jpg,student_id_0028.jpg,id_card,synthetic,original,92293a7d7b97,train
id_card/student_id_0031.jpg,student_id_0031.jpg,id_card,synthetic,original,3ce5f90f87e4,train
id_card/student_id_0033.jpg,student_id_0033.jpg,id_card,synthetic,original,22125ef9d220,train
id_card/student_id_0034.jpg,student_id_0034.jpg,id_card,synthetic,original,66a36d38960c,train
id_card/student_id_0035.jpg,student_id_0035.jpg,id_card,synthetic,original,5d574045b956,train
id_card/student_id_0036.jpg,student_id_0036.jpg,id_card,synthetic,original,7f2a2df46a75,train
id_card/student_id_0037.jpg,student_id_0037.jpg,id_card,synthetic,original,e24a7a609e69,train
id_card/student_id_0038.jpg,student_id_0038.jpg,id_card,synthetic,original,271f358ecc19,train
id_card/student_id_0043.jpg,student_id_0043.jpg,id_card,synthetic,original,d4904cc92db8,train
id_card/student_id_0044.jpg,student_id_0044.jpg,id_card,synthetic,original,f167d96312c0,train
id_card/student_id_0047.jpg,student_id_0047.jpg,id_card,synthetic,original,c1a1ff3ceb5c,train
id_card/student_id_0048.jpg,student_id_0048.jpg,id_card,synthetic,original,e37687ddc875,train
id_card/student_id_0050.jpg,student_id_0050.jpg,id_card,synthetic,original,7c194ec3a686,train
id_card/student_id_0051.jpg,student_id_0051.jpg,id_card,synthetic,original,5d53108a1ee4,train
id_card/student_id_0054.jpg,student_id_0054.jpg,id_card,synthetic,original,debedbb7256a,train
id_card/student_id_0056.jpg,student_id_0056.jpg,id_card,synthetic,original,568d9ac3a2ac,train
id_card/student_id_0057.jpg,student_id_0057.jpg,id_card,synthetic,original,81410100b52f,train
id_card/student_id_0058.jpg,student_id_0058.jpg,id_card,synthetic,original,76d5aebc0d0f,train
id_card/student_id_0059.jpg,student_id_0059.jpg,id_card,synthetic,original,9f7a844d77d8,train
id_card/student_id_0061.jpg,student_id_0061.jpg,id_card,synthetic,original,79dd507e5228,train
id_card/student_id_0062.jpg,student_id_0062.jpg,id_card,synthetic,original,88d515696cc1,train
id_card/student_id_0063.jpg,student_id_0063.jpg,id_card,synthetic,original,0a20a5c20167,train
id_card/student_id_0064.jpg,student_id_0064.jpg,id_card,synthetic,original,933c4e548718,train
id_card/student_id_0067.jpg,student_id_0067.jpg,id_card,synthetic,original,68c24e4b8944,train
id_card/student_id_0071.jpg,student_id_0071.jpg,id_card,synthetic,original,770200bd1124,train
id_card/student_id_0072.jpg,student_id_0072.jpg,id_card,synthetic,original,9b0b014fccb1,train
id_card/student_id_0075.jpg,student_id_0075.jpg,id_card,synthetic,original,a4690d5dbf9c,train
id_card/student_id_0077.jpg,student_id_0077.jpg,id_card,synthetic,original,a231064195df,train
id_card/student_id_0078.jpg,student_id_0078.jpg,id_card,synthetic,original,b43c3013641d,train
id_card/student_id_0081.jpg,student_id_0081.jpg,id_card,synthetic,original,f1143a9df8ae,train
id_card/student_id_0082.jpg,student_id_0082.jpg,id_card,synthetic,original,7e2307f2b0d7,train
id_card/student_id_0083.jpg,student_id_0083.jpg,id_card,synthetic,original,8b98889c3d71,train
id_card/student_id_0085.jpg,student_id_0085.jpg,id_card,synthetic,original,8a4a08ddac48,train
id_card/student_id_0086.jpg,student_id_0086.jpg,id_card,synthetic,original,063765a6d378,train
id_card/student_id_0087.jpg,student_id_0087.jpg,id_card,synthetic,original,6e6679f73cb4,train
id_card/student_id_0088.jpg,student_id_0088.jpg,id_card,synthetic,original,80b47d8d6a9c,train
id_card/student_id_0090.jpg,student_id_0090.jpg,id_card,synthetic,original,ae3545b48656,train
id_card/student_id_0092.jpg,student_id_0092.jpg,id_card,synthetic,original,8e4418240033,train
id_card/student_id_0093.jpg,student_id_0093.jpg,id_card,synthetic,original,5e8853397631,train
id_card/student_id_0094.jpg,student_id_0094.jpg,id_card,synthetic,original,c8ea59eb89bf,train
id_card/student_id_0095.jpg,student_id_0095.jpg,id_card,synthetic,original,3d1bbc9febd6,train
id_card/student_id_0097.jpg,student_id_0097.jpg,id_card,synthetic,original,429ccba1dc23,train
id_card/student_id_0098.jpg,student_id_0098.jpg,id_card,synthetic,original,3d1223c1db6c,train
id_card/student_id_0100.jpg,student_id_0100.jpg,id_card,synthetic,original,db021c487be8,train
id_card/student_id_0101.jpg,student_id_0101.jpg,id_card,synthetic,original,eb1d9be57e34,train
id_card/student_id_0103.jpg,student_id_0103.jpg,id_card,synthetic,original,a93fc3e76935,train
id_card/student_id_0104.jpg,student_id_0104.jpg,id_card,synthetic,original,006fee8d3896,train
id_card/student_id_0106.jpg,student_id_0106.jpg,id_card,synthetic,original,59b4913d1c77,train
id_card/student_id_0108.jpg,student_id_0108.jpg,id_card,synthetic,original,c5d012ca786c,train
id_card/student_id_0109.jpg,student_id_0109.jpg,id_card,synthetic,original,7d47e9bfcc65,train
id_card/student_id_0110.jpg,student_id_0110.jpg,id_card,synthetic,original,dbe169d13805,train
id_card/student_id_0111.jpg,student_id_0111.jpg,id_card,synthetic,original,ceb1c276d8f8,train
id_card/student_id_0112.jpg,student_id_0112.jpg,id_card,synthetic,original,ad1d75b7f5b1,train
id_card/student_id_0113.jpg,student_id_0113.jpg,id_card,synthetic,original,48e5e8424436,train
id_card/student_id_0115.jpg,student_id_0115.jpg,id_card,synthetic,original,cc8c0063e6de,train
id_card/student_id_0117.jpg,student_id_0117.jpg,id_card,synthetic,original,dfb5610c525e,train
id_card/student_id_0118.jpg,student_id_0118.jpg,id_card,synthetic,original,0b840cf00057,train
id_card/student_id_0119.jpg,student_id_0119.jpg,id_card,synthetic,original,1ff071f1714a,train
id_card/student_id_0120.jpg,student_id_0120.jpg,id_card,synthetic,original,f36219a0c57f,train
id_card/student_id_0122.jpg,student_id_0122.jpg,id_card,synthetic,original,a0b4f75e9a95,train
id_card/student_id_0125.jpg,student_id_0125.jpg,id_card,synthetic,original,df210385fe6d,train
id_card/student_id_0127.jpg,student_id_0127.jpg,id_card,synthetic,original,d569a0c8f4e4,train
id_card/student_id_0128.jpg,student_id_0128.jpg,id_card,synthetic,original,8c9bc0a2554b,train
id_card/student_id_0129.jpg,student_id_0129.jpg,id_card,synthetic,original,a4f9280d7aef,train
id_card/student_id_0130.jpg,student_id_0130.jpg,id_card,synthetic,original,ea26b431e554,train
id_card/student_id_0131.jpg,student_id_0131.jpg,id_card,synthetic,original,da0301e60edf,train
id_card/student_id_0134.jpg,student_id_0134.jpg,id_card,synthetic,original,3c6f67aabb1c,train
id_card/student_id_0135.jpg,student_id_0135.jpg,id_card,synthetic,original,c72f9ddee1b7,train
id_card/student_id_0137.jpg,student_id_0137.jpg,id_card,synthetic,original,f38fccb4bfc0,train
id_card/student_id_0138.jpg,student_id_0138.jpg,id_card,synthetic,original,142d5b29eedc,train
id_card/student_id_0139.jpg,student_id_0139.jpg,id_card,synthetic,original,e4f62a75871b,train
id_card/student_id_0141.jpg,student_id_0141.jpg,id_card,synthetic,original,ad1bcef72659,train
id_card/student_id_0142.jpg,student_id_0142.jpg,id_card,synthetic,original,e2e627c2b178,train
id_card/student_id_0145.jpg,student_id_0145.jpg,id_card,synthetic,original,01c7eb7b9644,train
id_card/student_id_0149.jpg,student_id_0149.jpg,id_card,synthetic,original,ccea8d385382,train
id_card/student_id_0150.jpg,student_id_0150.jpg,id_card,synthetic,original,09f18c957c45,train
id_card/student_id_0152.jpg,student_id_0152.jpg,id_card,synthetic,original,23d70e953ac0,train
id_card/student_id_0153.jpg,student_id_0153.jpg,id_card,synthetic,original,4e5eb94e15cd,train
id_card/student_id_0154.jpg,student_id_0154.jpg,id_card,synthetic,original,89579974a201,train
id_card/student_id_0157.jpg,student_id_0157.jpg,id_card,synthetic,original,0df796c3b299,train
id_card/student_id_0159.jpg,student_id_0159.jpg,id_card,synthetic,original,745319f93f34,train
id_card/student_id_0160.jpg,student_id_0160.jpg,id_card,synthetic,original,3602e71464fe,train
id_card/student_id_0164.jpg,student_id_0164.jpg,id_card,synthetic,original,74fb5a1667fa,train
id_card/student_id_0165.jpg,student_id_0165.jpg,id_card,synthetic,original,a8d6b9e732c4,train
id_card/student_id_0166.jpg,student_id_0166.jpg,id_card,synthetic,original,3a11f48dfaa4,train
id_card/student_id_0167.jpg,student_id_0167.jpg,id_card,synthetic,original,31b6a75b9d31,train
id_card/student_id_0168.jpg,student_id_0168.jpg,id_card,synthetic,original,e3b58a646bfc,train
id_card/student_id_0170.jpg,student_id_0170.jpg,id_card,synthetic,original,ebdb4c4eaba1,train
id_card/student_id_0172.jpg,student_id_0172.jpg,id_card,synthetic,original,d92743e06ab8,train
id_card/student_id_0173.jpg,student_id_0173.jpg,id_card,synthetic,original,436567bf6b46,train
id_card/student_id_0174.jpg,student_id_0174.jpg,id_card,synthetic,original,838ce61631cf,train
id_card/student_id_0178.jpg,student_id_0178.jpg,id_card,synthetic,original,bd6dda59a094,train
id_card/student_id_0179.jpg,student_id_0179.jpg,id_card,synthetic,original,b18e160126cf,train
id_card/student_id_0180.jpg,student_id_0180.jpg,id_card,synthetic,original,ae33fb4ec217,train
id_card/student_id_0182.jpg,student_id_0182.jpg,id_card,synthetic,original,0d8f54e233bf,train
id_card/student_id_0183.jpg,student_id_0183.jpg,id_card,synthetic,original,53a0833f9bee,train
id_card/student_id_0187.jpg,student_id_0187.jpg,id_card,synthetic,original,e5cef0047ab8,train
id_card/student_id_0188.jpg,student_id_0188.jpg,id_card,synthetic,original,52652d5e1ac0,train
id_card/student_id_0190.jpg,student_id_0190.jpg,id_card,synthetic,original,c42daa362aaf,train
id_card/student_id_0191.jpg,student_id_0191.jpg,id_card,synthetic,original,609f04671ce1,train
id_card/student_id_0193.jpg,student_id_0193.jpg,id_card,synthetic,original,3621fb8284fb,train
id_card/student_id_0195.jpg,student_id_0195.jpg,id_card,synthetic,original,74558356f9b9,train
id_card/student_id_0197.jpg,student_id_0197.jpg,id_card,synthetic,original,567f8435ae0e,train
id_card/student_id_0199.jpg,student_id_0199.jpg,id_card,synthetic,original,fc19579b6f04,train
id_card/aadhaar_like_0002.jpg,aadhaar_like_0002.jpg,id_card,synthetic,original,48af8c082781,val
id_card/aadhaar_like_0019.jpg,aadhaar_like_0019.jpg,id_card,synthetic,original,bcfb2b8e35a0,val
id_card/aadhaar_like_0021.jpg,aadhaar_like_0021.jpg,id_card,synthetic,original,9b94149bead2,val
id_card/aadhaar_like_0024.jpg,aadhaar_like_0024.jpg,id_card,synthetic,original,8b2d12bfb3fc,val
id_card/aadhaar_like_0043.jpg,aadhaar_like_0043.jpg,id_card,synthetic,original,5af113dcd02a,val
id_card/aadhaar_like_0050.jpg,aadhaar_like_0050.jpg,id_card,synthetic,original,df11a939ec02,val
id_card/aadhaar_like_0055.jpg,aadhaar_like_0055.jpg,id_card,synthetic,original,33592aff08cd,val
id_card/aadhaar_like_0058.jpg,aadhaar_like_0058.jpg,id_card,synthetic,original,bbcda513c75d,val
id_card/aadhaar_like_0066.jpg,aadhaar_like_0066.jpg,id_card,synthetic,original,743c3a3d3c53,val
id_card/aadhaar_like_0086.jpg,aadhaar_like_0086.jpg,id_card,synthetic,original,a4f39a24d442,val
id_card/aadhaar_like_0090.jpg,aadhaar_like_0090.jpg,id_card,synthetic,original,74ae667f1ab1,val
id_card/aadhaar_like_0100.jpg,aadhaar_like_0100.jpg,id_card,synthetic,original,7ca380251824,val
id_card/aadhaar_like_0101.jpg,aadhaar_like_0101.jpg,id_card,synthetic,original,8aa002dc0087,val
id_card/aadhaar_like_0106.jpg,aadhaar_like_0106.jpg,id_card,synthetic,original,8e947d4107db,val
id_card/aadhaar_like_0114.jpg,aadhaar_like_0114.jpg,id_card,synthetic,original,9774f558ba96,val
id_card/aadhaar_like_0116.jpg,aadhaar_like_0116.jpg,id_card,synthetic,original,3c24f120f092,val
id_card/aadhaar_like_0129.jpg,aadhaar_like_0129.jpg,id_card,synthetic,original,ac192c97e2ae,val
id_card/aadhaar_like_0130.jpg,aadhaar_like_0130.jpg,id_card,synthetic,original,3a8ead48d2c2,val
id_card/aadhaar_like_0141.jpg,aadhaar_like_0141.jpg,id_card,synthetic,original,4ff1f3ebf85c,val
id_card/aadhaar_like_0146.jpg,aadhaar_like_0146.jpg,id_card,synthetic,original,8d91c05a9733,val
id_card/aadhaar_like_0151.jpg,aadhaar_like_0151.jpg,id_card,synthetic,original,2e693162e813,val
id_card/aadhaar_like_0156.jpg,aadhaar_like_0156.jpg,id_card,synthetic,original,c0f4cc5043e7,val
id_card/aadhaar_like_0159.jpg,aadhaar_like_0159.jpg,id_card,synthetic,original,e91c63d62cbf,val
id_card/aadhaar_like_0160.jpg,aadhaar_like_0160.jpg,id_card,synthetic,original,26e6e79972ec,val
id_card/aadhaar_like_0180.jpg,aadhaar_like_0180.jpg,id_card,synthetic,original,93fb0724483d,val
id_card/aadhaar_like_0217.jpg,aadhaar_like_0217.jpg,id_card,synthetic,original,f2e5b47785a6,val
id_card/aadhaar_like_0237.jpg,aadhaar_like_0237.jpg,id_card,synthetic,original,fa2a1b9f357e,val
id_card/aadhaar_like_0239.jpg,aadhaar_like_0239.jpg,id_card,synthetic,original,9070b5364559,val
id_card/aadhaar_like_0244.jpg,aadhaar_like_0244.jpg,id_card,synthetic,original,b3e9e61efef3,val
id_card/aadhaar_like_0261.jpg,aadhaar_like_0261.jpg,id_card,synthetic,original,d7c7d1d61606,val
id_card/aadhaar_like_0270.jpg,aadhaar_like_0270.jpg,id_card,synthetic,original,1b332d5fab1e,val
id_card/aadhaar_like_0276.jpg,aadhaar_like_0276.jpg,id_card,synthetic,original,0c4194b533ff,val
id_card/aadhaar_like_0286.jpg,aadhaar_like_0286.jpg,id_card,synthetic,original,28f68535ab40,val
id_card/aadhaar_like_0287.jpg,aadhaar_like_0287.jpg,id_card,synthetic,original,f7f04b4091ae,val
id_card/aadhaar_like_0288.jpg,aadhaar_like_0288.jpg,id_card,synthetic,original,3ba03c7c92ba,val
id_card/aadhaar_like_0291.jpg,aadhaar_like_0291.jpg,id_card,synthetic,original,846130fd9aa4,val
id_card/aadhaar_like_0295.jpg,aadhaar_like_0295.jpg,id_card,synthetic,original,14a751f5d2e6,val
id_card/aadhaar_like_0298.jpg,aadhaar_like_0298.jpg,id_card,synthetic,original,84fac17ebd73,val
id_card/aadhaar_like_0301.jpg,aadhaar_like_0301.jpg,id_card,synthetic,original,d61b8afb3eb9,val
id_card/aadhaar_like_0304.jpg,aadhaar_like_0304.jpg,id_card,synthetic,original,b9eba0624567,val
id_card/aadhaar_like_0305.jpg,aadhaar_like_0305.jpg,id_card,synthetic,original,37d62d809949,val
id_card/aadhaar_like_0308.jpg,aadhaar_like_0308.jpg,id_card,synthetic,original,7a49c8e6a2e0,val
id_card/aadhaar_like_0313.jpg,aadhaar_like_0313.jpg,id_card,synthetic,original,5d416c93a9d9,val
id_card/aadhaar_like_0316.jpg,aadhaar_like_0316.jpg,id_card,synthetic,original,8aad747b9fc5,val
id_card/aadhaar_like_0324.jpg,aadhaar_like_0324.jpg,id_card,synthetic,original,d63f76e88560,val
id_card/aadhaar_like_0334.jpg,aadhaar_like_0334.jpg,id_card,synthetic,original,09cfc6954ffa,val
id_card/aadhaar_like_0335.jpg,aadhaar_like_0335.jpg,id_card,synthetic,original,4d1e3abfbc7a,val
id_card/aadhaar_like_0345.jpg,aadhaar_like_0345.jpg,id_card,synthetic,original,6ae4cc243380,val
id_card/aadhaar_like_0348.jpg,aadhaar_like_0348.jpg,id_card,synthetic,original,173f2b215817,val
id_card/aadhaar_like_0354.jpg,aadhaar_like_0354.jpg,id_card,synthetic,original,fe8589aced87,val
id_card/aadhaar_like_0361.jpg,aadhaar_like_0361.jpg,id_card,synthetic,original,9c6ad4ad009e,val
id_card/aadhaar_like_0375.jpg,aadhaar_like_0375.jpg,id_card,synthetic,original,36b82eee9410,val
id_card/aadhaar_like_0381.jpg,aadhaar_like_0381.jpg,id_card,synthetic,original,845c7ef50ab7,val
id_card/aadhaar_like_0397.jpg,aadhaar_like_0397.jpg,id_card,synthetic,original,d6881387777c,val
id_card/aadhaar_like_0399.jpg,aadhaar_like_0399.jpg,id_card,synthetic,original,fbe6748e2e08,val
id_card/aadhaar_like_0404.jpg,aadhaar_like_0404.jpg,id_card,synthetic,original,f4eec03bd3bc,val
id_card/aadhaar_like_0406.jpg,aadhaar_like_0406.jpg,id_card,synthetic,original,cee11fdff977,val
id_card/aadhaar_like_0425.jpg,aadhaar_like_0425.jpg,id_card,synthetic,original,d28457d08579,val
id_card/aadhaar_like_0441.jpg,aadhaar_like_0441.jpg,id_card,synthetic,original,3eaf9393c81f,val
id_card/aadhaar_like_0446.jpg,aadhaar_like_0446.jpg,id_card,synthetic,original,80744bece1c5,val
id_card/aadhaar_like_0454.jpg,aadhaar_like_0454.jpg,id_card,synthetic,original,ec04b65cf3c4,val
id_card/aadhaar_like_0455.jpg,aadhaar_like_0455.jpg,id_card,synthetic,original,ce4de9099d80,val
id_card/aadhaar_like_0456.jpg,aadhaar_like_0456.jpg,id_card,synthetic,original,2b6f22c46c32,val
id_card/aadhaar_like_0466.jpg,aadhaar_like_0466.jpg,id_card,synthetic,original,255bd1f3350c,val
id_card/aadhaar_like_0478.jpg,aadhaar_like_0478.jpg,id_card,synthetic,original,d6db1e8fd922,val
id_card/aadhaar_like_0494.jpg,aadhaar_like_0494.jpg,id_card,synthetic,original,c4e7e6e2ce76,val
id_card/aadhaar_like_0500.jpg,aadhaar_like_0500.jpg,id_card,synthetic,original,58b035460505,val
id_card/aadhaar_like_0504.jpg,aadhaar_like_0504.jpg,id_card,synthetic,original,4f488825a253,val
id_card/aadhaar_like_0513.jpg,aadhaar_like_0513.jpg,id_card,synthetic,original,e3f6390f4a42,val
id_card/aadhaar_like_0530.jpg,aadhaar_like_0530.jpg,id_card,synthetic,original,1fdd8c4a8548,val
id_card/aadhaar_like_0550.jpg,aadhaar_like_0550.jpg,id_card,synthetic,original,961efe8545cc,val
id_card/aadhaar_like_0559.jpg,aadhaar_like_0559.jpg,id_card,synthetic,original,c081d56c4809,val
id_card/aadhaar_like_0561.jpg,aadhaar_like_0561.jpg,id_card,synthetic,original,b64114c03df5,val
id_card/aadhaar_like_0575.jpg,aadhaar_like_0575.jpg,id_card,synthetic,original,765d0633b0ab,val
id_card/aadhaar_like_0585.jpg,aadhaar_like_0585.jpg,id_card,synthetic,original,8a2f72395af3,val
id_card/aadhaar_like_0588.jpg,aadhaar_like_0588.jpg,id_card,synthetic,original,405f28016cd3,val
id_card/aadhaar_like_0589.jpg,aadhaar_like_0589.jpg,id_card,synthetic,original,9953af2d79fd,val
id_card/aadhaar_like_0590.jpg,aadhaar_like_0590.jpg,id_card,synthetic,original,df0628dac261,val
id_card/aadhaar_like_0594.jpg,aadhaar_like_0594.jpg,id_card,synthetic,original,78d97b8c9e0d,val
id_card/aadhaar_like_0614.jpg,aadhaar_like_0614.jpg,id_card,synthetic,original,8dae257c4230,val
id_card/aadhaar_like_0618.jpg,aadhaar_like_0618.jpg,id_card,synthetic,original,5f56bef97eb1,val
id_card/aadhaar_like_0620.jpg,aadhaar_like_0620.jpg,id_card,synthetic,original,fdfcb76f224f,val
id_card/aadhaar_like_0621.jpg,aadhaar_like_0621.jpg,id_card,synthetic,original,e677f67970bd,val
id_card/aadhaar_like_0627.jpg,aadhaar_like_0627.jpg,id_card,synthetic,original,04208a819f0e,val
id_card/aadhaar_like_0629.jpg,aadhaar_like_0629.jpg,id_card,synthetic,original,3705e65f5be0,val
id_card/aadhaar_like_0630.jpg,aadhaar_like_0630.jpg,id_card,synthetic,original,3109f66f39ed,val
id_card/aadhaar_like_0633.jpg,aadhaar_like_0633.jpg,id_card,synthetic,original,6ac8810239c8,val
id_card/aadhaar_like_0648.jpg,aadhaar_like_0648.jpg,id_card,synthetic,original,fe718b14d29e,val
id_card/aadhaar_like_0654.jpg,aadhaar_like_0654.jpg,id_card,synthetic,original,b71bf641a9ec,val
id_card/aadhaar_like_0657.jpg,aadhaar_like_0657.jpg,id_card,synthetic,original,9d581cc9aa1f,val
id_card/aadhaar_like_0661.jpg,aadhaar_like_0661.jpg,id_card,synthetic,original,a185d01ce14d,val
id_card/aadhaar_like_0662.jpg,aadhaar_like_0662.jpg,id_card,synthetic,original,9ed015f67690,val
id_card/aadhaar_like_0665.jpg,aadhaar_like_0665.jpg,id_card,synthetic,original,e5d986ff3d68,val
id_card/aadhaar_like_0669.jpg,aadhaar_like_0669.jpg,id_card,synthetic,original,fb983ec7cf93,val
id_card/aadhaar_like_0670.jpg,aadhaar_like_0670.jpg,id_card,synthetic,original,45db347512c7,val
id_card/aadhaar_like_0673.jpg,aadhaar_like_0673.jpg,id_card,synthetic,original,8ded8f15cf49,val
id_card/aadhaar_like_0678.jpg,aadhaar_like_0678.jpg,id_card,synthetic,original,6d5b93bddcc3,val
id_card/aadhaar_like_0687.jpg,aadhaar_like_0687.jpg,id_card,synthetic,original,1d1dbe9260a2,val
id_card/aadhaar_like_0688.jpg,aadhaar_like_0688.jpg,id_card,synthetic,original,346153ed5f1c,val
id_card/aadhaar_like_0700.jpg,aadhaar_like_0700.jpg,id_card,synthetic,original,81989f444bc0,val
id_card/aadhaar_like_0702.jpg,aadhaar_like_0702.jpg,id_card,synthetic,original,a2e1675e0dc7,val
id_card/aadhaar_like_0704.jpg,aadhaar_like_0704.jpg,id_card,synthetic,original,834d2dd19a7e,val
id_card/aadhaar_like_0708.jpg,aadhaar_like_0708.jpg,id_card,synthetic,original,cd5b2a923156,val
id_card/aadhaar_like_0711.jpg,aadhaar_like_0711.jpg,id_card,synthetic,original,35ed6d5385b0,val
id_card/aadhaar_like_0715.jpg,aadhaar_like_0715.jpg,id_card,synthetic,original,33f4d9486c77,val
id_card/aadhaar_like_0726.jpg,aadhaar_like_0726.jpg,id_card,synthetic,original,15c351f89cab,val
id_card/aadhaar_like_0727.jpg,aadhaar_like_0727.jpg,id_card,synthetic,original,ce8ebc3b2bdc,val
id_card/aadhaar_like_0736.jpg,aadhaar_like_0736.jpg,id_card,synthetic,original,eef542bc2456,val
id_card/aadhaar_like_0738.jpg,aadhaar_like_0738.jpg,id_card,synthetic,original,886552450316,val
id_card/aadhaar_like_0744.jpg,aadhaar_like_0744.jpg,id_card,synthetic,original,e9e2d388669e,val
id_card/aadhaar_like_0749.jpg,aadhaar_like_0749.jpg,id_card,synthetic,original,72e8c07b22c6,val
id_card/aadhaar_like_0751.jpg,aadhaar_like_0751.jpg,id_card,synthetic,original,5d6d2c3e9e3d,val
id_card/aadhaar_like_0770.jpg,aadhaar_like_0770.jpg,id_card,synthetic,original,e2bee5f3d13b,val
id_card/aadhaar_like_0776.jpg,aadhaar_like_0776.jpg,id_card,synthetic,original,f0e3b1fcee5a,val
id_card/aadhaar_like_0784.jpg,aadhaar_like_0784.jpg,id_card,synthetic,original,3172dfbd07d9,val
id_card/aadhaar_like_0794.jpg,aadhaar_like_0794.jpg,id_card,synthetic,original,eccac099efa7,val
id_card/aadhaar_like_0800.jpg,aadhaar_like_0800.jpg,id_card,synthetic,original,42fd43640202,val
id_card/company_id_0000.jpg,company_id_0000.jpg,id_card,synthetic,original,c54587aa99d4,val
id_card/company_id_0003.jpg,company_id_0003.jpg,id_card,synthetic,original,32b5ea1edef5,val
id_card/company_id_0013.jpg,company_id_0013.jpg,id_card,synthetic,original,c5cbc8381837,val
id_card/company_id_0015.jpg,company_id_0015.jpg,id_card,synthetic,original,d8638a629200,val
id_card/company_id_0034.jpg,company_id_0034.jpg,id_card,synthetic,original,54747f3f4b92,val
id_card/company_id_0036.jpg,company_id_0036.jpg,id_card,synthetic,original,641bae942261,val
id_card/company_id_0041.jpg,company_id_0041.jpg,id_card,synthetic,original,e0c025152c03,val
id_card/company_id_0043.jpg,company_id_0043.jpg,id_card,synthetic,original,c4f6672c22f3,val
id_card/company_id_0050.jpg,company_id_0050.jpg,id_card,synthetic,original,4a537a224687,val
id_card/company_id_0056.jpg,company_id_0056.jpg,id_card,synthetic,original,93146d05bc67,val
id_card/company_id_0072.jpg,company_id_0072.jpg,id_card,synthetic,original,a909c8ce1366,val
id_card/company_id_0085.jpg,company_id_0085.jpg,id_card,synthetic,original,910f3d921ef8,val
id_card/company_id_0108.jpg,company_id_0108.jpg,id_card,synthetic,original,0afcd01d68f3,val
id_card/company_id_0110.jpg,company_id_0110.jpg,id_card,synthetic,original,8210f2882bb7,val
id_card/company_id_0111.jpg,company_id_0111.jpg,id_card,synthetic,original,e2ca440823e7,val
id_card/company_id_0116.jpg,company_id_0116.jpg,id_card,synthetic,original,5f2fc52a9a79,val
id_card/company_id_0138.jpg,company_id_0138.jpg,id_card,synthetic,original,fd0ce87f34be,val
id_card/company_id_0139.jpg,company_id_0139.jpg,id_card,synthetic,original,c49a00603532,val
id_card/company_id_0141.jpg,company_id_0141.jpg,id_card,synthetic,original,63af4f1d9076,val
id_card/company_id_0143.jpg,company_id_0143.jpg,id_card,synthetic,original,5b7aa642f481,val
id_card/company_id_0146.jpg,company_id_0146.jpg,id_card,synthetic,original,45e4544f935c,val
id_card/company_id_0151.jpg,company_id_0151.jpg,id_card,synthetic,original,40f80c42fcff,val
id_card/company_id_0155.jpg,company_id_0155.jpg,id_card,synthetic,original,330c74b6d892,val
id_card/company_id_0156.jpg,company_id_0156.jpg,id_card,synthetic,original,e6a545e3631a,val
id_card/company_id_0161.jpg,company_id_0161.jpg,id_card,synthetic,original,bd8187986cc4,val
id_card/company_id_0171.jpg,company_id_0171.jpg,id_card,synthetic,original,b01034d349e9,val
id_card/company_id_0173.jpg,company_id_0173.jpg,id_card,synthetic,original,b45fe130844c,val
id_card/company_id_0179.jpg,company_id_0179.jpg,id_card,synthetic,original,f371aa1aa9c9,val
id_card/company_id_0192.jpg,company_id_0192.jpg,id_card,synthetic,original,5b0802c0e2db,val
id_card/employee_id_0005.jpg,employee_id_0005.jpg,id_card,synthetic,original,1de61f628dfe,val
id_card/employee_id_0007.jpg,employee_id_0007.jpg,id_card,synthetic,original,b69c0a74c22c,val
id_card/employee_id_0008.jpg,employee_id_0008.jpg,id_card,synthetic,original,9a911c2e533d,val
id_card/employee_id_0009.jpg,employee_id_0009.jpg,id_card,synthetic,original,ae36190d4a9b,val
id_card/employee_id_0012.jpg,employee_id_0012.jpg,id_card,synthetic,original,bc271a8b6ee0,val
id_card/employee_id_0016.jpg,employee_id_0016.jpg,id_card,synthetic,original,b93d7e2ab2b2,val
id_card/employee_id_0026.jpg,employee_id_0026.jpg,id_card,synthetic,original,ebce1e2d15ac,val
id_card/employee_id_0030.jpg,employee_id_0030.jpg,id_card,synthetic,original,aefea7bf5269,val
id_card/employee_id_0031.jpg,employee_id_0031.jpg,id_card,synthetic,original,bb8d16ca35b3,val
id_card/employee_id_0033.jpg,employee_id_0033.jpg,id_card,synthetic,original,de793dd914a2,val
id_card/employee_id_0043.jpg,employee_id_0043.jpg,id_card,synthetic,original,4fef2529f660,val
id_card/employee_id_0049.jpg,employee_id_0049.jpg,id_card,synthetic,original,52454011c309,val
id_card/employee_id_0076.jpg,employee_id_0076.jpg,id_card,synthetic,original,fd4c2bf5e0e1,val
id_card/employee_id_0083.jpg,employee_id_0083.jpg,id_card,synthetic,original,af5c1cfc848f,val
id_card/employee_id_0087.jpg,employee_id_0087.jpg,id_card,synthetic,original,a1c9fdccda74,val
id_card/employee_id_0088.jpg,employee_id_0088.jpg,id_card,synthetic,original,25b5eb8cb192,val
id_card/employee_id_0094.jpg,employee_id_0094.jpg,id_card,synthetic,original,a1c258b3900e,val
id_card/employee_id_0096.jpg,employee_id_0096.jpg,id_card,synthetic,original,e4875f6be288,val
id_card/employee_id_0099.jpg,employee_id_0099.jpg,id_card,synthetic,original,9ebbcd461112,val
id_card/employee_id_0107.jpg,employee_id_0107.jpg,id_card,synthetic,original,76b88cd4f126,val
id_card/employee_id_0118.jpg,employee_id_0118.jpg,id_card,synthetic,original,1bf356b1dd47,val
id_card/employee_id_0134.jpg,employee_id_0134.jpg,id_card,synthetic,original,fb72823eb91b,val
id_card/employee_id_0144.jpg,employee_id_0144.jpg,id_card,synthetic,original,1e02498093c8,val
id_card/employee_id_0147.jpg,employee_id_0147.jpg,id_card,synthetic,original,976002777923,val
id_card/employee_id_0156.jpg,employee_id_0156.jpg,id_card,synthetic,original,c91a66b96281,val
id_card/employee_id_0159.jpg,employee_id_0159.jpg,id_card,synthetic,original,dc753e582098,val
id_card/employee_id_0171.jpg,employee_id_0171.jpg,id_card,synthetic,original,a699688026d1,val
id_card/employee_id_0175.jpg,employee_id_0175.jpg,id_card,synthetic,original,193986b3ef01,val
id_card/employee_id_0176.jpg,employee_id_0176.jpg,id_card,synthetic,original,1b0923f42315,val
id_card/employee_id_0177.jpg,employee_id_0177.jpg,id_card,synthetic,original,f438bb72d0d7,val
id_card/employee_id_0182.jpg,employee_id_0182.jpg,id_card,synthetic,original,81e08423ca8a,val
id_card/employee_id_0184.jpg,employee_id_0184.jpg,id_card,synthetic,original,c83ea09a727a,val
id_card/employee_id_0186.jpg,employee_id_0186.jpg,id_card,synthetic,original,009ccdafb380,val
id_card/student_id_0007.jpg,student_id_0007.jpg,id_card,synthetic,original,580a08891035,val
id_card/student_id_0018.jpg,student_id_0018.jpg,id_card,synthetic,original,63991949924d,val
id_card/student_id_0027.jpg,student_id_0027.jpg,id_card,synthetic,original,9a17dae75b70,val
id_card/student_id_0029.jpg,student_id_0029.jpg,id_card,synthetic,original,fa4544f639da,val
id_card/student_id_0030.jpg,student_id_0030.jpg,id_card,synthetic,original,f5b0d458c9cb,val
id_card/student_id_0039.jpg,student_id_0039.jpg,id_card,synthetic,original,89fc13ad0112,val
id_card/student_id_0042.jpg,student_id_0042.jpg,id_card,synthetic,original,e6102884c29e,val
id_card/student_id_0045.jpg,student_id_0045.jpg,id_card,synthetic,original,ff29bb596c69,val
id_card/student_id_0049.jpg,student_id_0049.jpg,id_card,synthetic,original,d4dbfc4dca86,val
id_card/student_id_0052.jpg,student_id_0052.jpg,id_card,synthetic,original,d64b10828f26,val
id_card/student_id_0055.jpg,student_id_0055.jpg,id_card,synthetic,original,6ef0366956be,val
id_card/student_id_0060.jpg,student_id_0060.jpg,id_card,synthetic,original,70c05bb75737,val
id_card/student_id_0065.jpg,student_id_0065.jpg,id_card,synthetic,original,e87fd20ceb1c,val
id_card/student_id_0076.jpg,student_id_0076.jpg,id_card,synthetic,original,86f88b069cee,val
id_card/student_id_0080.jpg,student_id_0080.jpg,id_card,synthetic,original,e5ed055bd072,val
id_card/student_id_0084.jpg,student_id_0084.jpg,id_card,synthetic,original,96a83884d236,val
id_card/student_id_0123.jpg,student_id_0123.jpg,id_card,synthetic,original,4e67cdece5e8,val
id_card/student_id_0124.jpg,student_id_0124.jpg,id_card,synthetic,original,7bfc66fc717d,val
id_card/student_id_0126.jpg,student_id_0126.jpg,id_card,synthetic,original,1f437a1451c8,val
id_card/student_id_0132.jpg,student_id_0132.jpg,id_card,synthetic,original,808969dbea71,val
id_card/student_id_0136.jpg,student_id_0136.jpg,id_card,synthetic,original,19f4eb93e38a,val
id_card/student_id_0140.jpg,student_id_0140.jpg,id_card,synthetic,original,79dcbd82057c,val
id_card/student_id_0156.jpg,student_id_0156.jpg,id_card,synthetic,original,92985ac2e359,val
id_card/student_id_0162.jpg,student_id_0162.jpg,id_card,synthetic,original,3d965caa22be,val
id_card/student_id_0175.jpg,student_id_0175.jpg,id_card,synthetic,original,4b2634f10e63,val
id_card/student_id_0176.jpg,student_id_0176.jpg,id_card,synthetic,original,e7876931fdba,val
id_card/student_id_0177.jpg,student_id_0177.jpg,id_card,synthetic,original,3c0f71101583,val
id_card/student_id_0181.jpg,student_id_0181.jpg,id_card,synthetic,original,d6751260288f,val
id_card/student_id_0184.jpg,student_id_0184.jpg,id_card,synthetic,original,5c44029a5940,val
id_card/student_id_0192.jpg,student_id_0192.jpg,id_card,synthetic,original,e69fcef7e4f3,val
id_card/student_id_0196.jpg,student_id_0196.jpg,id_card,synthetic,original,d84cb34c72ab,val
invoice/invoice_0002.jpg,invoice_0002.jpg,invoice,real,original,f60739198b27,test
invoice/invoice_0011.jpg,invoice_0011.jpg,invoice,real,original,70a1ec1cc50a,test
invoice/invoice_0016.jpg,invoice_0016.jpg,invoice,real,original,1e186e7aeb67,test
invoice/invoice_0024.jpg,invoice_0024.jpg,invoice,real,original,6144d123685c,test
invoice/invoice_0032.jpg,invoice_0032.jpg,invoice,real,original,bf16e8d82589,test
invoice/invoice_0038.jpg,invoice_0038.jpg,invoice,real,original,4119697357d2,test
invoice/invoice_0043.jpg,invoice_0043.jpg,invoice,real,original,8522f35f9348,test
invoice/invoice_0044.jpg,invoice_0044.jpg,invoice,real,original,f91ba3d61af2,test
invoice/invoice_0048.jpg,invoice_0048.jpg,invoice,real,original,455ec4861ae6,test
invoice/invoice_0052.jpg,invoice_0052.jpg,invoice,real,original,cbf65b45ab9b,test
invoice/invoice_0053.jpg,invoice_0053.jpg,invoice,real,original,743a0927bd65,test
invoice/invoice_0054.jpg,invoice_0054.jpg,invoice,real,original,3485f72ec686,test
invoice/invoice_0067.jpg,invoice_0067.jpg,invoice,real,original,9752f4a85e5a,test
invoice/invoice_0073.jpg,invoice_0073.jpg,invoice,real,original,83f621805a7f,test
invoice/invoice_0085.jpg,invoice_0085.jpg,invoice,real,original,512e3f3942b5,test
invoice/invoice_0092.jpg,invoice_0092.jpg,invoice,real,original,cb6f05c77448,test
invoice/invoice_0115.jpg,invoice_0115.jpg,invoice,real,original,88c10c5bbe79,test
invoice/invoice_0117.jpg,invoice_0117.jpg,invoice,real,original,ec8b566db9a9,test
invoice/invoice_0118.jpg,invoice_0118.jpg,invoice,real,original,3f8dd0d67f11,test
invoice/invoice_0123.jpg,invoice_0123.jpg,invoice,real,original,a5e6939eaae3,test
invoice/invoice_0128.jpg,invoice_0128.jpg,invoice,real,original,949afabf6d1d,test
invoice/invoice_0136.jpg,invoice_0136.jpg,invoice,real,original,6ec9f1b45efa,test
invoice/invoice_0154.jpg,invoice_0154.jpg,invoice,real,original,1fc0897f343a,test
invoice/invoice_0155.jpg,invoice_0155.jpg,invoice,real,original,095393e90bb4,test
invoice/invoice_0156.jpg,invoice_0156.jpg,invoice,real,original,daaa2d5e5178,test
invoice/invoice_0158.jpg,invoice_0158.jpg,invoice,real,original,f7ddfddb3d9e,test
invoice/invoice_0160.jpg,invoice_0160.jpg,invoice,real,original,cfd1599d3962,test
invoice/invoice_0169.jpg,invoice_0169.jpg,invoice,real,original,7a35cb4311a5,test
invoice/invoice_0172.jpg,invoice_0172.jpg,invoice,real,original,355a732c3dda,test
invoice/invoice_0174.jpg,invoice_0174.jpg,invoice,real,original,51a8b72d5441,test
invoice/invoice_0181.jpg,invoice_0181.jpg,invoice,real,original,0527ad4e36b9,test
invoice/invoice_0187.jpg,invoice_0187.jpg,invoice,real,original,eee1cdb3f6a6,test
invoice/invoice_0194.jpg,invoice_0194.jpg,invoice,real,original,17c3da925240,test
invoice/invoice_0198.jpg,invoice_0198.jpg,invoice,real,original,2612e3a4da25,test
invoice/invoice_0204.jpg,invoice_0204.jpg,invoice,real,original,5d97507d13ce,test
invoice/invoice_0213.jpg,invoice_0213.jpg,invoice,real,original,59ce8f735802,test
invoice/invoice_0215.jpg,invoice_0215.jpg,invoice,real,original,578d6e04eb90,test
invoice/invoice_0225.jpg,invoice_0225.jpg,invoice,real,original,8f4429e0170a,test
invoice/invoice_0232.jpg,invoice_0232.jpg,invoice,real,original,007523028193,test
invoice/invoice_0234.jpg,invoice_0234.jpg,invoice,real,original,bcdddc77f56a,test
invoice/invoice_0241.jpg,invoice_0241.jpg,invoice,real,original,7f572aec629e,test
invoice/invoice_0247.jpg,invoice_0247.jpg,invoice,real,original,e749c1c41727,test
invoice/invoice_0251.jpg,invoice_0251.jpg,invoice,real,original,365daaf524df,test
invoice/invoice_0254.jpg,invoice_0254.jpg,invoice,real,original,18d5c93c1aed,test
invoice/invoice_0276.jpg,invoice_0276.jpg,invoice,real,original,1f181bd06bce,test
invoice/invoice_0277.jpg,invoice_0277.jpg,invoice,real,original,113861140d18,test
invoice/invoice_0300.jpg,invoice_0300.jpg,invoice,real,original,fbc71223c68f,test
invoice/invoice_0301.jpg,invoice_0301.jpg,invoice,real,original,c2b6e35ce1e4,test
invoice/invoice_0306.jpg,invoice_0306.jpg,invoice,real,original,93130e440d0d,test
invoice/invoice_0310.jpg,invoice_0310.jpg,invoice,real,original,2927c754b8b5,test
invoice/invoice_0326.jpg,invoice_0326.jpg,invoice,real,original,0419c0dcf195,test
invoice/invoice_0330.jpg,invoice_0330.jpg,invoice,real,original,e0a6aec4860b,test
invoice/invoice_0332.jpg,invoice_0332.jpg,invoice,real,original,f0dfac780fa1,test
invoice/invoice_0353.jpg,invoice_0353.jpg,invoice,real,original,4f07e23f1e76,test
invoice/invoice_0355.jpg,invoice_0355.jpg,invoice,real,original,30895081a30e,test
invoice/invoice_0356.jpg,invoice_0356.jpg,invoice,real,original,4cee16253a25,test
invoice/invoice_0359.jpg,invoice_0359.jpg,invoice,real,original,a197959e3f47,test
invoice/invoice_0361.jpg,invoice_0361.jpg,invoice,real,original,fd6b15189451,test
invoice/invoice_0377.jpg,invoice_0377.jpg,invoice,real,original,c77153c10507,test
invoice/invoice_0392.jpg,invoice_0392.jpg,invoice,real,original,4b78b2339263,test
invoice/invoice_0393.jpg,invoice_0393.jpg,invoice,real,original,1e07ae87b613,test
invoice/invoice_0397.jpg,invoice_0397.jpg,invoice,real,original,2f47929c28d0,test
invoice/invoice_0403.jpg,invoice_0403.jpg,invoice,real,original,e870a83ac7b9,test
invoice/invoice_0408.jpg,invoice_0408.jpg,invoice,real,original,bce357205b35,test
invoice/invoice_0411.jpg,invoice_0411.jpg,invoice,real,original,2e5d65c52033,test
invoice/invoice_0445.jpg,invoice_0445.jpg,invoice,real,original,8dc459b3f9e4,test
invoice/invoice_0449.jpg,invoice_0449.jpg,invoice,real,original,b3518b374878,test
invoice/invoice_0452.jpg,invoice_0452.jpg,invoice,real,original,f865c1f23c07,test
invoice/invoice_0455.jpg,invoice_0455.jpg,invoice,real,original,8221801b9625,test
invoice/invoice_0464.jpg,invoice_0464.jpg,invoice,real,original,e99b29de3d4d,test
invoice/invoice_0477.jpg,invoice_0477.jpg,invoice,real,original,e8ca7dad162a,test
invoice/invoice_0483.jpg,invoice_0483.jpg,invoice,real,original,9411fb05af88,test
invoice/invoice_0500.jpg,invoice_0500.jpg,invoice,real,original,9c82801a0865,test
invoice/invoice_0501.jpg,invoice_0501.jpg,invoice,real,original,f2f657fa298e,test
invoice/invoice_0511.jpg,invoice_0511.jpg,invoice,real,original,2bca7f59c21c,test
invoice/invoice_0517.jpg,invoice_0517.jpg,invoice,real,original,c7df71f87a72,test
invoice/invoice_0518.jpg,invoice_0518.jpg,invoice,real,original,c8e0c0e5a855,test
invoice/invoice_0519.jpg,invoice_0519.jpg,invoice,real,original,8d908309780b,test
invoice/invoice_0522.jpg,invoice_0522.jpg,invoice,real,original,b681296e3a57,test
invoice/invoice_0528.jpg,invoice_0528.jpg,invoice,real,original,2c7d2d366ef9,test
invoice/invoice_0545.jpg,invoice_0545.jpg,invoice,real,original,db308a63339d,test
invoice/invoice_0557.jpg,invoice_0557.jpg,invoice,real,original,8b47c9363aa0,test
invoice/invoice_0558.jpg,invoice_0558.jpg,invoice,real,original,54109cec4b5b,test
invoice/invoice_0559.jpg,invoice_0559.jpg,invoice,real,original,abebb406564c,test
invoice/invoice_0564.jpg,invoice_0564.jpg,invoice,real,original,b4db6436e0b4,test
invoice/invoice_0565.jpg,invoice_0565.jpg,invoice,real,original,45695c9988ff,test
invoice/invoice_0570.jpg,invoice_0570.jpg,invoice,real,original,7dea1adad8c1,test
invoice/invoice_0572.jpg,invoice_0572.jpg,invoice,real,original,79aaad76d99e,test
invoice/invoice_0579.jpg,invoice_0579.jpg,invoice,real,original,75cc5cb94a04,test
invoice/invoice_0581.jpg,invoice_0581.jpg,invoice,real,original,97e5dd265429,test
invoice/invoice_0589.jpg,invoice_0589.jpg,invoice,real,original,3e0a304f11f2,test
invoice/invoice_0592.jpg,invoice_0592.jpg,invoice,real,original,b82391868e9e,test
invoice/invoice_0597.jpg,invoice_0597.jpg,invoice,real,original,4d4cbdeb60ed,test
invoice/invoice_0600.jpg,invoice_0600.jpg,invoice,real,original,0a6a0cda9451,test
invoice/invoice_0603.jpg,invoice_0603.jpg,invoice,real,original,12b13fb4ca79,test
invoice/invoice_0607.jpg,invoice_0607.jpg,invoice,real,original,45bcf69c0eaf,test
invoice/invoice_0609.jpg,invoice_0609.jpg,invoice,real,original,d16a73b75007,test
invoice/invoice_0630.jpg,invoice_0630.jpg,invoice,real,original,047f0573492a,test
invoice/invoice_0637.jpg,invoice_0637.jpg,invoice,real,original,4402485462a6,test
invoice/invoice_0644.jpg,invoice_0644.jpg,invoice,real,original,118973a5c0f4,test
invoice/invoice_0646.jpg,invoice_0646.jpg,invoice,real,original,9d8d4ad60606,test
invoice/invoice_0649.jpg,invoice_0649.jpg,invoice,real,original,b2a856e3f983,test
invoice/invoice_0668.jpg,invoice_0668.jpg,invoice,real,original,b2f996fa708b,test
invoice/invoice_0676.jpg,invoice_0676.jpg,invoice,real,original,e2d1bf5b6ffa,test
invoice/invoice_0681.jpg,invoice_0681.jpg,invoice,real,original,8e743c61c8cf,test
invoice/invoice_0686.jpg,invoice_0686.jpg,invoice,real,original,86d07c8c7713,test
invoice/invoice_0687.jpg,invoice_0687.jpg,invoice,real,original,dd20bba4cb75,test
invoice/invoice_0698.jpg,invoice_0698.jpg,invoice,real,original,a27e3e6b15a1,test
invoice/invoice_0711.jpg,invoice_0711.jpg,invoice,real,original,39fe64380adb,test
invoice/invoice_0719.jpg,invoice_0719.jpg,invoice,real,original,2b73d5e9a874,test
invoice/invoice_0722.jpg,invoice_0722.jpg,invoice,real,original,455a34b2d10e,test
invoice/invoice_0725.jpg,invoice_0725.jpg,invoice,real,original,f0edb8cd2bbb,test
invoice/invoice_0738.jpg,invoice_0738.jpg,invoice,real,original,cb7b73031ab9,test
invoice/invoice_0747.jpg,invoice_0747.jpg,invoice,real,original,f386ae1fac22,test
invoice/invoice_0756.jpg,invoice_0756.jpg,invoice,real,original,326e159849be,test
invoice/invoice_0768.jpg,invoice_0768.jpg,invoice,real,original,e2e5560ecb43,test
invoice/invoice_0783.jpg,invoice_0783.jpg,invoice,real,original,eae1b6591a77,test
invoice/invoice_0788.jpg,invoice_0788.jpg,invoice,real,original,bf8eee03acaf,test
invoice/invoice_0791.jpg,invoice_0791.jpg,invoice,real,original,dab7d35d9691,test
invoice/invoice_0793.jpg,invoice_0793.jpg,invoice,real,original,05192b423857,test
invoice/invoice_modern/invoice_modern_0020.jpg,invoice_modern_0020.jpg,invoice,real,modern,ece1f27735cc,test
invoice/invoice_modern/invoice_modern_0029.jpg,invoice_modern_0029.jpg,invoice,real,modern,cd4f77aac437,test
invoice/invoice_modern/invoice_modern_0034.jpg,invoice_modern_0034.jpg,invoice,real,modern,3fd2e4b3d8e9,test
invoice/invoice_modern/invoice_modern_0036.jpg,invoice_modern_0036.jpg,invoice,real,modern,8e9b94937921,test
invoice/invoice_modern/invoice_modern_0041.jpg,invoice_modern_0041.jpg,invoice,real,modern,f2c0ead30b84,test
invoice/invoice_modern/invoice_modern_0061.jpg,invoice_modern_0061.jpg,invoice,real,modern,f982fe79efd0,test
invoice/invoice_modern/invoice_modern_0062.jpg,invoice_modern_0062.jpg,invoice,real,modern,491d74e99ed5,test
invoice/invoice_modern/invoice_modern_0066.jpg,invoice_modern_0066.jpg,invoice,real,modern,6ee95a5a5aac,test
invoice/invoice_modern/invoice_modern_0068.jpg,invoice_modern_0068.jpg,invoice,real,modern,bbf1ade9f1ed,test
invoice/invoice_modern/invoice_modern_0076.jpg,invoice_modern_0076.jpg,invoice,real,modern,7f82313acb29,test
invoice/invoice_modern/invoice_modern_0086.jpg,invoice_modern_0086.jpg,invoice,real,modern,c01b8854182b,test
invoice/invoice_modern/invoice_modern_0091.jpg,invoice_modern_0091.jpg,invoice,real,modern,f6af3d3c4ec2,test
invoice/invoice_modern/invoice_modern_0092.jpg,invoice_modern_0092.jpg,invoice,real,modern,eb24f82d2f69,test
invoice/invoice_modern/invoice_modern_0098.jpg,invoice_modern_0098.jpg,invoice,real,modern,a559012ea57c,test
invoice/invoice_modern/invoice_modern_0106.jpg,invoice_modern_0106.jpg,invoice,real,modern,dd9aa386b54c,test
invoice/invoice_modern/invoice_modern_0108.jpg,invoice_modern_0108.jpg,invoice,real,modern,3549e5a0da37,test
invoice/invoice_modern/invoice_modern_0112.jpg,invoice_modern_0112.jpg,invoice,real,modern,d4fceaed8a65,test
invoice/invoice_modern/invoice_modern_0123.jpg,invoice_modern_0123.jpg,invoice,real,modern,a2bff575b6ca,test
invoice/invoice_modern/invoice_modern_0124.jpg,invoice_modern_0124.jpg,invoice,real,modern,4b414152f5a8,test
invoice/invoice_modern/invoice_modern_0125.jpg,invoice_modern_0125.jpg,invoice,real,modern,d27e6643608c,test
invoice/invoice_modern/invoice_modern_0126.jpg,invoice_modern_0126.jpg,invoice,real,modern,2b34dfeafe45,test
invoice/invoice_modern/invoice_modern_0153.jpg,invoice_modern_0153.jpg,invoice,real,modern,cc48eb667fba,test
invoice/invoice_modern/invoice_modern_0154.jpg,invoice_modern_0154.jpg,invoice,real,modern,394542bd54b0,test
invoice/invoice_modern/invoice_modern_0155.jpg,invoice_modern_0155.jpg,invoice,real,modern,0b8d7bb6ad9b,test
invoice/invoice_modern/invoice_modern_0156.jpg,invoice_modern_0156.jpg,invoice,real,modern,e127f5b0ef33,test
invoice/invoice_modern/invoice_modern_0159.jpg,invoice_modern_0159.jpg,invoice,real,modern,a8c44f9b8e53,test
invoice/invoice_modern/invoice_modern_0164.jpg,invoice_modern_0164.jpg,invoice,real,modern,db1efe0aad68,test
invoice/invoice_modern/invoice_modern_0165.jpg,invoice_modern_0165.jpg,invoice,real,modern,072fc485996b,test
invoice/invoice_modern/invoice_modern_0187.jpg,invoice_modern_0187.jpg,invoice,real,modern,4bc4fabac587,test
invoice/invoice_modern/invoice_modern_0195.jpg,invoice_modern_0195.jpg,invoice,real,modern,caed07f51c77,test
invoice/invoice_modern/invoice_modern_0201.jpg,invoice_modern_0201.jpg,invoice,real,modern,043ca8e04568,test
invoice/invoice_modern/invoice_modern_0203.jpg,invoice_modern_0203.jpg,invoice,real,modern,0fb85fb3da38,test
invoice/invoice_modern/invoice_modern_0222.jpg,invoice_modern_0222.jpg,invoice,real,modern,9250f9d16476,test
invoice/invoice_modern/invoice_modern_0233.jpg,invoice_modern_0233.jpg,invoice,real,modern,89dc959ec7fb,test
invoice/invoice_modern/invoice_modern_0234.jpg,invoice_modern_0234.jpg,invoice,real,modern,05ad8ce95fa9,test
invoice/invoice_modern/invoice_modern_0249.jpg,invoice_modern_0249.jpg,invoice,real,modern,e152b6f07c30,test
invoice/invoice_modern/invoice_modern_0257.jpg,invoice_modern_0257.jpg,invoice,real,modern,d7f9196061d1,test
invoice/invoice_modern/invoice_modern_0261.jpg,invoice_modern_0261.jpg,invoice,real,modern,a208e42773a0,test
invoice/invoice_modern/invoice_modern_0273.jpg,invoice_modern_0273.jpg,invoice,real,modern,f655f6c09210,test
invoice/invoice_modern/invoice_modern_0277.jpg,invoice_modern_0277.jpg,invoice,real,modern,acdbe5289220,test
invoice/invoice_modern/invoice_modern_0293.jpg,invoice_modern_0293.jpg,invoice,real,modern,5f01b4be50a4,test
invoice/invoice_modern/invoice_modern_0295.jpg,invoice_modern_0295.jpg,invoice,real,modern,1e383d63472b,test
invoice/invoice_modern/invoice_modern_0300.jpg,invoice_modern_0300.jpg,invoice,real,modern,27b0135fb371,test
invoice/invoice_modern/invoice_modern_0304.jpg,invoice_modern_0304.jpg,invoice,real,modern,458ac684d160,test
invoice/invoice_modern/invoice_modern_0308.jpg,invoice_modern_0308.jpg,invoice,real,modern,d0ddf22101a2,test
invoice/invoice_modern/invoice_modern_0310.jpg,invoice_modern_0310.jpg,invoice,real,modern,10baa842028d,test
invoice/invoice_modern/invoice_modern_0312.jpg,invoice_modern_0312.jpg,invoice,real,modern,a6a1d78a63c2,test
invoice/invoice_modern/invoice_modern_0314.jpg,invoice_modern_0314.jpg,invoice,real,modern,9b09aacc9e60,test
invoice/invoice_modern/invoice_modern_0324.jpg,invoice_modern_0324.jpg,invoice,real,modern,fb96d776eed3,test
invoice/invoice_modern/invoice_modern_0334.jpg,invoice_modern_0334.jpg,invoice,real,modern,4621c37dfea7,test
invoice/invoice_modern/invoice_modern_0350.jpg,invoice_modern_0350.jpg,invoice,real,modern,8b80a0b42f7e,test
invoice/invoice_modern/invoice_modern_0358.jpg,invoice_modern_0358.jpg,invoice,real,modern,1ffa6b9512c9,test
invoice/invoice_modern/invoice_modern_0359.jpg,invoice_modern_0359.jpg,invoice,real,modern,3ad037401bae,test
invoice/invoice_modern/invoice_modern_0363.jpg,invoice_modern_0363.jpg,invoice,real,modern,d6372c5e6ee1,test
invoice/invoice_modern/invoice_modern_0368.jpg,invoice_modern_0368.jpg,invoice,real,modern,1d5f009e028a,test
invoice/invoice_modern/invoice_modern_0374.jpg,invoice_modern_0374.jpg,invoice,real,modern,d5c0348e4f1d,test
invoice/invoice_modern/invoice_modern_0375.jpg,invoice_modern_0375.jpg,invoice,real,modern,9bc7295e4986,test
invoice/invoice_modern/invoice_modern_0380.jpg,invoice_modern_0380.jpg,invoice,real,modern,bf177dfdd321,test
invoice/invoice_modern/invoice_modern_0387.jpg,invoice_modern_0387.jpg,invoice,real,modern,43cea3a79105,test
invoice/invoice_modern/invoice_modern_0389.jpg,invoice_modern_0389.jpg,invoice,real,modern,4313278d042b,test
invoice/invoice_modern/invoice_modern_0394.jpg,invoice_modern_0394.jpg,invoice,real,modern,427ad32766aa,test
invoice/invoice_modern/invoice_modern_0400.jpg,invoice_modern_0400.jpg,invoice,real,modern,aa6052582fca,test
invoice/invoice_modern/invoice_modern_0407.jpg,invoice_modern_0407.jpg,invoice,real,modern,f16dc09d4bb6,test
invoice/invoice_modern/invoice_modern_0423.jpg,invoice_modern_0423.jpg,invoice,real,modern,6365c27ae734,test
invoice/invoice_0000.jpg,invoice_0000.jpg,invoice,real,original,5880e60a1b4d,train
invoice/invoice_0001.jpg,invoice_0001.jpg,invoice,real,original,5831f68de06d,train
invoice/invoice_0003.jpg,invoice_0003.jpg,invoice,real,original,4af86412f056,train
invoice/invoice_0005.jpg,invoice_0005.jpg,invoice,real,original,c9c55aa95cbd,train
invoice/invoice_0006.jpg,invoice_0006.jpg,invoice,real,original,9eb075895a56,train
invoice/invoice_0008.jpg,invoice_0008.jpg,invoice,real,original,631eb1ca488f,train
invoice/invoice_0010.jpg,invoice_0010.jpg,invoice,real,original,40439d064849,train
invoice/invoice_0012.jpg,invoice_0012.jpg,invoice,real,original,d7539f597bc1,train
invoice/invoice_0013.jpg,invoice_0013.jpg,invoice,real,original,5ea36658186f,train
invoice/invoice_0015.jpg,invoice_0015.jpg,invoice,real,original,b94257b4aab9,train
invoice/invoice_0017.jpg,invoice_0017.jpg,invoice,real,original,c09ec7dfa4ac,train
invoice/invoice_0019.jpg,invoice_0019.jpg,invoice,real,original,4d60df539bab,train
invoice/invoice_0020.jpg,invoice_0020.jpg,invoice,real,original,4de94a67a2ec,train
invoice/invoice_0021.jpg,invoice_0021.jpg,invoice,real,original,92f37d4a094b,train
invoice/invoice_0022.jpg,invoice_0022.jpg,invoice,real,original,d7a3dd21d96e,train
invoice/invoice_0023.jpg,invoice_0023.jpg,invoice,real,original,523ee401736f,train
invoice/invoice_0026.jpg,invoice_0026.jpg,invoice,real,original,e371aae9b831,train
invoice/invoice_0027.jpg,invoice_0027.jpg,invoice,real,original,3c23046eb183,train
invoice/invoice_0028.jpg,invoice_0028.jpg,invoice,real,original,b6a701111aa8,train
invoice/invoice_0029.jpg,invoice_0029.jpg,invoice,real,original,902b28957b05,train
invoice/invoice_0030.jpg,invoice_0030.jpg,invoice,real,original,e173f702caca,train
invoice/invoice_0031.jpg,invoice_0031.jpg,invoice,real,original,7138e67022b0,train
invoice/invoice_0033.jpg,invoice_0033.jpg,invoice,real,original,5fba195bdb18,train
invoice/invoice_0034.jpg,invoice_0034.jpg,invoice,real,original,63ccfb2ac5bc,train
invoice/invoice_0035.jpg,invoice_0035.jpg,invoice,real,original,c3f9b3982755,train
invoice/invoice_0036.jpg,invoice_0036.jpg,invoice,real,original,78fca371c06c,train
invoice/invoice_0037.jpg,invoice_0037.jpg,invoice,real,original,41b7bb93b693,train
invoice/invoice_0039.jpg,invoice_0039.jpg,invoice,real,original,76e634ce31e8,train
invoice/invoice_0040.jpg,invoice_0040.jpg,invoice,real,original,7f8982c7002b,train
invoice/invoice_0041.jpg,invoice_0041.jpg,invoice,real,original,d93cc092cd11,train
invoice/invoice_0042.jpg,invoice_0042.jpg,invoice,real,original,e2985b4382eb,train
invoice/invoice_0045.jpg,invoice_0045.jpg,invoice,real,original,69aed36ec93a,train
invoice/invoice_0046.jpg,invoice_0046.jpg,invoice,real,original,523766717d49,train
invoice/invoice_0047.jpg,invoice_0047.jpg,invoice,real,original,11aecb508561,train
invoice/invoice_0050.jpg,invoice_0050.jpg,invoice,real,original,3cb644d0ecf0,train
invoice/invoice_0051.jpg,invoice_0051.jpg,invoice,real,original,d21921589ad2,train
invoice/invoice_0055.jpg,invoice_0055.jpg,invoice,real,original,1e820a298be7,train
invoice/invoice_0056.jpg,invoice_0056.jpg,invoice,real,original,6b4fceba9336,train
invoice/invoice_0057.jpg,invoice_0057.jpg,invoice,real,original,d0936bdd618f,train
invoice/invoice_0059.jpg,invoice_0059.jpg,invoice,real,original,0ea37bbea9d1,train
invoice/invoice_0060.jpg,invoice_0060.jpg,invoice,real,original,fe6c2c2e857f,train
invoice/invoice_0061.jpg,invoice_0061.jpg,invoice,real,original,9d6f2b39edbc,train
invoice/invoice_0062.jpg,invoice_0062.jpg,invoice,real,original,ade9c922367e,train
invoice/invoice_0063.jpg,invoice_0063.jpg,invoice,real,original,f461ed841a5a,train
invoice/invoice_0065.jpg,invoice_0065.jpg,invoice,real,original,b757674e2fa0,train
invoice/invoice_0066.jpg,invoice_0066.jpg,invoice,real,original,42feb11aee18,train
invoice/invoice_0068.jpg,invoice_0068.jpg,invoice,real,original,b2cc50adf3d8,train
invoice/invoice_0069.jpg,invoice_0069.jpg,invoice,real,original,4c58a70cb89a,train
invoice/invoice_0070.jpg,invoice_0070.jpg,invoice,real,original,02a36553a7df,train
invoice/invoice_0071.jpg,invoice_0071.jpg,invoice,real,original,92a6e7913c75,train
invoice/invoice_0072.jpg,invoice_0072.jpg,invoice,real,original,b2c29d29aabf,train
invoice/invoice_0074.jpg,invoice_0074.jpg,invoice,real,original,addbea3dce37,train
invoice/invoice_0075.jpg,invoice_0075.jpg,invoice,real,original,e9de42d0c429,train
invoice/invoice_0076.jpg,invoice_0076.jpg,invoice,real,original,6d1c1b26de8c,train
invoice/invoice_0077.jpg,invoice_0077.jpg,invoice,real,original,1d195a998d4a,train
invoice/invoice_0079.jpg,invoice_0079.jpg,invoice,real,original,5b00b7b011b3,train
invoice/invoice_0080.jpg,invoice_0080.jpg,invoice,real,original,23ce145419fa,train
invoice/invoice_0081.jpg,invoice_0081.jpg,invoice,real,original,c400c339773d,train
invoice/invoice_0082.jpg,invoice_0082.jpg,invoice,real,original,82f9142bb056,train
invoice/invoice_0083.jpg,invoice_0083.jpg,invoice,real,original,497edbcc2d85,train
invoice/invoice_0084.jpg,invoice_0084.jpg,invoice,real,original,bf3a2c254c36,train
invoice/invoice_0086.jpg,invoice_0086.jpg,invoice,real,original,f023bead1463,train
invoice/invoice_0087.jpg,invoice_0087.jpg,invoice,real,original,72e89fe85b15,train
invoice/invoice_0088.jpg,invoice_0088.jpg,invoice,real,original,215afc074cb7,train
invoice/invoice_0090.jpg,invoice_0090.jpg,invoice,real,original,d61f54986ced,train
invoice/invoice_0091.jpg,invoice_0091.jpg,invoice,real,original,c152b2487e01,train
invoice/invoice_0093.jpg,invoice_0093.jpg,invoice,real,original,5248c56459c7,train
invoice/invoice_0094.jpg,invoice_0094.jpg,invoice,real,original,cbbc0f9a6fd0,train
invoice/invoice_0095.jpg,invoice_0095.jpg,invoice,real,original,8dc1474ae510,train
invoice/invoice_0096.jpg,invoice_0096.jpg,invoice,real,original,6494a5761f6d,train
invoice/invoice_0097.jpg,invoice_0097.jpg,invoice,real,original,399cc839db4d,train
invoice/invoice_0098.jpg,invoice_0098.jpg,invoice,real,original,0c96eb94d588,train
invoice/invoice_0099.jpg,invoice_0099.jpg,invoice,real,original,173152ea877b,train
invoice/invoice_0100.jpg,invoice_0100.jpg,invoice,real,original,464aaf1a462d,train
invoice/invoice_0102.jpg,invoice_0102.jpg,invoice,real,original,118cd6bd1f1f,train
invoice/invoice_0104.jpg,invoice_0104.jpg,invoice,real,original,4d386a932e75,train
invoice/invoice_0105.jpg,invoice_0105.jpg,invoice,real,original,3d818aad82cb,train
invoice/invoice_0106.jpg,invoice_0106.jpg,invoice,real,original,74407c2bca46,train
invoice/invoice_0107.jpg,invoice_0107.jpg,invoice,real,original,3fdff61841de,train
invoice/invoice_0108.jpg,invoice_0108.jpg,invoice,real,original,231ea4859590,train
invoice/invoice_0109.jpg,invoice_0109.jpg,invoice,real,original,2334fecb4ea9,train
invoice/invoice_0111.jpg,invoice_0111.jpg,invoice,real,original,bf21e2ba2e95,train
invoice/invoice_0112.jpg,invoice_0112.jpg,invoice,real,original,9d47712b9bb2,train
invoice/invoice_0113.jpg,invoice_0113.jpg,invoice,real,original,29909ff55520,train
invoice/invoice_0114.jpg,invoice_0114.jpg,invoice,real,original,7a23be53187a,train
invoice/invoice_0116.jpg,invoice_0116.jpg,invoice,real,original,2e194a882e76,train
invoice/invoice_0119.jpg,invoice_0119.jpg,invoice,real,original,1b8bd54ec551,train
invoice/invoice_0120.jpg,invoice_0120.jpg,invoice,real,original,f79f0011ad6b,train
invoice/invoice_0122.jpg,invoice_0122.jpg,invoice,real,original,34af954bdbf9,train
invoice/invoice_0125.jpg,invoice_0125.jpg,invoice,real,original,6c61f3f7d8e5,train
invoice/invoice_0126.jpg,invoice_0126.jpg,invoice,real,original,6115e7a7b256,train
invoice/invoice_0127.jpg,invoice_0127.jpg,invoice,real,original,4fcb7cc18763,train
invoice/invoice_0129.jpg,invoice_0129.jpg,invoice,real,original,38e7a8f4f6de,train
invoice/invoice_0130.jpg,invoice_0130.jpg,invoice,real,original,c72407acbd98,train
invoice/invoice_0131.jpg,invoice_0131.jpg,invoice,real,original,20cde19a3529,train
invoice/invoice_0132.jpg,invoice_0132.jpg,invoice,real,original,3f07ecd00b00,train
invoice/invoice_0134.jpg,invoice_0134.jpg,invoice,real,original,e15ce4da200f,train
invoice/invoice_0135.jpg,invoice_0135.jpg,invoice,real,original,7f1428b951f2,train
invoice/invoice_0139.jpg,invoice_0139.jpg,invoice,real,original,57bbe9e28723,train
invoice/invoice_0141.jpg,invoice_0141.jpg,invoice,real,original,470fe66f17b2,train
invoice/invoice_0143.jpg,invoice_0143.jpg,invoice,real,original,93a3e0f5159c,train
invoice/invoice_0144.jpg,invoice_0144.jpg,invoice,real,original,591b02bcff92,train
invoice/invoice_0145.jpg,invoice_0145.jpg,invoice,real,original,fe01c032116e,train
invoice/invoice_0146.jpg,invoice_0146.jpg,invoice,real,original,7697b959edce,train
invoice/invoice_0147.jpg,invoice_0147.jpg,invoice,real,original,3adf41d56e9d,train
invoice/invoice_0148.jpg,invoice_0148.jpg,invoice,real,original,2377890cbcca,train
invoice/invoice_0149.jpg,invoice_0149.jpg,invoice,real,original,6f895b31436b,train
invoice/invoice_0150.jpg,invoice_0150.jpg,invoice,real,original,706f75a513f3,train
invoice/invoice_0151.jpg,invoice_0151.jpg,invoice,real,original,de65f7860705,train
invoice/invoice_0152.jpg,invoice_0152.jpg,invoice,real,original,62190ca6519b,train
invoice/invoice_0157.jpg,invoice_0157.jpg,invoice,real,original,639acb888795,train
invoice/invoice_0161.jpg,invoice_0161.jpg,invoice,real,original,4b0fb16d218f,train
invoice/invoice_0162.jpg,invoice_0162.jpg,invoice,real,original,5886d203cfd4,train
invoice/invoice_0163.jpg,invoice_0163.jpg,invoice,real,original,747bd623d4f9,train
invoice/invoice_0164.jpg,invoice_0164.jpg,invoice,real,original,aa87c4ef4dc1,train
invoice/invoice_0165.jpg,invoice_0165.jpg,invoice,real,original,482def863439,train
invoice/invoice_0166.jpg,invoice_0166.jpg,invoice,real,original,1436b4964cf6,train
invoice/invoice_0167.jpg,invoice_0167.jpg,invoice,real,original,73b455437a69,train
invoice/invoice_0168.jpg,invoice_0168.jpg,invoice,real,original,a5332c6cdaf1,train
invoice/invoice_0171.jpg,invoice_0171.jpg,invoice,real,original,5d7c2f715ee7,train
invoice/invoice_0173.jpg,invoice_0173.jpg,invoice,real,original,451ae8103d10,train
invoice/invoice_0175.jpg,invoice_0175.jpg,invoice,real,original,fdeb4f5e1c1b,train
invoice/invoice_0176.jpg,invoice_0176.jpg,invoice,real,original,608eb6b317d0,train
invoice/invoice_0177.jpg,invoice_0177.jpg,invoice,real,original,1e7e8ebaa101,train
invoice/invoice_0178.jpg,invoice_0178.jpg,invoice,real,original,e714cdfee2f1,train
invoice/invoice_0179.jpg,invoice_0179.jpg,invoice,real,original,f9062cc9a312,train
invoice/invoice_0180.jpg,invoice_0180.jpg,invoice,real,original,22123a01b332,train
invoice/invoice_0182.jpg,invoice_0182.jpg,invoice,real,original,40db6207134c,train
invoice/invoice_0183.jpg,invoice_0183.jpg,invoice,real,original,89cdc7f7b9ca,train
invoice/invoice_0184.jpg,invoice_0184.jpg,invoice,real,original,155c2a0d985b,train
invoice/invoice_0185.jpg,invoice_0185.jpg,invoice,real,original,6a37ab551e32,train
invoice/invoice_0188.jpg,invoice_0188.jpg,invoice,real,original,d07367203d28,train
invoice/invoice_0189.jpg,invoice_0189.jpg,invoice,real,original,d2c7b6daf19d,train
invoice/invoice_0190.jpg,invoice_0190.jpg,invoice,real,original,1b3cffaf6b86,train
invoice/invoice_0191.jpg,invoice_0191.jpg,invoice,real,original,759109f88fb9,train
invoice/invoice_0192.jpg,invoice_0192.jpg,invoice,real,original,8c3521b6a963,train
invoice/invoice_0193.jpg,invoice_0193.jpg,invoice,real,original,bd113f1cf318,train
invoice/invoice_0195.jpg,invoice_0195.jpg,invoice,real,original,056358532d45,train
invoice/invoice_0196.jpg,invoice_0196.jpg,invoice,real,original,b925acb11b0b,train
invoice/invoice_0197.jpg,invoice_0197.jpg,invoice,real,original,d928f2396f88,train
invoice/invoice_0199.jpg,invoice_0199.jpg,invoice,real,original,69af6be3a07e,train
invoice/invoice_0200.jpg,invoice_0200.jpg,invoice,real,original,eb0480d7b770,train
invoice/invoice_0201.jpg,invoice_0201.jpg,invoice,real,original,339857160cbe,train
invoice/invoice_0202.jpg,invoice_0202.jpg,invoice,real,original,9172f127996c,train
invoice/invoice_0203.jpg,invoice_0203.jpg,invoice,real,original,9b9a8dda7734,train
invoice/invoice_0205.jpg,invoice_0205.jpg,invoice,real,original,f836ace63f3b,train
invoice/invoice_0206.jpg,invoice_0206.jpg,invoice,real,original,d036c1284528,train
invoice/invoice_0207.jpg,invoice_0207.jpg,invoice,real,original,218e3ee1b113,train
invoice/invoice_0208.jpg,invoice_0208.jpg,invoice,real,original,86d52e8abebe,train
invoice/invoice_0210.jpg,invoice_0210.jpg,invoice,real,original,3b550519e224,train
invoice/invoice_0211.jpg,invoice_0211.jpg,invoice,real,original,ac5dfd840dad,train
invoice/invoice_0212.jpg,invoice_0212.jpg,invoice,real,original,c22c8910e3b7,train
invoice/invoice_0214.jpg,invoice_0214.jpg,invoice,real,original,04bd76a63e6b,train
invoice/invoice_0216.jpg,invoice_0216.jpg,invoice,real,original,8dc76ce1e861,train
invoice/invoice_0218.jpg,invoice_0218.jpg,invoice,real,original,1d2475162fef,train
invoice/invoice_0219.jpg,invoice_0219.jpg,invoice,real,original,6aa3eb0ea72d,train
invoice/invoice_0220.jpg,invoice_0220.jpg,invoice,real,original,3232bc341f9d,train
invoice/invoice_0221.jpg,invoice_0221.jpg,invoice,real,original,c68546b27237,train
invoice/invoice_0223.jpg,invoice_0223.jpg,invoice,real,original,eda64dde6858,train
invoice/invoice_0228.jpg,invoice_0228.jpg,invoice,real,original,7db8c1aa055b,train
invoice/invoice_0230.jpg,invoice_0230.jpg,invoice,real,original,98678707be14,train
invoice/invoice_0231.jpg,invoice_0231.jpg,invoice,real,original,5faa4b7bc34d,train
invoice/invoice_0233.jpg,invoice_0233.jpg,invoice,real,original,4051f58be14f,train
invoice/invoice_0235.jpg,invoice_0235.jpg,invoice,real,original,ed0ca9f35279,train
invoice/invoice_0236.jpg,invoice_0236.jpg,invoice,real,original,714b84229551,train
invoice/invoice_0237.jpg,invoice_0237.jpg,invoice,real,original,784ad0a8d40f,train
invoice/invoice_0238.jpg,invoice_0238.jpg,invoice,real,original,a75ae5fa8908,train
invoice/invoice_0239.jpg,invoice_0239.jpg,invoice,real,original,6a3d3fe303f7,train
invoice/invoice_0240.jpg,invoice_0240.jpg,invoice,real,original,d2d17294406e,train
invoice/invoice_0242.jpg,invoice_0242.jpg,invoice,real,original,98a267340512,train
invoice/invoice_0243.jpg,invoice_0243.jpg,invoice,real,original,0945c5ca5098,train
invoice/invoice_0245.jpg,invoice_0245.jpg,invoice,real,original,c6f49e183ca4,train
invoice/invoice_0248.jpg,invoice_0248.jpg,invoice,real,original,cb4ac1e9ab1c,train
invoice/invoice_0249.jpg,invoice_0249.jpg,invoice,real,original,1853d8108eda,train
invoice/invoice_0250.jpg,invoice_0250.jpg,invoice,real,original,0230c670ae02,train
invoice/invoice_0252.jpg,invoice_0252.jpg,invoice,real,original,3e9fa41aa67b,train
invoice/invoice_0253.jpg,invoice_0253.jpg,invoice,real,original,5b41edf771ad,train
invoice/invoice_0255.jpg,invoice_0255.jpg,invoice,real,original,7594037f29be,train
invoice/invoice_0256.jpg,invoice_0256.jpg,invoice,real,original,ea530bff2f70,train
invoice/invoice_0257.jpg,invoice_0257.jpg,invoice,real,original,c144cde1945f,train
invoice/invoice_0258.jpg,invoice_0258.jpg,invoice,real,original,3eb00e3db48e,train
invoice/invoice_0260.jpg,invoice_0260.jpg,invoice,real,original,a8f0c61463d8,train
invoice/invoice_0261.jpg,invoice_0261.jpg,invoice,real,original,7cdbe5ff18ac,train
invoice/invoice_0262.jpg,invoice_0262.jpg,invoice,real,original,12c519573ffa,train
invoice/invoice_0263.jpg,invoice_0263.jpg,invoice,real,original,95a0574fa5a4,train
invoice/invoice_0265.jpg,invoice_0265.jpg,invoice,real,original,28dd0dcbc8eb,train
invoice/invoice_0267.jpg,invoice_0267.jpg,invoice,real,original,3565342d6580,train
invoice/invoice_0268.jpg,invoice_0268.jpg,invoice,real,original,23d31c84bd45,train
invoice/invoice_0269.jpg,invoice_0269.jpg,invoice,real,original,7077b69b7cdf,train
invoice/invoice_0270.jpg,invoice_0270.jpg,invoice,real,original,e62cee47bf99,train
invoice/invoice_0274.jpg,invoice_0274.jpg,invoice,real,original,ba486521c64b,train
invoice/invoice_0275.jpg,invoice_0275.jpg,invoice,real,original,fc60bcd5c155,train
invoice/invoice_0278.jpg,invoice_0278.jpg,invoice,real,original,5c0cd9d6d8e7,train
invoice/invoice_0279.jpg,invoice_0279.jpg,invoice,real,original,cafc37db103d,train
invoice/invoice_0280.jpg,invoice_0280.jpg,invoice,real,original,c0efe6068cf8,train
invoice/invoice_0281.jpg,invoice_0281.jpg,invoice,real,original,0e61847db055,train
invoice/invoice_0282.jpg,invoice_0282.jpg,invoice,real,original,d5a361add957,train
invoice/invoice_0283.jpg,invoice_0283.jpg,invoice,real,original,ec0e1f8b321b,train
invoice/invoice_0284.jpg,invoice_0284.jpg,invoice,real,original,56f5d28f3ff9,train
invoice/invoice_0285.jpg,invoice_0285.jpg,invoice,real,original,903d22491d63,train
invoice/invoice_0286.jpg,invoice_0286.jpg,invoice,real,original,ea513626f964,train
invoice/invoice_0287.jpg,invoice_0287.jpg,invoice,real,original,3152f327415e,train
invoice/invoice_0288.jpg,invoice_0288.jpg,invoice,real,original,f94bb3b6e53f,train
invoice/invoice_0289.jpg,invoice_0289.jpg,invoice,real,original,eadaf855cc27,train
invoice/invoice_0290.jpg,invoice_0290.jpg,invoice,real,original,a01b3771f955,train
invoice/invoice_0291.jpg,invoice_0291.jpg,invoice,real,original,c94c1a0e31b5,train
invoice/invoice_0292.jpg,invoice_0292.jpg,invoice,real,original,a1446176c115,train
invoice/invoice_0294.jpg,invoice_0294.jpg,invoice,real,original,a9048997d878,train
invoice/invoice_0295.jpg,invoice_0295.jpg,invoice,real,original,79d98f1d1ae9,train
invoice/invoice_0296.jpg,invoice_0296.jpg,invoice,real,original,a0d7b7247629,train
invoice/invoice_0297.jpg,invoice_0297.jpg,invoice,real,original,e72e85d24a44,train
invoice/invoice_0298.jpg,invoice_0298.jpg,invoice,real,original,555f550caeba,train
invoice/invoice_0299.jpg,invoice_0299.jpg,invoice,real,original,aac8ee96051f,train
invoice/invoice_0302.jpg,invoice_0302.jpg,invoice,real,original,f80eed2ae2c6,train
invoice/invoice_0303.jpg,invoice_0303.jpg,invoice,real,original,f4c949110b36,train
invoice/invoice_0304.jpg,invoice_0304.jpg,invoice,real,original,6a264fb5b178,train
invoice/invoice_0305.jpg,invoice_0305.jpg,invoice,real,original,723cc1649b3a,train
invoice/invoice_0307.jpg,invoice_0307.jpg,invoice,real,original,198dc093e30b,train
invoice/invoice_0308.jpg,invoice_0308.jpg,invoice,real,original,b340c1380e90,train
invoice/invoice_0309.jpg,invoice_0309.jpg,invoice,real,original,0100b1ac71aa,train
invoice/invoice_0311.jpg,invoice_0311.jpg,invoice,real,original,c7a956bd6613,train
invoice/invoice_0313.jpg,invoice_0313.jpg,invoice,real,original,b6c18aae7226,train
invoice/invoice_0314.jpg,invoice_0314.jpg,invoice,real,original,37d6030c3d4b,train
invoice/invoice_0315.jpg,invoice_0315.jpg,invoice,real,original,cbacaa5cc5d7,train
invoice/invoice_0316.jpg,invoice_0316.jpg,invoice,real,original,1f2aca0f3981,train
invoice/invoice_0317.jpg,invoice_0317.jpg,invoice,real,original,53524e047630,train
invoice/invoice_0318.jpg,invoice_0318.jpg,invoice,real,original,abff771efebf,train
invoice/invoice_0319.jpg,invoice_0319.jpg,invoice,real,original,3dabb4c8f4f0,train
invoice/invoice_0320.jpg,invoice_0320.jpg,invoice,real,original,cabc3386bcb7,train
invoice/invoice_0322.jpg,invoice_0322.jpg,invoice,real,original,cede465f2a14,train
invoice/invoice_0323.jpg,invoice_0323.jpg,invoice,real,original,e2fd80923fcf,train
invoice/invoice_0324.jpg,invoice_0324.jpg,invoice,real,original,dc5762d755cd,train
invoice/invoice_0325.jpg,invoice_0325.jpg,invoice,real,original,760f083e40e9,train
invoice/invoice_0327.jpg,invoice_0327.jpg,invoice,real,original,580f7ac2b6fd,train
invoice/invoice_0328.jpg,invoice_0328.jpg,invoice,real,original,b8586934b32c,train
invoice/invoice_0329.jpg,invoice_0329.jpg,invoice,real,original,c093377184df,train
invoice/invoice_0333.jpg,invoice_0333.jpg,invoice,real,original,1506b3bf78cc,train
invoice/invoice_0334.jpg,invoice_0334.jpg,invoice,real,original,b56a0b1d0e6f,train
invoice/invoice_0335.jpg,invoice_0335.jpg,invoice,real,original,37a9813ec758,train
invoice/invoice_0336.jpg,invoice_0336.jpg,invoice,real,original,eb4f75d7a2a8,train
invoice/invoice_0337.jpg,invoice_0337.jpg,invoice,real,original,78b713200c20,train
invoice/invoice_0339.jpg,invoice_0339.jpg,invoice,real,original,747cbbc35905,train
invoice/invoice_0340.jpg,invoice_0340.jpg,invoice,real,original,18debc0ee6b3,train
invoice/invoice_0341.jpg,invoice_0341.jpg,invoice,real,original,d216233fe9b8,train
invoice/invoice_0342.jpg,invoice_0342.jpg,invoice,real,original,249fae38d88e,train
invoice/invoice_0343.jpg,invoice_0343.jpg,invoice,real,original,5e33cccca98a,train
invoice/invoice_0344.jpg,invoice_0344.jpg,invoice,real,original,b54f36273bac,train
invoice/invoice_0345.jpg,invoice_0345.jpg,invoice,real,original,e0c3a98d4f09,train
invoice/invoice_0346.jpg,invoice_0346.jpg,invoice,real,original,42913e9cc41d,train
invoice/invoice_0347.jpg,invoice_0347.jpg,invoice,real,original,2b81e330b0a1,train
invoice/invoice_0349.jpg,invoice_0349.jpg,invoice,real,original,89d29bb757e6,train
invoice/invoice_0350.jpg,invoice_0350.jpg,invoice,real,original,8b34160f67d8,train
invoice/invoice_0352.jpg,invoice_0352.jpg,invoice,real,original,4f7881027b7f,train
invoice/invoice_0354.jpg,invoice_0354.jpg,invoice,real,original,5c8ef0db151c,train
invoice/invoice_0357.jpg,invoice_0357.jpg,invoice,real,original,6a6004424d2e,train
invoice/invoice_0362.jpg,invoice_0362.jpg,invoice,real,original,a70e550b1124,train
invoice/invoice_0363.jpg,invoice_0363.jpg,invoice,real,original,ee9195f6bef4,train
invoice/invoice_0364.jpg,invoice_0364.jpg,invoice,real,original,b5465b4b5416,train
invoice/invoice_0365.jpg,invoice_0365.jpg,invoice,real,original,89a51b7bab8b,train
invoice/invoice_0366.jpg,invoice_0366.jpg,invoice,real,original,4729ec037c33,train
invoice/invoice_0367.jpg,invoice_0367.jpg,invoice,real,original,8023fbea98c8,train
invoice/invoice_0368.jpg,invoice_0368.jpg,invoice,real,original,5eb82a6161d0,train
invoice/invoice_0369.jpg,invoice_0369.jpg,invoice,real,original,be61af63c7ce,train
invoice/invoice_0370.jpg,invoice_0370.jpg,invoice,real,original,ea76322afc7d,train
invoice/invoice_0371.jpg,invoice_0371.jpg,invoice,real,original,e85a4a8f3095,train
invoice/invoice_0373.jpg,invoice_0373.jpg,invoice,real,original,34aadf5dcbd7,train
invoice/invoice_0374.jpg,invoice_0374.jpg,invoice,real,original,9d49812f5590,train
invoice/invoice_0375.jpg,invoice_0375.jpg,invoice,real,original,14773e487e68,train
invoice/invoice_0376.jpg,invoice_0376.jpg,invoice,real,original,1e811cfbaf3b,train
invoice/invoice_0378.jpg,invoice_0378.jpg,invoice,real,original,f4c1ff35da4b,train
invoice/invoice_0379.jpg,invoice_0379.jpg,invoice,real,original,f89d8957e691,train
invoice/invoice_0380.jpg,invoice_0380.jpg,invoice,real,original,76597e12c5fa,train
invoice/invoice_0381.jpg,invoice_0381.jpg,invoice,real,original,f7351a00581d,train
invoice/invoice_0382.jpg,invoice_0382.jpg,invoice,real,original,46c78f4e99b7,train
invoice/invoice_0383.jpg,invoice_0383.jpg,invoice,real,original,2aab23139ca9,train
invoice/invoice_0384.jpg,invoice_0384.jpg,invoice,real,original,22e6f1b1ab61,train
invoice/invoice_0385.jpg,invoice_0385.jpg,invoice,real,original,d80209204ba8,train
invoice/invoice_0387.jpg,invoice_0387.jpg,invoice,real,original,72b3114c8e10,train
invoice/invoice_0388.jpg,invoice_0388.jpg,invoice,real,original,fdfcfdaedaa6,train
invoice/invoice_0391.jpg,invoice_0391.jpg,invoice,real,original,75220325814d,train
invoice/invoice_0394.jpg,invoice_0394.jpg,invoice,real,original,1707d2d0859a,train
invoice/invoice_0395.jpg,invoice_0395.jpg,invoice,real,original,86bdec18aee2,train
invoice/invoice_0396.jpg,invoice_0396.jpg,invoice,real,original,8f028b1006be,train
invoice/invoice_0398.jpg,invoice_0398.jpg,invoice,real,original,72bf3e42e7dd,train
invoice/invoice_0399.jpg,invoice_0399.jpg,invoice,real,original,c7793f8bced9,train
invoice/invoice_0400.jpg,invoice_0400.jpg,invoice,real,original,22ca9f035070,train
invoice/invoice_0401.jpg,invoice_0401.jpg,invoice,real,original,bd90e6fc10c8,train
invoice/invoice_0402.jpg,invoice_0402.jpg,invoice,real,original,5bc1a2170857,train
invoice/invoice_0404.jpg,invoice_0404.jpg,invoice,real,original,d096bc7a9183,train
invoice/invoice_0405.jpg,invoice_0405.jpg,invoice,real,original,fd037771d269,train
invoice/invoice_0406.jpg,invoice_0406.jpg,invoice,real,original,78edc1e7d1af,train
invoice/invoice_0407.jpg,invoice_0407.jpg,invoice,real,original,57990f8e2edb,train
invoice/invoice_0409.jpg,invoice_0409.jpg,invoice,real,original,e63df6e8a47b,train
invoice/invoice_0410.jpg,invoice_0410.jpg,invoice,real,original,d6e846669272,train
invoice/invoice_0412.jpg,invoice_0412.jpg,invoice,real,original,3df755578479,train
invoice/invoice_0413.jpg,invoice_0413.jpg,invoice,real,original,6513794b7110,train
invoice/invoice_0414.jpg,invoice_0414.jpg,invoice,real,original,bfd37f00e6e0,train
invoice/invoice_0415.jpg,invoice_0415.jpg,invoice,real,original,7dcc1d8539b7,train
invoice/invoice_0416.jpg,invoice_0416.jpg,invoice,real,original,32262ad9260a,train
invoice/invoice_0417.jpg,invoice_0417.jpg,invoice,real,original,8821ee2883d4,train
invoice/invoice_0418.jpg,invoice_0418.jpg,invoice,real,original,b79c573a131d,train
invoice/invoice_0419.jpg,invoice_0419.jpg,invoice,real,original,2ca612b7b181,train
invoice/invoice_0422.jpg,invoice_0422.jpg,invoice,real,original,87eee8f18f25,train
invoice/invoice_0423.jpg,invoice_0423.jpg,invoice,real,original,3528ce6450c1,train
invoice/invoice_0424.jpg,invoice_0424.jpg,invoice,real,original,ff960abc5bcb,train
invoice/invoice_0425.jpg,invoice_0425.jpg,invoice,real,original,ce3660198de5,train
invoice/invoice_0428.jpg,invoice_0428.jpg,invoice,real,original,3ad1e1fb34d8,train
invoice/invoice_0429.jpg,invoice_0429.jpg,invoice,real,original,aaf353b651d7,train
invoice/invoice_0430.jpg,invoice_0430.jpg,invoice,real,original,cb02d7fa9ba8,train
invoice/invoice_0431.jpg,invoice_0431.jpg,invoice,real,original,8ca71b032985,train
invoice/invoice_0432.jpg,invoice_0432.jpg,invoice,real,original,7731d41d0ae9,train
invoice/invoice_0434.jpg,invoice_0434.jpg,invoice,real,original,8936be5de1ee,train
invoice/invoice_0435.jpg,invoice_0435.jpg,invoice,real,original,bcdb32a267f4,train
invoice/invoice_0436.jpg,invoice_0436.jpg,invoice,real,original,1b7662950715,train
invoice/invoice_0438.jpg,invoice_0438.jpg,invoice,real,original,8c548fed943c,train
invoice/invoice_0439.jpg,invoice_0439.jpg,invoice,real,original,6d370d9c96fd,train
invoice/invoice_0441.jpg,invoice_0441.jpg,invoice,real,original,55e678b2a220,train
invoice/invoice_0442.jpg,invoice_0442.jpg,invoice,real,original,e02c5291e014,train
invoice/invoice_0443.jpg,invoice_0443.jpg,invoice,real,original,6b1379ca809d,train
invoice/invoice_0444.jpg,invoice_0444.jpg,invoice,real,original,615a273d39db,train
invoice/invoice_0446.jpg,invoice_0446.jpg,invoice,real,original,d88cefc5690f,train
invoice/invoice_0447.jpg,invoice_0447.jpg,invoice,real,original,445d4247017b,train
invoice/invoice_0448.jpg,invoice_0448.jpg,invoice,real,original,9f6c38510a80,train
invoice/invoice_0451.jpg,invoice_0451.jpg,invoice,real,original,a0fbaa82277c,train
invoice/invoice_0453.jpg,invoice_0453.jpg,invoice,real,original,794459f82f35,train
invoice/invoice_0454.jpg,invoice_0454.jpg,invoice,real,original,07f92862c71f,train
invoice/invoice_0457.jpg,invoice_0457.jpg,invoice,real,original,22792f7efded,train
invoice/invoice_0459.jpg,invoice_0459.jpg,invoice,real,original,6a0d08e6ab3e,train
invoice/invoice_0461.jpg,invoice_0461.jpg,invoice,real,original,3ccb6960776c,train
invoice/invoice_0462.jpg,invoice_0462.jpg,invoice,real,original,5969febb6b1a,train
invoice/invoice_0463.jpg,invoice_0463.jpg,invoice,real,original,567a8c5acf1e,train
invoice/invoice_0465.jpg,invoice_0465.jpg,invoice,real,original,ea2dfd431783,train
invoice/invoice_0466.jpg,invoice_0466.jpg,invoice,real,original,51dec81f0ea6,train
invoice/invoice_0467.jpg,invoice_0467.jpg,invoice,real,original,63b958afa2ce,train
invoice/invoice_0468.jpg,invoice_0468.jpg,invoice,real,original,2e475862e96d,train
invoice/invoice_0469.jpg,invoice_0469.jpg,invoice,real,original,a626996ff592,train
invoice/invoice_0471.jpg,invoice_0471.jpg,invoice,real,original,3234b1521129,train
invoice/invoice_0472.jpg,invoice_0472.jpg,invoice,real,original,ef3568e852df,train
invoice/invoice_0473.jpg,invoice_0473.jpg,invoice,real,original,6da49b1076aa,train
invoice/invoice_0474.jpg,invoice_0474.jpg,invoice,real,original,a9f64294d9f8,train
invoice/invoice_0475.jpg,invoice_0475.jpg,invoice,real,original,f13f0a38b5e5,train
invoice/invoice_0476.jpg,invoice_0476.jpg,invoice,real,original,a15319712f2e,train
invoice/invoice_0478.jpg,invoice_0478.jpg,invoice,real,original,f3855863cc19,train
invoice/invoice_0479.jpg,invoice_0479.jpg,invoice,real,original,f3622f982c87,train
invoice/invoice_0480.jpg,invoice_0480.jpg,invoice,real,original,0be7cd508d83,train
invoice/invoice_0481.jpg,invoice_0481.jpg,invoice,real,original,d5c3b7a24282,train
invoice/invoice_0482.jpg,invoice_0482.jpg,invoice,real,original,d5510c8e6e18,train
invoice/invoice_0484.jpg,invoice_0484.jpg,invoice,real,original,cc0fbaed3c2d,train
invoice/invoice_0485.jpg,invoice_0485.jpg,invoice,real,original,fe0880a05cf6,train
invoice/invoice_0486.jpg,invoice_0486.jpg,invoice,real,original,df332c39c4c7,train
invoice/invoice_0487.jpg,invoice_0487.jpg,invoice,real,original,5c363a0a2124,train
invoice/invoice_0489.jpg,invoice_0489.jpg,invoice,real,original,f8d43c45228d,train
invoice/invoice_0493.jpg,invoice_0493.jpg,invoice,real,original,65ba3d3f7d35,train
invoice/invoice_0495.jpg,invoice_0495.jpg,invoice,real,original,c2fbcd253b50,train
invoice/invoice_0496.jpg,invoice_0496.jpg,invoice,real,original,d34b6c36b3a6,train
invoice/invoice_0497.jpg,invoice_0497.jpg,invoice,real,original,0cd5b3130c86,train
invoice/invoice_0499.jpg,invoice_0499.jpg,invoice,real,original,169616c5c41c,train
invoice/invoice_0502.jpg,invoice_0502.jpg,invoice,real,original,2d38348feca9,train
invoice/invoice_0504.jpg,invoice_0504.jpg,invoice,real,original,1ef540f2426a,train
invoice/invoice_0505.jpg,invoice_0505.jpg,invoice,real,original,7e09490775df,train
invoice/invoice_0507.jpg,invoice_0507.jpg,invoice,real,original,0cd306f101a8,train
invoice/invoice_0508.jpg,invoice_0508.jpg,invoice,real,original,b7b30010ac06,train
invoice/invoice_0509.jpg,invoice_0509.jpg,invoice,real,original,8885ab253567,train
invoice/invoice_0510.jpg,invoice_0510.jpg,invoice,real,original,17582d3ec3e7,train
invoice/invoice_0512.jpg,invoice_0512.jpg,invoice,real,original,c8a136200bb6,train
invoice/invoice_0513.jpg,invoice_0513.jpg,invoice,real,original,fba7374e7ac3,train
invoice/invoice_0514.jpg,invoice_0514.jpg,invoice,real,original,2c8dc896fa5a,train
invoice/invoice_0516.jpg,invoice_0516.jpg,invoice,real,original,3e58297fa7db,train
invoice/invoice_0520.jpg,invoice_0520.jpg,invoice,real,original,aa94f1ed9f30,train
invoice/invoice_0521.jpg,invoice_0521.jpg,invoice,real,original,be9f9f516d6f,train
invoice/invoice_0523.jpg,invoice_0523.jpg,invoice,real,original,3dd5b2b41ca8,train
invoice/invoice_0525.jpg,invoice_0525.jpg,invoice,real,original,5f7bd5c378bf,train
invoice/invoice_0526.jpg,invoice_0526.jpg,invoice,real,original,ea6edd53ab56,train
invoice/invoice_0529.jpg,invoice_0529.jpg,invoice,real,original,fa0b672eefac,train
invoice/invoice_0530.jpg,invoice_0530.jpg,invoice,real,original,d3631516e8e8,train
invoice/invoice_0531.jpg,invoice_0531.jpg,invoice,real,original,92fee6fc3b5c,train
invoice/invoice_0533.jpg,invoice_0533.jpg,invoice,real,original,a2640cfb85c5,train
invoice/invoice_0534.jpg,invoice_0534.jpg,invoice,real,original,1b5c5de3bae6,train
invoice/invoice_0536.jpg,invoice_0536.jpg,invoice,real,original,4e9be275f41d,train
invoice/invoice_0537.jpg,invoice_0537.jpg,invoice,real,original,6406da0fd290,train
invoice/invoice_0538.jpg,invoice_0538.jpg,invoice,real,original,66ec80caac23,train
invoice/invoice_0541.jpg,invoice_0541.jpg,invoice,real,original,52d2b4bceb43,train
invoice/invoice_0542.jpg,invoice_0542.jpg,invoice,real,original,150a380d3613,train
invoice/invoice_0543.jpg,invoice_0543.jpg,invoice,real,original,a7f3e02d909c,train
invoice/invoice_0544.jpg,invoice_0544.jpg,invoice,real,original,fa6f20c7ebba,train
invoice/invoice_0546.jpg,invoice_0546.jpg,invoice,real,original,4be92e4f2b69,train
invoice/invoice_0548.jpg,invoice_0548.jpg,invoice,real,original,36829c0e0292,train
invoice/invoice_0549.jpg,invoice_0549.jpg,invoice,real,original,e481802a9fe4,train
invoice/invoice_0550.jpg,invoice_0550.jpg,invoice,real,original,c6b69e56478f,train
invoice/invoice_0551.jpg,invoice_0551.jpg,invoice,real,original,02de0467fe88,train
invoice/invoice_0552.jpg,invoice_0552.jpg,invoice,real,original,f24d7468f4df,train
invoice/invoice_0553.jpg,invoice_0553.jpg,invoice,real,original,85187a886255,train
invoice/invoice_0555.jpg,invoice_0555.jpg,invoice,real,original,5eafd5deaf1b,train
invoice/invoice_0556.jpg,invoice_0556.jpg,invoice,real,original,5f2ae48e61d2,train
invoice/invoice_0560.jpg,invoice_0560.jpg,invoice,real,original,31ebb4296928,train
invoice/invoice_0561.jpg,invoice_0561.jpg,invoice,real,original,36aeb6183e21,train
invoice/invoice_0562.jpg,invoice_0562.jpg,invoice,real,original,9420f32e2f88,train
invoice/invoice_0567.jpg,invoice_0567.jpg,invoice,real,original,e21b01922d40,train
invoice/invoice_0569.jpg,invoice_0569.jpg,invoice,real,original,db278085e82d,train
invoice/invoice_0571.jpg,invoice_0571.jpg,invoice,real,original,7a91214260fc,train
invoice/invoice_0574.jpg,invoice_0574.jpg,invoice,real,original,d5ffaa0a4730,train
invoice/invoice_0575.jpg,invoice_0575.jpg,invoice,real,original,2564aee5a634,train
invoice/invoice_0576.jpg,invoice_0576.jpg,invoice,real,original,a54a13b3c5ff,train
invoice/invoice_0577.jpg,invoice_0577.jpg,invoice,real,original,e759c45d435d,train
invoice/invoice_0578.jpg,invoice_0578.jpg,invoice,real,original,67543b8dc453,train
invoice/invoice_0580.jpg,invoice_0580.jpg,invoice,real,original,a406ebdd6bd3,train
invoice/invoice_0582.jpg,invoice_0582.jpg,invoice,real,original,7d19719c0da0,train
invoice/invoice_0583.jpg,invoice_0583.jpg,invoice,real,original,cfc613501558,train
invoice/invoice_0584.jpg,invoice_0584.jpg,invoice,real,original,197c57062e5d,train
invoice/invoice_0586.jpg,invoice_0586.jpg,invoice,real,original,fbefeda4a173,train
invoice/invoice_0587.jpg,invoice_0587.jpg,invoice,real,original,690049f8c203,train
invoice/invoice_0588.jpg,invoice_0588.jpg,invoice,real,original,97b497ab116c,train
invoice/invoice_0590.jpg,invoice_0590.jpg,invoice,real,original,8e2917fca5fc,train
invoice/invoice_0591.jpg,invoice_0591.jpg,invoice,real,original,e5b88f75dd25,train
invoice/invoice_0593.jpg,invoice_0593.jpg,invoice,real,original,db8483d41c70,train
invoice/invoice_0594.jpg,invoice_0594.jpg,invoice,real,original,84ed6833d2b2,train
invoice/invoice_0596.jpg,invoice_0596.jpg,invoice,real,original,dc111cd6a17f,train
invoice/invoice_0598.jpg,invoice_0598.jpg,invoice,real,original,5aaabcdb1ca5,train
invoice/invoice_0599.jpg,invoice_0599.jpg,invoice,real,original,d1d9080fb369,train
invoice/invoice_0602.jpg,invoice_0602.jpg,invoice,real,original,51834e5dc6e4,train
invoice/invoice_0604.jpg,invoice_0604.jpg,invoice,real,original,e7944bd496e5,train
invoice/invoice_0605.jpg,invoice_0605.jpg,invoice,real,original,a18f70c57c0d,train
invoice/invoice_0606.jpg,invoice_0606.jpg,invoice,real,original,1fd859272ea1,train
invoice/invoice_0608.jpg,invoice_0608.jpg,invoice,real,original,ba8948b03807,train
invoice/invoice_0610.jpg,invoice_0610.jpg,invoice,real,original,afddb3b17ea9,train
invoice/invoice_0611.jpg,invoice_0611.jpg,invoice,real,original,5c21e4584053,train
invoice/invoice_0612.jpg,invoice_0612.jpg,invoice,real,original,4f280ddde0d7,train
invoice/invoice_0614.jpg,invoice_0614.jpg,invoice,real,original,690b95ceaf40,train
invoice/invoice_0616.jpg,invoice_0616.jpg,invoice,real,original,f34f11dfe849,train
invoice/invoice_0617.jpg,invoice_0617.jpg,invoice,real,original,7c64ab4643d0,train
invoice/invoice_0618.jpg,invoice_0618.jpg,invoice,real,original,50ffb6188b43,train
invoice/invoice_0620.jpg,invoice_0620.jpg,invoice,real,original,39e606a37be0,train
invoice/invoice_0621.jpg,invoice_0621.jpg,invoice,real,original,147899fdec5f,train
invoice/invoice_0623.jpg,invoice_0623.jpg,invoice,real,original,c41abf308a24,train
invoice/invoice_0624.jpg,invoice_0624.jpg,invoice,real,original,d44ad745d9ac,train
invoice/invoice_0625.jpg,invoice_0625.jpg,invoice,real,original,b07f6fcba0c7,train
invoice/invoice_0626.jpg,invoice_0626.jpg,invoice,real,original,3934fcb38880,train
invoice/invoice_0627.jpg,invoice_0627.jpg,invoice,real,original,77f3c3bb1f29,train
invoice/invoice_0628.jpg,invoice_0628.jpg,invoice,real,original,58a025d7c176,train
invoice/invoice_0629.jpg,invoice_0629.jpg,invoice,real,original,ee45b4a0e416,train
invoice/invoice_0631.jpg,invoice_0631.jpg,invoice,real,original,5b35a4a7fbb7,train
invoice/invoice_0632.jpg,invoice_0632.jpg,invoice,real,original,c22503b229d0,train
invoice/invoice_0633.jpg,invoice_0633.jpg,invoice,real,original,edbaa90cf4a8,train
invoice/invoice_0634.jpg,invoice_0634.jpg,invoice,real,original,3db56aac5ef8,train
invoice/invoice_0635.jpg,invoice_0635.jpg,invoice,real,original,9ad3123676ad,train
invoice/invoice_0636.jpg,invoice_0636.jpg,invoice,real,original,3f3c7d0d18d4,train
invoice/invoice_0639.jpg,invoice_0639.jpg,invoice,real,original,226f6f6ba70f,train
invoice/invoice_0640.jpg,invoice_0640.jpg,invoice,real,original,ecdd565479af,train
invoice/invoice_0641.jpg,invoice_0641.jpg,invoice,real,original,e5417a191034,train
invoice/invoice_0642.jpg,invoice_0642.jpg,invoice,real,original,1726d2f1d4dd,train
invoice/invoice_0647.jpg,invoice_0647.jpg,invoice,real,original,73726f0ba4a2,train
invoice/invoice_0648.jpg,invoice_0648.jpg,invoice,real,original,db1a049ed3f4,train
invoice/invoice_0650.jpg,invoice_0650.jpg,invoice,real,original,7bc2d60edb17,train
invoice/invoice_0651.jpg,invoice_0651.jpg,invoice,real,original,e098acdaee9c,train
invoice/invoice_0652.jpg,invoice_0652.jpg,invoice,real,original,b11cfbd9a4e3,train
invoice/invoice_0653.jpg,invoice_0653.jpg,invoice,real,original,c479b6af3f00,train
invoice/invoice_0654.jpg,invoice_0654.jpg,invoice,real,original,d08079913282,train
invoice/invoice_0655.jpg,invoice_0655.jpg,invoice,real,original,8a5032b2e4a3,train
invoice/invoice_0656.jpg,invoice_0656.jpg,invoice,real,original,3e96c521321b,train
invoice/invoice_0657.jpg,invoice_0657.jpg,invoice,real,original,c6acba38b8ea,train
invoice/invoice_0658.jpg,invoice_0658.jpg,invoice,real,original,fd18d029457b,train
invoice/invoice_0659.jpg,invoice_0659.jpg,invoice,real,original,8343de23b1a0,train
invoice/invoice_0660.jpg,invoice_0660.jpg,invoice,real,original,7f9d78d8303b,train
invoice/invoice_0661.jpg,invoice_0661.jpg,invoice,real,original,eae918f64e61,train
invoice/invoice_0662.jpg,invoice_0662.jpg,invoice,real,original,bf0b2a54f5c3,train
invoice/invoice_0663.jpg,invoice_0663.jpg,invoice,real,original,86b53500b092,train
invoice/invoice_0665.jpg,invoice_0665.jpg,invoice,real,original,659e9affd7d6,train
invoice/invoice_0666.jpg,invoice_0666.jpg,invoice,real,original,e99123605f34,train
invoice/invoice_0667.jpg,invoice_0667.jpg,invoice,real,original,fff22ee683a3,train
invoice/invoice_0669.jpg,invoice_0669.jpg,invoice,real,original,45cb3f9a6dd1,train
invoice/invoice_0670.jpg,invoice_0670.jpg,invoice,real,original,25a65464ab46,train
invoice/invoice_0671.jpg,invoice_0671.jpg,invoice,real,original,d6132b695890,train
invoice/invoice_0672.jpg,invoice_0672.jpg,invoice,real,original,f89c7ac0ed77,train
invoice/invoice_0675.jpg,invoice_0675.jpg,invoice,real,original,2328271a930d,train
invoice/invoice_0678.jpg,invoice_0678.jpg,invoice,real,original,da065309013b,train
invoice/invoice_0679.jpg,invoice_0679.jpg,invoice,real,original,c147c33b6e58,train
invoice/invoice_0680.jpg,invoice_0680.jpg,invoice,real,original,6d8c36092bed,train
invoice/invoice_0682.jpg,invoice_0682.jpg,invoice,real,original,e4ba043e351f,train
invoice/invoice_0683.jpg,invoice_0683.jpg,invoice,real,original,1af50bb70be8,train
invoice/invoice_0684.jpg,invoice_0684.jpg,invoice,real,original,fd826718addc,train
invoice/invoice_0685.jpg,invoice_0685.jpg,invoice,real,original,1e481f92970f,train
invoice/invoice_0688.jpg,invoice_0688.jpg,invoice,real,original,8ac75c317869,train
invoice/invoice_0693.jpg,invoice_0693.jpg,invoice,real,original,0f2a732fc697,train
invoice/invoice_0694.jpg,invoice_0694.jpg,invoice,real,original,66115cfb6664,train
invoice/invoice_0695.jpg,invoice_0695.jpg,invoice,real,original,25d4b0bbce9e,train
invoice/invoice_0696.jpg,invoice_0696.jpg,invoice,real,original,b44cfc7a6a1b,train
invoice/invoice_0699.jpg,invoice_0699.jpg,invoice,real,original,abaeedab3227,train
invoice/invoice_0700.jpg,invoice_0700.jpg,invoice,real,original,9f7eaa1d0a25,train
invoice/invoice_0701.jpg,invoice_0701.jpg,invoice,real,original,e0fccdbb23a7,train
invoice/invoice_0702.jpg,invoice_0702.jpg,invoice,real,original,afea077ff9cb,train
invoice/invoice_0703.jpg,invoice_0703.jpg,invoice,real,original,d1e0a0e7dabd,train
invoice/invoice_0704.jpg,invoice_0704.jpg,invoice,real,original,2bd372c37946,train
invoice/invoice_0705.jpg,invoice_0705.jpg,invoice,real,original,cf3f3bf61f2a,train
invoice/invoice_0706.jpg,invoice_0706.jpg,invoice,real,original,8437ace63a2f,train
invoice/invoice_0707.jpg,invoice_0707.jpg,invoice,real,original,9ead47386273,train
invoice/invoice_0708.jpg,invoice_0708.jpg,invoice,real,original,0bdf2ee23213,train
invoice/invoice_0709.jpg,invoice_0709.jpg,invoice,real,original,526d55f05a29,train
invoice/invoice_0710.jpg,invoice_0710.jpg,invoice,real,original,96166e201b9b,train
invoice/invoice_0712.jpg,invoice_0712.jpg,invoice,real,original,20e45a424857,train
invoice/invoice_0713.jpg,invoice_0713.jpg,invoice,real,original,88e60e7d14f3,train
invoice/invoice_0714.jpg,invoice_0714.jpg,invoice,real,original,b73b30e3527a,train
invoice/invoice_0716.jpg,invoice_0716.jpg,invoice,real,original,34d918898a73,train
invoice/invoice_0718.jpg,invoice_0718.jpg,invoice,real,original,5700ca3b049a,train
invoice/invoice_0720.jpg,invoice_0720.jpg,invoice,real,original,0e52f9b06939,train
invoice/invoice_0721.jpg,invoice_0721.jpg,invoice,real,original,fb2c90a14858,train
invoice/invoice_0723.jpg,invoice_0723.jpg,invoice,real,original,b8ccd29bd317,train
invoice/invoice_0724.jpg,invoice_0724.jpg,invoice,real,original,910b294ece87,train
invoice/invoice_0726.jpg,invoice_0726.jpg,invoice,real,original,7b56c469a2a3,train
invoice/invoice_0727.jpg,invoice_0727.jpg,invoice,real,original,2ee6f431ee57,train
invoice/invoice_0728.jpg,invoice_0728.jpg,invoice,real,original,69d0f11fdbdd,train
invoice/invoice_0729.jpg,invoice_0729.jpg,invoice,real,original,ca41812b9d87,train
invoice/invoice_0730.jpg,invoice_0730.jpg,invoice,real,original,8d2bd9bc3597,train
invoice/invoice_0731.jpg,invoice_0731.jpg,invoice,real,original,90dde7640f16,train
invoice/invoice_0732.jpg,invoice_0732.jpg,invoice,real,original,88f4b9fa3b29,train
invoice/invoice_0734.jpg,invoice_0734.jpg,invoice,real,original,deefc6734f62,train
invoice/invoice_0736.jpg,invoice_0736.jpg,invoice,real,original,bb884982f7c7,train
invoice/invoice_0737.jpg,invoice_0737.jpg,invoice,real,original,46b9ff491716,train
invoice/invoice_0740.jpg,invoice_0740.jpg,invoice,real,original,2fb11ac26999,train
invoice/invoice_0741.jpg,invoice_0741.jpg,invoice,real,original,0a3e10a586e8,train
invoice/invoice_0742.jpg,invoice_0742.jpg,invoice,real,original,9f83e81e0a3b,train
invoice/invoice_0743.jpg,invoice_0743.jpg,invoice,real,original,77d6af429d8e,train
invoice/invoice_0745.jpg,invoice_0745.jpg,invoice,real,original,1af4fed897fa,train
invoice/invoice_0746.jpg,invoice_0746.jpg,invoice,real,original,af9ed9aabdb2,train
invoice/invoice_0748.jpg,invoice_0748.jpg,invoice,real,original,b09e3c79703e,train
invoice/invoice_0749.jpg,invoice_0749.jpg,invoice,real,original,2fdb7abc9b0e,train
invoice/invoice_0750.jpg,invoice_0750.jpg,invoice,real,original,a474b86b46e1,train
invoice/invoice_0751.jpg,invoice_0751.jpg,invoice,real,original,364763d16722,train
invoice/invoice_0752.jpg,invoice_0752.jpg,invoice,real,original,eeccc1c566c4,train
invoice/invoice_0753.jpg,invoice_0753.jpg,invoice,real,original,613a4057fde0,train
invoice/invoice_0754.jpg,invoice_0754.jpg,invoice,real,original,e6b991e3ab55,train
invoice/invoice_0755.jpg,invoice_0755.jpg,invoice,real,original,deb7b02810d6,train
invoice/invoice_0759.jpg,invoice_0759.jpg,invoice,real,original,3bbabc2969ea,train
invoice/invoice_0760.jpg,invoice_0760.jpg,invoice,real,original,e95c7e5cf3ab,train
invoice/invoice_0762.jpg,invoice_0762.jpg,invoice,real,original,a9b845db88bd,train
invoice/invoice_0763.jpg,invoice_0763.jpg,invoice,real,original,0a87f76bb991,train
invoice/invoice_0764.jpg,invoice_0764.jpg,invoice,real,original,c533aee12e76,train
invoice/invoice_0765.jpg,invoice_0765.jpg,invoice,real,original,51c92a7bc13f,train
invoice/invoice_0766.jpg,invoice_0766.jpg,invoice,real,original,7141071cb2d5,train
invoice/invoice_0767.jpg,invoice_0767.jpg,invoice,real,original,8bcfe766d5c2,train
invoice/invoice_0770.jpg,invoice_0770.jpg,invoice,real,original,b963dcef292e,train
invoice/invoice_0771.jpg,invoice_0771.jpg,invoice,real,original,a04745642dc4,train
invoice/invoice_0773.jpg,invoice_0773.jpg,invoice,real,original,e88aa0788552,train
invoice/invoice_0774.jpg,invoice_0774.jpg,invoice,real,original,42a89596a687,train
invoice/invoice_0775.jpg,invoice_0775.jpg,invoice,real,original,d0f866957298,train
invoice/invoice_0776.jpg,invoice_0776.jpg,invoice,real,original,1b5e8e904aeb,train
invoice/invoice_0777.jpg,invoice_0777.jpg,invoice,real,original,93e99555d0dc,train
invoice/invoice_0778.jpg,invoice_0778.jpg,invoice,real,original,c470dfc2c30c,train
invoice/invoice_0779.jpg,invoice_0779.jpg,invoice,real,original,3707c90d1d7d,train
invoice/invoice_0781.jpg,invoice_0781.jpg,invoice,real,original,e1ab1bde1949,train
invoice/invoice_0782.jpg,invoice_0782.jpg,invoice,real,original,04f50efe4cdd,train
invoice/invoice_0784.jpg,invoice_0784.jpg,invoice,real,original,fd533dd8cd22,train
invoice/invoice_0785.jpg,invoice_0785.jpg,invoice,real,original,09d143b97ce1,train
invoice/invoice_0787.jpg,invoice_0787.jpg,invoice,real,original,e01b708abe4e,train
invoice/invoice_0789.jpg,invoice_0789.jpg,invoice,real,original,0a7e3f8c489b,train
invoice/invoice_0790.jpg,invoice_0790.jpg,invoice,real,original,3f1c7c1fad0c,train
invoice/invoice_0792.jpg,invoice_0792.jpg,invoice,real,original,140102ab982a,train
invoice/invoice_0794.jpg,invoice_0794.jpg,invoice,real,original,fa46af6b9c18,train
invoice/invoice_0797.jpg,invoice_0797.jpg,invoice,real,original,4da36c4b2842,train
invoice/invoice_0798.jpg,invoice_0798.jpg,invoice,real,original,baf5052d9f6e,train
invoice/invoice_0799.jpg,invoice_0799.jpg,invoice,real,original,5221859453c9,train
invoice/invoice_modern/invoice_modern_0000.jpg,invoice_modern_0000.jpg,invoice,real,modern,5204471d9763,train
invoice/invoice_modern/invoice_modern_0002.jpg,invoice_modern_0002.jpg,invoice,real,modern,fb98b60563da,train
invoice/invoice_modern/invoice_modern_0003.jpg,invoice_modern_0003.jpg,invoice,real,modern,b773e6494ed8,train
invoice/invoice_modern/invoice_modern_0004.jpg,invoice_modern_0004.jpg,invoice,real,modern,4695ed0fee36,train
invoice/invoice_modern/invoice_modern_0005.jpg,invoice_modern_0005.jpg,invoice,real,modern,b24648c3a62a,train
invoice/invoice_modern/invoice_modern_0007.jpg,invoice_modern_0007.jpg,invoice,real,modern,19f7b0e8a693,train
invoice/invoice_modern/invoice_modern_0008.jpg,invoice_modern_0008.jpg,invoice,real,modern,4b36f58a0332,train
invoice/invoice_modern/invoice_modern_0009.jpg,invoice_modern_0009.jpg,invoice,real,modern,06246d2963b6,train
invoice/invoice_modern/invoice_modern_0010.jpg,invoice_modern_0010.jpg,invoice,real,modern,b232c976ac39,train
invoice/invoice_modern/invoice_modern_0011.jpg,invoice_modern_0011.jpg,invoice,real,modern,bf04f0a1392d,train
invoice/invoice_modern/invoice_modern_0012.jpg,invoice_modern_0012.jpg,invoice,real,modern,621b405a3499,train
invoice/invoice_modern/invoice_modern_0013.jpg,invoice_modern_0013.jpg,invoice,real,modern,2eab69bfc9c8,train
invoice/invoice_modern/invoice_modern_0014.jpg,invoice_modern_0014.jpg,invoice,real,modern,991bc1e1536b,train
invoice/invoice_modern/invoice_modern_0015.jpg,invoice_modern_0015.jpg,invoice,real,modern,fae725d2e084,train
invoice/invoice_modern/invoice_modern_0016.jpg,invoice_modern_0016.jpg,invoice,real,modern,717ff88dcf41,train
invoice/invoice_modern/invoice_modern_0017.jpg,invoice_modern_0017.jpg,invoice,real,modern,605c21fe4f3e,train
invoice/invoice_modern/invoice_modern_0018.jpg,invoice_modern_0018.jpg,invoice,real,modern,e30b50c6d2e4,train
invoice/invoice_modern/invoice_modern_0019.jpg,invoice_modern_0019.jpg,invoice,real,modern,23b3a4ef22de,train
invoice/invoice_modern/invoice_modern_0021.jpg,invoice_modern_0021.jpg,invoice,real,modern,dbfbec1b95c1,train
invoice/invoice_modern/invoice_modern_0023.jpg,invoice_modern_0023.jpg,invoice,real,modern,5acfb27f25a8,train
invoice/invoice_modern/invoice_modern_0024.jpg,invoice_modern_0024.jpg,invoice,real,modern,6f1947dbd636,train
invoice/invoice_modern/invoice_modern_0025.jpg,invoice_modern_0025.jpg,invoice,real,modern,40b85276b639,train
invoice/invoice_modern/invoice_modern_0026.jpg,invoice_modern_0026.jpg,invoice,real,modern,578c67d50609,train
invoice/invoice_modern/invoice_modern_0027.jpg,invoice_modern_0027.jpg,invoice,real,modern,12a41e9d9933,train
invoice/invoice_modern/invoice_modern_0028.jpg,invoice_modern_0028.jpg,invoice,real,modern,4fe4f160af95,train
invoice/invoice_modern/invoice_modern_0031.jpg,invoice_modern_0031.jpg,invoice,real,modern,7c9b7c70bdb9,train
invoice/invoice_modern/invoice_modern_0032.jpg,invoice_modern_0032.jpg,invoice,real,modern,a28c9e764d53,train
invoice/invoice_modern/invoice_modern_0033.jpg,invoice_modern_0033.jpg,invoice,real,modern,34f655bd5581,train
invoice/invoice_modern/invoice_modern_0035.jpg,invoice_modern_0035.jpg,invoice,real,modern,e1a565c39de7,train
invoice/invoice_modern/invoice_modern_0037.jpg,invoice_modern_0037.jpg,invoice,real,modern,d89e6d64da6f,train
invoice/invoice_modern/invoice_modern_0038.jpg,invoice_modern_0038.jpg,invoice,real,modern,d0196a0da2a9,train
invoice/invoice_modern/invoice_modern_0039.jpg,invoice_modern_0039.jpg,invoice,real,modern,c3d140eb303f,train
invoice/invoice_modern/invoice_modern_0042.jpg,invoice_modern_0042.jpg,invoice,real,modern,54fc6b56e7d2,train
invoice/invoice_modern/invoice_modern_0043.jpg,invoice_modern_0043.jpg,invoice,real,modern,eb802325ac4f,train
invoice/invoice_modern/invoice_modern_0045.jpg,invoice_modern_0045.jpg,invoice,real,modern,a0dc5119d957,train
invoice/invoice_modern/invoice_modern_0049.jpg,invoice_modern_0049.jpg,invoice,real,modern,2024507a84cd,train
invoice/invoice_modern/invoice_modern_0051.jpg,invoice_modern_0051.jpg,invoice,real,modern,bf678b633def,train
invoice/invoice_modern/invoice_modern_0052.jpg,invoice_modern_0052.jpg,invoice,real,modern,6d176bb3212d,train
invoice/invoice_modern/invoice_modern_0053.jpg,invoice_modern_0053.jpg,invoice,real,modern,256a9698410f,train
invoice/invoice_modern/invoice_modern_0054.jpg,invoice_modern_0054.jpg,invoice,real,modern,0a6d7d561fbc,train
invoice/invoice_modern/invoice_modern_0056.jpg,invoice_modern_0056.jpg,invoice,real,modern,9a9215782e2e,train
invoice/invoice_modern/invoice_modern_0057.jpg,invoice_modern_0057.jpg,invoice,real,modern,14eedb9dc917,train
invoice/invoice_modern/invoice_modern_0059.jpg,invoice_modern_0059.jpg,invoice,real,modern,6537545d2b59,train
invoice/invoice_modern/invoice_modern_0060.jpg,invoice_modern_0060.jpg,invoice,real,modern,4f66735434a9,train
invoice/invoice_modern/invoice_modern_0064.jpg,invoice_modern_0064.jpg,invoice,real,modern,301c303631b9,train
invoice/invoice_modern/invoice_modern_0065.jpg,invoice_modern_0065.jpg,invoice,real,modern,f613f6105882,train
invoice/invoice_modern/invoice_modern_0069.jpg,invoice_modern_0069.jpg,invoice,real,modern,8e21299fe68d,train
invoice/invoice_modern/invoice_modern_0070.jpg,invoice_modern_0070.jpg,invoice,real,modern,d018d293bb25,train
invoice/invoice_modern/invoice_modern_0071.jpg,invoice_modern_0071.jpg,invoice,real,modern,f0f69d4df5ed,train
invoice/invoice_modern/invoice_modern_0073.jpg,invoice_modern_0073.jpg,invoice,real,modern,694bafe2a7af,train
invoice/invoice_modern/invoice_modern_0075.jpg,invoice_modern_0075.jpg,invoice,real,modern,e61515dbe6d1,train
invoice/invoice_modern/invoice_modern_0077.jpg,invoice_modern_0077.jpg,invoice,real,modern,b3d2a222c8a5,train
invoice/invoice_modern/invoice_modern_0078.jpg,invoice_modern_0078.jpg,invoice,real,modern,4d727b5ad995,train
invoice/invoice_modern/invoice_modern_0079.jpg,invoice_modern_0079.jpg,invoice,real,modern,2aaa6ff2272e,train
invoice/invoice_modern/invoice_modern_0081.jpg,invoice_modern_0081.jpg,invoice,real,modern,3b01a3ef28c8,train
invoice/invoice_modern/invoice_modern_0082.jpg,invoice_modern_0082.jpg,invoice,real,modern,166aa1d49456,train
invoice/invoice_modern/invoice_modern_0083.jpg,invoice_modern_0083.jpg,invoice,real,modern,d5253c83dd7d,train
invoice/invoice_modern/invoice_modern_0084.jpg,invoice_modern_0084.jpg,invoice,real,modern,ab2c294b3503,train
invoice/invoice_modern/invoice_modern_0085.jpg,invoice_modern_0085.jpg,invoice,real,modern,4e5193391448,train
invoice/invoice_modern/invoice_modern_0087.jpg,invoice_modern_0087.jpg,invoice,real,modern,be73256909ab,train
invoice/invoice_modern/invoice_modern_0088.jpg,invoice_modern_0088.jpg,invoice,real,modern,e32bbf677a9e,train
invoice/invoice_modern/invoice_modern_0089.jpg,invoice_modern_0089.jpg,invoice,real,modern,48999dcadfd7,train
invoice/invoice_modern/invoice_modern_0090.jpg,invoice_modern_0090.jpg,invoice,real,modern,ade0725a7e2e,train
invoice/invoice_modern/invoice_modern_0093.jpg,invoice_modern_0093.jpg,invoice,real,modern,54c5b20ef40b,train
invoice/invoice_modern/invoice_modern_0094.jpg,invoice_modern_0094.jpg,invoice,real,modern,0b22201ea9a1,train
invoice/invoice_modern/invoice_modern_0095.jpg,invoice_modern_0095.jpg,invoice,real,modern,2005df8cf0a5,train
invoice/invoice_modern/invoice_modern_0096.jpg,invoice_modern_0096.jpg,invoice,real,modern,e4ec81ecb490,train
invoice/invoice_modern/invoice_modern_0097.jpg,invoice_modern_0097.jpg,invoice,real,modern,d4adc689c44e,train
invoice/invoice_modern/invoice_modern_0100.jpg,invoice_modern_0100.jpg,invoice,real,modern,a1b3dbcf741e,train
invoice/invoice_modern/invoice_modern_0101.jpg,invoice_modern_0101.jpg,invoice,real,modern,021be6e28eba,train
invoice/invoice_modern/invoice_modern_0102.jpg,invoice_modern_0102.jpg,invoice,real,modern,89a8ede5ef67,train
invoice/invoice_modern/invoice_modern_0103.jpg,invoice_modern_0103.jpg,invoice,real,modern,bf0168e1a500,train
invoice/invoice_modern/invoice_modern_0104.jpg,invoice_modern_0104.jpg,invoice,real,modern,52ecf5075d3f,train
invoice/invoice_modern/invoice_modern_0105.jpg,invoice_modern_0105.jpg,invoice,real,modern,bf22e307978c,train
invoice/invoice_modern/invoice_modern_0107.jpg,invoice_modern_0107.jpg,invoice,real,modern,3ef22a3eb506,train
invoice/invoice_modern/invoice_modern_0109.jpg,invoice_modern_0109.jpg,invoice,real,modern,52415494be0d,train
invoice/invoice_modern/invoice_modern_0111.jpg,invoice_modern_0111.jpg,invoice,real,modern,bd13e61d255b,train
invoice/invoice_modern/invoice_modern_0113.jpg,invoice_modern_0113.jpg,invoice,real,modern,629f966430b0,train
invoice/invoice_modern/invoice_modern_0114.jpg,invoice_modern_0114.jpg,invoice,real,modern,1058161e578f,train
invoice/invoice_modern/invoice_modern_0118.jpg,invoice_modern_0118.jpg,invoice,real,modern,b5d6bfd6ab8c,train
invoice/invoice_modern/invoice_modern_0119.jpg,invoice_modern_0119.jpg,invoice,real,modern,0e176e57c989,train
invoice/invoice_modern/invoice_modern_0120.jpg,invoice_modern_0120.jpg,invoice,real,modern,44a9b486d8a7,train
invoice/invoice_modern/invoice_modern_0122.jpg,invoice_modern_0122.jpg,invoice,real,modern,0382e96dc548,train
invoice/invoice_modern/invoice_modern_0127.jpg,invoice_modern_0127.jpg,invoice,real,modern,05d3b6a1d1a6,train
invoice/invoice_modern/invoice_modern_0128.jpg,invoice_modern_0128.jpg,invoice,real,modern,5e4eadd8bc16,train
invoice/invoice_modern/invoice_modern_0129.jpg,invoice_modern_0129.jpg,invoice,real,modern,4780c503f2ac,train
invoice/invoice_modern/invoice_modern_0130.jpg,invoice_modern_0130.jpg,invoice,real,modern,bd7cfa70126a,train
invoice/invoice_modern/invoice_modern_0131.jpg,invoice_modern_0131.jpg,invoice,real,modern,1895e02daa36,train
invoice/invoice_modern/invoice_modern_0132.jpg,invoice_modern_0132.jpg,invoice,real,modern,b1b3f0fedfd7,train
invoice/invoice_modern/invoice_modern_0134.jpg,invoice_modern_0134.jpg,invoice,real,modern,33cef981e983,train
invoice/invoice_modern/invoice_modern_0135.jpg,invoice_modern_0135.jpg,invoice,real,modern,796ad2a89baf,train
invoice/invoice_modern/invoice_modern_0136.jpg,invoice_modern_0136.jpg,invoice,real,modern,6c6bbbc4dee3,train
invoice/invoice_modern/invoice_modern_0137.jpg,invoice_modern_0137.jpg,invoice,real,modern,f028e02c54af,train
invoice/invoice_modern/invoice_modern_0139.jpg,invoice_modern_0139.jpg,invoice,real,modern,f4b7b6a230ab,train
invoice/invoice_modern/invoice_modern_0140.jpg,invoice_modern_0140.jpg,invoice,real,modern,051c901276c9,train
invoice/invoice_modern/invoice_modern_0141.jpg,invoice_modern_0141.jpg,invoice,real,modern,8950d8682918,train
invoice/invoice_modern/invoice_modern_0142.jpg,invoice_modern_0142.jpg,invoice,real,modern,c3b320db29d0,train
invoice/invoice_modern/invoice_modern_0143.jpg,invoice_modern_0143.jpg,invoice,real,modern,9f755750e61e,train
invoice/invoice_modern/invoice_modern_0144.jpg,invoice_modern_0144.jpg,invoice,real,modern,fe92840050fc,train
invoice/invoice_modern/invoice_modern_0146.jpg,invoice_modern_0146.jpg,invoice,real,modern,468116c32ce0,train
invoice/invoice_modern/invoice_modern_0148.jpg,invoice_modern_0148.jpg,invoice,real,modern,544d17bfa39a,train
invoice/invoice_modern/invoice_modern_0149.jpg,invoice_modern_0149.jpg,invoice,real,modern,6524c3ce1459,train
invoice/invoice_modern/invoice_modern_0150.jpg,invoice_modern_0150.jpg,invoice,real,modern,f7e92c04905a,train
invoice/invoice_modern/invoice_modern_0151.jpg,invoice_modern_0151.jpg,invoice,real,modern,c883e7d4ddaa,train
invoice/invoice_modern/invoice_modern_0152.jpg,invoice_modern_0152.jpg,invoice,real,modern,63eea02451c0,train
invoice/invoice_modern/invoice_modern_0157.jpg,invoice_modern_0157.jpg,invoice,real,modern,9626648c5e86,train
invoice/invoice_modern/invoice_modern_0158.jpg,invoice_modern_0158.jpg,invoice,real,modern,7aebce0b00e7,train
invoice/invoice_modern/invoice_modern_0160.jpg,invoice_modern_0160.jpg,invoice,real,modern,b1f71da293d6,train
invoice/invoice_modern/invoice_modern_0162.jpg,invoice_modern_0162.jpg,invoice,real,modern,e74edb20ac0d,train
invoice/invoice_modern/invoice_modern_0163.jpg,invoice_modern_0163.jpg,invoice,real,modern,30878cfd71b5,train
invoice/invoice_modern/invoice_modern_0167.jpg,invoice_modern_0167.jpg,invoice,real,modern,2b9a27256b46,train
invoice/invoice_modern/invoice_modern_0168.jpg,invoice_modern_0168.jpg,invoice,real,modern,543ad90bb929,train
invoice/invoice_modern/invoice_modern_0170.jpg,invoice_modern_0170.jpg,invoice,real,modern,6a30024fe7aa,train
invoice/invoice_modern/invoice_modern_0172.jpg,invoice_modern_0172.jpg,invoice,real,modern,a4484c108a55,train
invoice/invoice_modern/invoice_modern_0173.jpg,invoice_modern_0173.jpg,invoice,real,modern,56d4890b8e4f,train
invoice/invoice_modern/invoice_modern_0174.jpg,invoice_modern_0174.jpg,invoice,real,modern,693a6e026113,train
invoice/invoice_modern/invoice_modern_0176.jpg,invoice_modern_0176.jpg,invoice,real,modern,c6f5269d9f4a,train
invoice/invoice_modern/invoice_modern_0177.jpg,invoice_modern_0177.jpg,invoice,real,modern,c96da9551cf3,train
invoice/invoice_modern/invoice_modern_0178.jpg,invoice_modern_0178.jpg,invoice,real,modern,10a54a410da3,train
invoice/invoice_modern/invoice_modern_0179.jpg,invoice_modern_0179.jpg,invoice,real,modern,3786b0dd609a,train
invoice/invoice_modern/invoice_modern_0180.jpg,invoice_modern_0180.jpg,invoice,real,modern,f46e5a5237fc,train
invoice/invoice_modern/invoice_modern_0181.jpg,invoice_modern_0181.jpg,invoice,real,modern,bc8d1e93a4e7,train
invoice/invoice_modern/invoice_modern_0182.jpg,invoice_modern_0182.jpg,invoice,real,modern,59e845412d6c,train
invoice/invoice_modern/invoice_modern_0183.jpg,invoice_modern_0183.jpg,invoice,real,modern,746fb96a05ce,train
invoice/invoice_modern/invoice_modern_0184.jpg,invoice_modern_0184.jpg,invoice,real,modern,2a4b41adbe57,train
invoice/invoice_modern/invoice_modern_0185.jpg,invoice_modern_0185.jpg,invoice,real,modern,523c2f7ed0cc,train
invoice/invoice_modern/invoice_modern_0186.jpg,invoice_modern_0186.jpg,invoice,real,modern,140fbfd4a211,train
invoice/invoice_modern/invoice_modern_0188.jpg,invoice_modern_0188.jpg,invoice,real,modern,7f423278ecde,train
invoice/invoice_modern/invoice_modern_0189.jpg,invoice_modern_0189.jpg,invoice,real,modern,3cf5a1b45237,train
invoice/invoice_modern/invoice_modern_0190.jpg,invoice_modern_0190.jpg,invoice,real,modern,543016ad5368,train
invoice/invoice_modern/invoice_modern_0191.jpg,invoice_modern_0191.jpg,invoice,real,modern,d93d6f3d2cea,train
invoice/invoice_modern/invoice_modern_0193.jpg,invoice_modern_0193.jpg,invoice,real,modern,e2f1c4435104,train
invoice/invoice_modern/invoice_modern_0196.jpg,invoice_modern_0196.jpg,invoice,real,modern,51a7a03ee5d6,train
invoice/invoice_modern/invoice_modern_0197.jpg,invoice_modern_0197.jpg,invoice,real,modern,783d9b905fe0,train
invoice/invoice_modern/invoice_modern_0198.jpg,invoice_modern_0198.jpg,invoice,real,modern,141ae15b41ba,train
invoice/invoice_modern/invoice_modern_0199.jpg,invoice_modern_0199.jpg,invoice,real,modern,e2c5a2bf5fea,train
invoice/invoice_modern/invoice_modern_0202.jpg,invoice_modern_0202.jpg,invoice,real,modern,9c91902440e1,train
invoice/invoice_modern/invoice_modern_0204.jpg,invoice_modern_0204.jpg,invoice,real,modern,c47b8ca5050c,train
invoice/invoice_modern/invoice_modern_0205.jpg,invoice_modern_0205.jpg,invoice,real,modern,d6f5d95dd8b9,train
invoice/invoice_modern/invoice_modern_0206.jpg,invoice_modern_0206.jpg,invoice,real,modern,37796cef763a,train
invoice/invoice_modern/invoice_modern_0207.jpg,invoice_modern_0207.jpg,invoice,real,modern,7e0919f591f4,train
invoice/invoice_modern/invoice_modern_0208.jpg,invoice_modern_0208.jpg,invoice,real,modern,894adacb0f90,train
invoice/invoice_modern/invoice_modern_0209.jpg,invoice_modern_0209.jpg,invoice,real,modern,b546fea47dd5,train
invoice/invoice_modern/invoice_modern_0210.jpg,invoice_modern_0210.jpg,invoice,real,modern,d0ff248a870c,train
invoice/invoice_modern/invoice_modern_0211.jpg,invoice_modern_0211.jpg,invoice,real,modern,3bb6a194cc6a,train
invoice/invoice_modern/invoice_modern_0213.jpg,invoice_modern_0213.jpg,invoice,real,modern,de72a9740a5f,train
invoice/invoice_modern/invoice_modern_0214.jpg,invoice_modern_0214.jpg,invoice,real,modern,23639ab0e47a,train
invoice/invoice_modern/invoice_modern_0215.jpg,invoice_modern_0215.jpg,invoice,real,modern,17705c4a0b56,train
invoice/invoice_modern/invoice_modern_0216.jpg,invoice_modern_0216.jpg,invoice,real,modern,4f22910de6ec,train
invoice/invoice_modern/invoice_modern_0217.jpg,invoice_modern_0217.jpg,invoice,real,modern,f6e3d2c571ba,train
invoice/invoice_modern/invoice_modern_0218.jpg,invoice_modern_0218.jpg,invoice,real,modern,3f52f08035ca,train
invoice/invoice_modern/invoice_modern_0219.jpg,invoice_modern_0219.jpg,invoice,real,modern,e770d19ff1b2,train
invoice/invoice_modern/invoice_modern_0220.jpg,invoice_modern_0220.jpg,invoice,real,modern,b190aa69414e,train
invoice/invoice_modern/invoice_modern_0221.jpg,invoice_modern_0221.jpg,invoice,real,modern,96aa2bd98589,train
invoice/invoice_modern/invoice_modern_0224.jpg,invoice_modern_0224.jpg,invoice,real,modern,aac142415179,train
invoice/invoice_modern/invoice_modern_0225.jpg,invoice_modern_0225.jpg,invoice,real,modern,2675161e32fa,train
invoice/invoice_modern/invoice_modern_0226.jpg,invoice_modern_0226.jpg,invoice,real,modern,66a975b91e04,train
invoice/invoice_modern/invoice_modern_0227.jpg,invoice_modern_0227.jpg,invoice,real,modern,aed712273731,train
invoice/invoice_modern/invoice_modern_0228.jpg,invoice_modern_0228.jpg,invoice,real,modern,0b938d5157a5,train
invoice/invoice_modern/invoice_modern_0229.jpg,invoice_modern_0229.jpg,invoice,real,modern,f1fae3826417,train
invoice/invoice_modern/invoice_modern_0230.jpg,invoice_modern_0230.jpg,invoice,real,modern,d3833d913189,train
invoice/invoice_modern/invoice_modern_0231.jpg,invoice_modern_0231.jpg,invoice,real,modern,ac525ff8d364,train
invoice/invoice_modern/invoice_modern_0232.jpg,invoice_modern_0232.jpg,invoice,real,modern,ad309ce94053,train
invoice/invoice_modern/invoice_modern_0235.jpg,invoice_modern_0235.jpg,invoice,real,modern,0ca711db0d4f,train
invoice/invoice_modern/invoice_modern_0236.jpg,invoice_modern_0236.jpg,invoice,real,modern,6d3f84aa5fab,train
invoice/invoice_modern/invoice_modern_0237.jpg,invoice_modern_0237.jpg,invoice,real,modern,91d67e757731,train
invoice/invoice_modern/invoice_modern_0238.jpg,invoice_modern_0238.jpg,invoice,real,modern,c65ef9fb2c5c,train
invoice/invoice_modern/invoice_modern_0239.jpg,invoice_modern_0239.jpg,invoice,real,modern,d764e9ad2af4,train
invoice/invoice_modern/invoice_modern_0240.jpg,invoice_modern_0240.jpg,invoice,real,modern,35d542920512,train
invoice/invoice_modern/invoice_modern_0241.jpg,invoice_modern_0241.jpg,invoice,real,modern,854b04c12f7b,train
invoice/invoice_modern/invoice_modern_0242.jpg,invoice_modern_0242.jpg,invoice,real,modern,70f5c226001d,train
invoice/invoice_modern/invoice_modern_0243.jpg,invoice_modern_0243.jpg,invoice,real,modern,1879080decaa,train
invoice/invoice_modern/invoice_modern_0245.jpg,invoice_modern_0245.jpg,invoice,real,modern,fd28c8e98b43,train
invoice/invoice_modern/invoice_modern_0246.jpg,invoice_modern_0246.jpg,invoice,real,modern,3d2cf941aba0,train
invoice/invoice_modern/invoice_modern_0247.jpg,invoice_modern_0247.jpg,invoice,real,modern,335399b29643,train
invoice/invoice_modern/invoice_modern_0248.jpg,invoice_modern_0248.jpg,invoice,real,modern,391c1ef81f68,train
invoice/invoice_modern/invoice_modern_0250.jpg,invoice_modern_0250.jpg,invoice,real,modern,aa48ec7f6b44,train
invoice/invoice_modern/invoice_modern_0251.jpg,invoice_modern_0251.jpg,invoice,real,modern,381743d5bf94,train
invoice/invoice_modern/invoice_modern_0252.jpg,invoice_modern_0252.jpg,invoice,real,modern,0f9b04c5be71,train
invoice/invoice_modern/invoice_modern_0253.jpg,invoice_modern_0253.jpg,invoice,real,modern,1dabb82bedd8,train
invoice/invoice_modern/invoice_modern_0254.jpg,invoice_modern_0254.jpg,invoice,real,modern,08161ef9c445,train
invoice/invoice_modern/invoice_modern_0255.jpg,invoice_modern_0255.jpg,invoice,real,modern,f0add0dc05f5,train
invoice/invoice_modern/invoice_modern_0256.jpg,invoice_modern_0256.jpg,invoice,real,modern,460881374f27,train
invoice/invoice_modern/invoice_modern_0258.jpg,invoice_modern_0258.jpg,invoice,real,modern,4598ce326303,train
invoice/invoice_modern/invoice_modern_0260.jpg,invoice_modern_0260.jpg,invoice,real,modern,e030f381681d,train
invoice/invoice_modern/invoice_modern_0262.jpg,invoice_modern_0262.jpg,invoice,real,modern,c4b23c85295b,train
invoice/invoice_modern/invoice_modern_0263.jpg,invoice_modern_0263.jpg,invoice,real,modern,008b53a937c0,train
invoice/invoice_modern/invoice_modern_0264.jpg,invoice_modern_0264.jpg,invoice,real,modern,56cc6e9150f0,train
invoice/invoice_modern/invoice_modern_0265.jpg,invoice_modern_0265.jpg,invoice,real,modern,9054ca259a45,train
invoice/invoice_modern/invoice_modern_0266.jpg,invoice_modern_0266.jpg,invoice,real,modern,4c7b7d4429f3,train
invoice/invoice_modern/invoice_modern_0268.jpg,invoice_modern_0268.jpg,invoice,real,modern,28aace062a0b,train
invoice/invoice_modern/invoice_modern_0269.jpg,invoice_modern_0269.jpg,invoice,real,modern,6339f0998635,train
invoice/invoice_modern/invoice_modern_0270.jpg,invoice_modern_0270.jpg,invoice,real,modern,599cf2524b7c,train
invoice/invoice_modern/invoice_modern_0271.jpg,invoice_modern_0271.jpg,invoice,real,modern,7174a1462943,train
invoice/invoice_modern/invoice_modern_0275.jpg,invoice_modern_0275.jpg,invoice,real,modern,8b8117a5feba,train
invoice/invoice_modern/invoice_modern_0280.jpg,invoice_modern_0280.jpg,invoice,real,modern,258da2ca3529,train
invoice/invoice_modern/invoice_modern_0281.jpg,invoice_modern_0281.jpg,invoice,real,modern,b8d3738761cf,train
invoice/invoice_modern/invoice_modern_0282.jpg,invoice_modern_0282.jpg,invoice,real,modern,d6a402008c69,train
invoice/invoice_modern/invoice_modern_0285.jpg,invoice_modern_0285.jpg,invoice,real,modern,1596377a50f1,train
invoice/invoice_modern/invoice_modern_0286.jpg,invoice_modern_0286.jpg,invoice,real,modern,d4dea4265eb7,train
invoice/invoice_modern/invoice_modern_0288.jpg,invoice_modern_0288.jpg,invoice,real,modern,0fd47871974b,train
invoice/invoice_modern/invoice_modern_0290.jpg,invoice_modern_0290.jpg,invoice,real,modern,6bebd6096f3b,train
invoice/invoice_modern/invoice_modern_0291.jpg,invoice_modern_0291.jpg,invoice,real,modern,9bbeeb3c0ab4,train
invoice/invoice_modern/invoice_modern_0292.jpg,invoice_modern_0292.jpg,invoice,real,modern,20787a5fd089,train
invoice/invoice_modern/invoice_modern_0294.jpg,invoice_modern_0294.jpg,invoice,real,modern,e0bb8fc55531,train
invoice/invoice_modern/invoice_modern_0296.jpg,invoice_modern_0296.jpg,invoice,real,modern,6dcf46a932da,train
invoice/invoice_modern/invoice_modern_0297.jpg,invoice_modern_0297.jpg,invoice,real,modern,75fe8b63a978,train
invoice/invoice_modern/invoice_modern_0298.jpg,invoice_modern_0298.jpg,invoice,real,modern,868366ddd164,train
invoice/invoice_modern/invoice_modern_0301.jpg,invoice_modern_0301.jpg,invoice,real,modern,d93d6f3d2cea,train
invoice/invoice_modern/invoice_modern_0302.jpg,invoice_modern_0302.jpg,invoice,real,modern,c85149894920,train
invoice/invoice_modern/invoice_modern_0303.jpg,invoice_modern_0303.jpg,invoice,real,modern,710f9b424c18,train
invoice/invoice_modern/invoice_modern_0306.jpg,invoice_modern_0306.jpg,invoice,real,modern,0a028b2f29cd,train
invoice/invoice_modern/invoice_modern_0307.jpg,invoice_modern_0307.jpg,invoice,real,modern,a15cf3654a2a,train
invoice/invoice_modern/invoice_modern_0309.jpg,invoice_modern_0309.jpg,invoice,real,modern,8e2715bd0d38,train
invoice/invoice_modern/invoice_modern_0311.jpg,invoice_modern_0311.jpg,invoice,real,modern,dc894dea7112,train
invoice/invoice_modern/invoice_modern_0313.jpg,invoice_modern_0313.jpg,invoice,real,modern,f20db67cbf50,train
invoice/invoice_modern/invoice_modern_0315.jpg,invoice_modern_0315.jpg,invoice,real,modern,3c60190322fa,train
invoice/invoice_modern/invoice_modern_0316.jpg,invoice_modern_0316.jpg,invoice,real,modern,9ad2063d2d17,train
invoice/invoice_modern/invoice_modern_0317.jpg,invoice_modern_0317.jpg,invoice,real,modern,3a3a1bbe3f0b,train
invoice/invoice_modern/invoice_modern_0318.jpg,invoice_modern_0318.jpg,invoice,real,modern,27ee0aafb3ac,train
invoice/invoice_modern/invoice_modern_0319.jpg,invoice_modern_0319.jpg,invoice,real,modern,e7ba3f87e16d,train
invoice/invoice_modern/invoice_modern_0322.jpg,invoice_modern_0322.jpg,invoice,real,modern,a2e5d9ab13a0,train
invoice/invoice_modern/invoice_modern_0323.jpg,invoice_modern_0323.jpg,invoice,real,modern,815fc8a52099,train
invoice/invoice_modern/invoice_modern_0325.jpg,invoice_modern_0325.jpg,invoice,real,modern,e5732f40253b,train
invoice/invoice_modern/invoice_modern_0326.jpg,invoice_modern_0326.jpg,invoice,real,modern,4ed7e9ab5f78,train
invoice/invoice_modern/invoice_modern_0327.jpg,invoice_modern_0327.jpg,invoice,real,modern,bbf2120783c9,train
invoice/invoice_modern/invoice_modern_0328.jpg,invoice_modern_0328.jpg,invoice,real,modern,3ba7a82fcddd,train
invoice/invoice_modern/invoice_modern_0329.jpg,invoice_modern_0329.jpg,invoice,real,modern,77fcdd14ab33,train
invoice/invoice_modern/invoice_modern_0330.jpg,invoice_modern_0330.jpg,invoice,real,modern,f83726e87b86,train
invoice/invoice_modern/invoice_modern_0331.jpg,invoice_modern_0331.jpg,invoice,real,modern,2b6823d1ba9c,train
invoice/invoice_modern/invoice_modern_0332.jpg,invoice_modern_0332.jpg,invoice,real,modern,f41461c5fa4f,train
invoice/invoice_modern/invoice_modern_0333.jpg,invoice_modern_0333.jpg,invoice,real,modern,55cc0d9ae913,train
invoice/invoice_modern/invoice_modern_0335.jpg,invoice_modern_0335.jpg,invoice,real,modern,f6b015994199,train
invoice/invoice_modern/invoice_modern_0337.jpg,invoice_modern_0337.jpg,invoice,real,modern,001220c59be8,train
invoice/invoice_modern/invoice_modern_0338.jpg,invoice_modern_0338.jpg,invoice,real,modern,6d3f84aa5fab,train
invoice/invoice_modern/invoice_modern_0339.jpg,invoice_modern_0339.jpg,invoice,real,modern,3ee7b2927b54,train
invoice/invoice_modern/invoice_modern_0340.jpg,invoice_modern_0340.jpg,invoice,real,modern,6651838db694,train
invoice/invoice_modern/invoice_modern_0341.jpg,invoice_modern_0341.jpg,invoice,real,modern,1282e65738f7,train
invoice/invoice_modern/invoice_modern_0342.jpg,invoice_modern_0342.jpg,invoice,real,modern,d0c46bbcbcc3,train
invoice/invoice_modern/invoice_modern_0344.jpg,invoice_modern_0344.jpg,invoice,real,modern,183e18615422,train
invoice/invoice_modern/invoice_modern_0345.jpg,invoice_modern_0345.jpg,invoice,real,modern,189b29edba44,train
invoice/invoice_modern/invoice_modern_0346.jpg,invoice_modern_0346.jpg,invoice,real,modern,39cf46c6a4ca,train
invoice/invoice_modern/invoice_modern_0347.jpg,invoice_modern_0347.jpg,invoice,real,modern,256a9698410f,train
invoice/invoice_modern/invoice_modern_0348.jpg,invoice_modern_0348.jpg,invoice,real,modern,4cb4f34d4748,train
invoice/invoice_modern/invoice_modern_0351.jpg,invoice_modern_0351.jpg,invoice,real,modern,062fe8435312,train
invoice/invoice_modern/invoice_modern_0352.jpg,invoice_modern_0352.jpg,invoice,real,modern,bb661d8654de,train
invoice/invoice_modern/invoice_modern_0355.jpg,invoice_modern_0355.jpg,invoice,real,modern,818285587bb2,train
invoice/invoice_modern/invoice_modern_0357.jpg,invoice_modern_0357.jpg,invoice,real,modern,54311652c451,train
invoice/invoice_modern/invoice_modern_0360.jpg,invoice_modern_0360.jpg,invoice,real,modern,01c455c07dbd,train
invoice/invoice_modern/invoice_modern_0361.jpg,invoice_modern_0361.jpg,invoice,real,modern,845c7805673d,train
invoice/invoice_modern/invoice_modern_0362.jpg,invoice_modern_0362.jpg,invoice,real,modern,562006ef19e0,train
invoice/invoice_modern/invoice_modern_0365.jpg,invoice_modern_0365.jpg,invoice,real,modern,5ecb597505f5,train
invoice/invoice_modern/invoice_modern_0366.jpg,invoice_modern_0366.jpg,invoice,real,modern,4522d449165d,train
invoice/invoice_modern/invoice_modern_0367.jpg,invoice_modern_0367.jpg,invoice,real,modern,cc09aa379d3b,train
invoice/invoice_modern/invoice_modern_0369.jpg,invoice_modern_0369.jpg,invoice,real,modern,53e8fe3b2216,train
invoice/invoice_modern/invoice_modern_0370.jpg,invoice_modern_0370.jpg,invoice,real,modern,eb3d0805d284,train
invoice/invoice_modern/invoice_modern_0371.jpg,invoice_modern_0371.jpg,invoice,real,modern,48956d3a7f86,train
invoice/invoice_modern/invoice_modern_0372.jpg,invoice_modern_0372.jpg,invoice,real,modern,3c1eb615a296,train
invoice/invoice_modern/invoice_modern_0373.jpg,invoice_modern_0373.jpg,invoice,real,modern,495a5f52283b,train
invoice/invoice_modern/invoice_modern_0376.jpg,invoice_modern_0376.jpg,invoice,real,modern,f6bc388d5005,train
invoice/invoice_modern/invoice_modern_0377.jpg,invoice_modern_0377.jpg,invoice,real,modern,a96a44e2746e,train
invoice/invoice_modern/invoice_modern_0378.jpg,invoice_modern_0378.jpg,invoice,real,modern,a273b595b76b,train
invoice/invoice_modern/invoice_modern_0381.jpg,invoice_modern_0381.jpg,invoice,real,modern,4b6814acc601,train
invoice/invoice_modern/invoice_modern_0382.jpg,invoice_modern_0382.jpg,invoice,real,modern,9ade228ee1de,train
invoice/invoice_modern/invoice_modern_0383.jpg,invoice_modern_0383.jpg,invoice,real,modern,2a06d40f69d4,train
invoice/invoice_modern/invoice_modern_0384.jpg,invoice_modern_0384.jpg,invoice,real,modern,a8382254e79d,train
invoice/invoice_modern/invoice_modern_0385.jpg,invoice_modern_0385.jpg,invoice,real,modern,8d113fef6f78,train
invoice/invoice_modern/invoice_modern_0388.jpg,invoice_modern_0388.jpg,invoice,real,modern,d2ce3e069ceb,train
invoice/invoice_modern/invoice_modern_0390.jpg,invoice_modern_0390.jpg,invoice,real,modern,510681d77edb,train
invoice/invoice_modern/invoice_modern_0391.jpg,invoice_modern_0391.jpg,invoice,real,modern,45d132b467c5,train
invoice/invoice_modern/invoice_modern_0392.jpg,invoice_modern_0392.jpg,invoice,real,modern,dc025580d6dd,train
invoice/invoice_modern/invoice_modern_0393.jpg,invoice_modern_0393.jpg,invoice,real,modern,4531018cabd9,train
invoice/invoice_modern/invoice_modern_0395.jpg,invoice_modern_0395.jpg,invoice,real,modern,7c4e62afe013,train
invoice/invoice_modern/invoice_modern_0396.jpg,invoice_modern_0396.jpg,invoice,real,modern,410d3d7d3fc1,train
invoice/invoice_modern/invoice_modern_0397.jpg,invoice_modern_0397.jpg,invoice,real,modern,06a69f72f54f,train
invoice/invoice_modern/invoice_modern_0398.jpg,invoice_modern_0398.jpg,invoice,real,modern,6d89567b7c0d,train
invoice/invoice_modern/invoice_modern_0401.jpg,invoice_modern_0401.jpg,invoice,real,modern,294d0be3de89,train
invoice/invoice_modern/invoice_modern_0402.jpg,invoice_modern_0402.jpg,invoice,real,modern,838fe73df5c6,train
invoice/invoice_modern/invoice_modern_0403.jpg,invoice_modern_0403.jpg,invoice,real,modern,bd7cfa70126a,train
invoice/invoice_modern/invoice_modern_0404.jpg,invoice_modern_0404.jpg,invoice,real,modern,2c6cb5a7141c,train
invoice/invoice_modern/invoice_modern_0405.jpg,invoice_modern_0405.jpg,invoice,real,modern,de94e3609a43,train
invoice/invoice_modern/invoice_modern_0406.jpg,invoice_modern_0406.jpg,invoice,real,modern,de3dac49983a,train
invoice/invoice_modern/invoice_modern_0409.jpg,invoice_modern_0409.jpg,invoice,real,modern,0d4f42496122,train
invoice/invoice_modern/invoice_modern_0410.jpg,invoice_modern_0410.jpg,invoice,real,modern,8847dff96561,train
invoice/invoice_modern/invoice_modern_0411.jpg,invoice_modern_0411.jpg,invoice,real,modern,d3408cd33c79,train
invoice/invoice_modern/invoice_modern_0412.jpg,invoice_modern_0412.jpg,invoice,real,modern,c1e96afb64bb,train
invoice/invoice_modern/invoice_modern_0415.jpg,invoice_modern_0415.jpg,invoice,real,modern,a28c9e764d53,train
invoice/invoice_modern/invoice_modern_0416.jpg,invoice_modern_0416.jpg,invoice,real,modern,9c9790d2d201,train
invoice/invoice_modern/invoice_modern_0417.jpg,invoice_modern_0417.jpg,invoice,real,modern,ca1a72bd4e00,train
invoice/invoice_modern/invoice_modern_0419.jpg,invoice_modern_0419.jpg,invoice,real,modern,9f2720d757ad,train
invoice/invoice_modern/invoice_modern_0420.jpg,invoice_modern_0420.jpg,invoice,real,modern,eb080a3e6664,train
invoice/invoice_modern/invoice_modern_0421.jpg,invoice_modern_0421.jpg,invoice,real,modern,e54b1ba4e9ac,train
invoice/invoice_modern/invoice_modern_0425.jpg,invoice_modern_0425.jpg,invoice,real,modern,65672bd975c5,train
invoice/invoice_modern/invoice_modern_0426.jpg,invoice_modern_0426.jpg,invoice,real,modern,145080dd69be,train
invoice/invoice_modern/invoice_modern_0427.jpg,invoice_modern_0427.jpg,invoice,real,modern,309b4020d64b,train
invoice/invoice_modern/invoice_modern_0428.jpg,invoice_modern_0428.jpg,invoice,real,modern,aa31971e91ac,train
invoice/invoice_modern/invoice_modern_0429.jpg,invoice_modern_0429.jpg,invoice,real,modern,edafb3585baa,train
invoice/invoice_modern/invoice_modern_0430.jpg,invoice_modern_0430.jpg,invoice,real,modern,e2981e2374ba,train
invoice/invoice_modern/invoice_modern_0431.jpg,invoice_modern_0431.jpg,invoice,real,modern,1d3ee034ea3e,train
invoice/invoice_modern/invoice_modern_0432.jpg,invoice_modern_0432.jpg,invoice,real,modern,78fb62341dbc,train
invoice/invoice_modern/invoice_modern_0433.jpg,invoice_modern_0433.jpg,invoice,real,modern,1596377a50f1,train
invoice/invoice_modern/invoice_modern_0435.jpg,invoice_modern_0435.jpg,invoice,real,modern,76c18d77988d,train
invoice/invoice_modern/invoice_modern_0436.jpg,invoice_modern_0436.jpg,invoice,real,modern,4a67c911c782,train
invoice/invoice_modern/invoice_modern_0437.jpg,invoice_modern_0437.jpg,invoice,real,modern,2d8cd9830bf4,train
invoice/invoice_modern/invoice_modern_0438.jpg,invoice_modern_0438.jpg,invoice,real,modern,b548288ee46d,train
invoice/invoice_modern/invoice_modern_0439.jpg,invoice_modern_0439.jpg,invoice,real,modern,eaac8336490e,train
invoice/invoice_modern/invoice_modern_0440.jpg,invoice_modern_0440.jpg,invoice,real,modern,3caeebf779ad,train
invoice/invoice_modern/invoice_modern_0441.jpg,invoice_modern_0441.jpg,invoice,real,modern,3f52f08035ca,train
invoice/invoice_modern/invoice_modern_0442.jpg,invoice_modern_0442.jpg,invoice,real,modern,1b217b07b742,train
invoice/invoice_modern/invoice_modern_0443.jpg,invoice_modern_0443.jpg,invoice,real,modern,486c4b6ddad8,train
invoice/invoice_modern/invoice_modern_0444.jpg,invoice_modern_0444.jpg,invoice,real,modern,a696ea005761,train
invoice/invoice_modern/invoice_modern_0445.jpg,invoice_modern_0445.jpg,invoice,real,modern,008b53a937c0,train
invoice/invoice_modern/invoice_modern_0446.jpg,invoice_modern_0446.jpg,invoice,real,modern,b8d3738761cf,train
invoice/invoice_modern/invoice_modern_0447.jpg,invoice_modern_0447.jpg,invoice,real,modern,d7a7d242e4f1,train
invoice/invoice_modern/invoice_modern_0448.jpg,invoice_modern_0448.jpg,invoice,real,modern,dee46b5efceb,train
invoice/invoice_0004.jpg,invoice_0004.jpg,invoice,real,original,1e69def9c4ef,val
invoice/invoice_0007.jpg,invoice_0007.jpg,invoice,real,original,db5f0f9fcf8e,val
invoice/invoice_0009.jpg,invoice_0009.jpg,invoice,real,original,053ec2bac7ed,val
invoice/invoice_0014.jpg,invoice_0014.jpg,invoice,real,original,6e9a18d18cd1,val
invoice/invoice_0018.jpg,invoice_0018.jpg,invoice,real,original,06761ded4f55,val
invoice/invoice_0025.jpg,invoice_0025.jpg,invoice,real,original,9f75794a514a,val
invoice/invoice_0049.jpg,invoice_0049.jpg,invoice,real,original,5b71845d774a,val
invoice/invoice_0058.jpg,invoice_0058.jpg,invoice,real,original,74c638fe5ae0,val
invoice/invoice_0064.jpg,invoice_0064.jpg,invoice,real,original,61013f08d340,val
invoice/invoice_0078.jpg,invoice_0078.jpg,invoice,real,original,aa43ef7c02f9,val
invoice/invoice_0089.jpg,invoice_0089.jpg,invoice,real,original,9cfc835454ec,val
invoice/invoice_0101.jpg,invoice_0101.jpg,invoice,real,original,dddc7c226313,val
invoice/invoice_0103.jpg,invoice_0103.jpg,invoice,real,original,d9479538a6a4,val
invoice/invoice_0110.jpg,invoice_0110.jpg,invoice,real,original,7f41c2950dc3,val
invoice/invoice_0121.jpg,invoice_0121.jpg,invoice,real,original,8afe98d82a73,val
invoice/invoice_0124.jpg,invoice_0124.jpg,invoice,real,original,a0947d3db07b,val
invoice/invoice_0133.jpg,invoice_0133.jpg,invoice,real,original,d4860bd2e77d,val
invoice/invoice_0137.jpg,invoice_0137.jpg,invoice,real,original,2d7871697104,val
invoice/invoice_0138.jpg,invoice_0138.jpg,invoice,real,original,bbcb2d49c6f7,val
invoice/invoice_0140.jpg,invoice_0140.jpg,invoice,real,original,eb9ea016db1a,val
invoice/invoice_0142.jpg,invoice_0142.jpg,invoice,real,original,9f155f71460f,val
invoice/invoice_0153.jpg,invoice_0153.jpg,invoice,real,original,a089babddf32,val
invoice/invoice_0159.jpg,invoice_0159.jpg,invoice,real,original,63a065cbfc54,val
invoice/invoice_0170.jpg,invoice_0170.jpg,invoice,real,original,b08c715ed7fa,val
invoice/invoice_0186.jpg,invoice_0186.jpg,invoice,real,original,162f2c13a056,val
invoice/invoice_0209.jpg,invoice_0209.jpg,invoice,real,original,6542361455c2,val
invoice/invoice_0217.jpg,invoice_0217.jpg,invoice,real,original,18193197c462,val
invoice/invoice_0222.jpg,invoice_0222.jpg,invoice,real,original,a3e13200ccb3,val
invoice/invoice_0224.jpg,invoice_0224.jpg,invoice,real,original,9f7c81e00f8e,val
invoice/invoice_0226.jpg,invoice_0226.jpg,invoice,real,original,d9475ff20aef,val
invoice/invoice_0227.jpg,invoice_0227.jpg,invoice,real,original,7088de2a4f14,val
invoice/invoice_0229.jpg,invoice_0229.jpg,invoice,real,original,d374e269214b,val
invoice/invoice_0244.jpg,invoice_0244.jpg,invoice,real,original,73aae1543ddc,val
invoice/invoice_0246.jpg,invoice_0246.jpg,invoice,real,original,17cd7ab44daa,val
invoice/invoice_0259.jpg,invoice_0259.jpg,invoice,real,original,db6d5d84106e,val
invoice/invoice_0264.jpg,invoice_0264.jpg,invoice,real,original,a88997430209,val
invoice/invoice_0266.jpg,invoice_0266.jpg,invoice,real,original,ea1a609c903e,val
invoice/invoice_0271.jpg,invoice_0271.jpg,invoice,real,original,2ba41057c9a7,val
invoice/invoice_0272.jpg,invoice_0272.jpg,invoice,real,original,36cc8de8174f,val
invoice/invoice_0273.jpg,invoice_0273.jpg,invoice,real,original,4afb0efb6827,val
invoice/invoice_0293.jpg,invoice_0293.jpg,invoice,real,original,c80594e65849,val
invoice/invoice_0312.jpg,invoice_0312.jpg,invoice,real,original,bfd85d26d81a,val
invoice/invoice_0321.jpg,invoice_0321.jpg,invoice,real,original,7c5a2a348205,val
invoice/invoice_0331.jpg,invoice_0331.jpg,invoice,real,original,f6044878cc21,val
invoice/invoice_0338.jpg,invoice_0338.jpg,invoice,real,original,132553065e1a,val
invoice/invoice_0348.jpg,invoice_0348.jpg,invoice,real,original,f01f07c95162,val
invoice/invoice_0351.jpg,invoice_0351.jpg,invoice,real,original,27887bbebb32,val
invoice/invoice_0358.jpg,invoice_0358.jpg,invoice,real,original,01c69a894dee,val
invoice/invoice_0360.jpg,invoice_0360.jpg,invoice,real,original,89200d22cf4a,val
invoice/invoice_0372.jpg,invoice_0372.jpg,invoice,real,original,4e245d7c4414,val
invoice/invoice_0386.jpg,invoice_0386.jpg,invoice,real,original,fd4f02d011d7,val
invoice/invoice_0389.jpg,invoice_0389.jpg,invoice,real,original,17941a64a710,val
invoice/invoice_0390.jpg,invoice_0390.jpg,invoice,real,original,95589a017b94,val
invoice/invoice_0420.jpg,invoice_0420.jpg,invoice,real,original,183d3e7314e1,val
invoice/invoice_0421.jpg,invoice_0421.jpg,invoice,real,original,a75344c78da0,val
invoice/invoice_0426.jpg,invoice_0426.jpg,invoice,real,original,c16bd4c384d0,val
invoice/invoice_0427.jpg,invoice_0427.jpg,invoice,real,original,09f9e07a403b,val
invoice/invoice_0433.jpg,invoice_0433.jpg,invoice,real,original,6075e29f7608,val
invoice/invoice_0437.jpg,invoice_0437.jpg,invoice,real,original,bd3933a1d398,val
invoice/invoice_0440.jpg,invoice_0440.jpg,invoice,real,original,a01be25cb556,val
invoice/invoice_0450.jpg,invoice_0450.jpg,invoice,real,original,960a739ae092,val
invoice/invoice_0456.jpg,invoice_0456.jpg,invoice,real,original,0b45b1c62f85,val
invoice/invoice_0458.jpg,invoice_0458.jpg,invoice,real,original,fdccb4eb645d,val
invoice/invoice_0460.jpg,invoice_0460.jpg,invoice,real,original,558351689836,val
invoice/invoice_0470.jpg,invoice_0470.jpg,invoice,real,original,d8cf53c64405,val
invoice/invoice_0488.jpg,invoice_0488.jpg,invoice,real,original,00f4f398c782,val
invoice/invoice_0490.jpg,invoice_0490.jpg,invoice,real,original,8d4c24844162,val
invoice/invoice_0491.jpg,invoice_0491.jpg,invoice,real,original,3b4a0a2f5983,val
invoice/invoice_0492.jpg,invoice_0492.jpg,invoice,real,original,c965a0cfc7f2,val
invoice/invoice_0494.jpg,invoice_0494.jpg,invoice,real,original,754adb6351b0,val
invoice/invoice_0498.jpg,invoice_0498.jpg,invoice,real,original,660bf6d6a86d,val
invoice/invoice_0503.jpg,invoice_0503.jpg,invoice,real,original,7335184478e1,val
invoice/invoice_0506.jpg,invoice_0506.jpg,invoice,real,original,5758a11ec3f7,val
invoice/invoice_0515.jpg,invoice_0515.jpg,invoice,real,original,bdb012510a7d,val
invoice/invoice_0524.jpg,invoice_0524.jpg,invoice,real,original,73b1efc6f410,val
invoice/invoice_0527.jpg,invoice_0527.jpg,invoice,real,original,597bfbcfb02f,val
invoice/invoice_0532.jpg,invoice_0532.jpg,invoice,real,original,5dc8b2af7600,val
invoice/invoice_0535.jpg,invoice_0535.jpg,invoice,real,original,34cd4f296b90,val
invoice/invoice_0539.jpg,invoice_0539.jpg,invoice,real,original,fbf5608c9590,val
invoice/invoice_0540.jpg,invoice_0540.jpg,invoice,real,original,c612757df72f,val
invoice/invoice_0547.jpg,invoice_0547.jpg,invoice,real,original,a58cb873d8f5,val
invoice/invoice_0554.jpg,invoice_0554.jpg,invoice,real,original,cdaf3083dfc2,val
invoice/invoice_0563.jpg,invoice_0563.jpg,invoice,real,original,7350ea011348,val
invoice/invoice_0566.jpg,invoice_0566.jpg,invoice,real,original,b5a897fc0fcf,val
invoice/invoice_0568.jpg,invoice_0568.jpg,invoice,real,original,b62655525b3d,val
invoice/invoice_0573.jpg,invoice_0573.jpg,invoice,real,original,e1f2f0e5c4a6,val
invoice/invoice_0585.jpg,invoice_0585.jpg,invoice,real,original,69bcb33007c3,val
invoice/invoice_0595.jpg,invoice_0595.jpg,invoice,real,original,fff611704d4f,val
invoice/invoice_0601.jpg,invoice_0601.jpg,invoice,real,original,ba428f717c9d,val
invoice/invoice_0613.jpg,invoice_0613.jpg,invoice,real,original,769e599368e0,val
invoice/invoice_0615.jpg,invoice_0615.jpg,invoice,real,original,6ee6c3a79781,val
invoice/invoice_0619.jpg,invoice_0619.jpg,invoice,real,original,42acb991dbe5,val
invoice/invoice_0622.jpg,invoice_0622.jpg,invoice,real,original,952e4cf5d77a,val
invoice/invoice_0638.jpg,invoice_0638.jpg,invoice,real,original,d64d1e33b44d,val
invoice/invoice_0643.jpg,invoice_0643.jpg,invoice,real,original,b2c7c01e3e60,val
invoice/invoice_0645.jpg,invoice_0645.jpg,invoice,real,original,4d82a5134381,val
invoice/invoice_0664.jpg,invoice_0664.jpg,invoice,real,original,82afe1abcefc,val
invoice/invoice_0673.jpg,invoice_0673.jpg,invoice,real,original,d8249addd0c1,val
invoice/invoice_0674.jpg,invoice_0674.jpg,invoice,real,original,c1b224c8ce8c,val
invoice/invoice_0677.jpg,invoice_0677.jpg,invoice,real,original,0531c42f5c94,val
invoice/invoice_0689.jpg,invoice_0689.jpg,invoice,real,original,cdbf5c72839a,val
invoice/invoice_0690.jpg,invoice_0690.jpg,invoice,real,original,21d1eaf62bad,val
invoice/invoice_0691.jpg,invoice_0691.jpg,invoice,real,original,4a4b715ff7a2,val
invoice/invoice_0692.jpg,invoice_0692.jpg,invoice,real,original,07e375b10895,val
invoice/invoice_0697.jpg,invoice_0697.jpg,invoice,real,original,9cc68ba04901,val
invoice/invoice_0715.jpg,invoice_0715.jpg,invoice,real,original,aae6f211d8f1,val
invoice/invoice_0717.jpg,invoice_0717.jpg,invoice,real,original,da97f02e0ef0,val
invoice/invoice_0733.jpg,invoice_0733.jpg,invoice,real,original,7a36981541c6,val
invoice/invoice_0735.jpg,invoice_0735.jpg,invoice,real,original,b46969997116,val
invoice/invoice_0739.jpg,invoice_0739.jpg,invoice,real,original,6b323db5e350,val
invoice/invoice_0744.jpg,invoice_0744.jpg,invoice,real,original,51047a5374a6,val
invoice/invoice_0757.jpg,invoice_0757.jpg,invoice,real,original,84ee6bca6d57,val
invoice/invoice_0758.jpg,invoice_0758.jpg,invoice,real,original,fff4efe090e5,val
invoice/invoice_0761.jpg,invoice_0761.jpg,invoice,real,original,d6176d701cc6,val
invoice/invoice_0769.jpg,invoice_0769.jpg,invoice,real,original,a06c81e1f1c0,val
invoice/invoice_0772.jpg,invoice_0772.jpg,invoice,real,original,b284a0f26fc5,val
invoice/invoice_0780.jpg,invoice_0780.jpg,invoice,real,original,7513d4997f7f,val
invoice/invoice_0786.jpg,invoice_0786.jpg,invoice,real,original,a7ad8da0c085,val
invoice/invoice_0795.jpg,invoice_0795.jpg,invoice,real,original,555da4345f1c,val
invoice/invoice_0796.jpg,invoice_0796.jpg,invoice,real,original,2219fc86a954,val
invoice/invoice_modern/invoice_modern_0001.jpg,invoice_modern_0001.jpg,invoice,real,modern,a105449caa9b,val
invoice/invoice_modern/invoice_modern_0006.jpg,invoice_modern_0006.jpg,invoice,real,modern,4ea3c9e2ea99,val
invoice/invoice_modern/invoice_modern_0022.jpg,invoice_modern_0022.jpg,invoice,real,modern,ea0f3294c23b,val
invoice/invoice_modern/invoice_modern_0030.jpg,invoice_modern_0030.jpg,invoice,real,modern,5ec443cdee47,val
invoice/invoice_modern/invoice_modern_0040.jpg,invoice_modern_0040.jpg,invoice,real,modern,67ee5db1b8ff,val
invoice/invoice_modern/invoice_modern_0044.jpg,invoice_modern_0044.jpg,invoice,real,modern,262d08e82642,val
invoice/invoice_modern/invoice_modern_0046.jpg,invoice_modern_0046.jpg,invoice,real,modern,f914cccdc773,val
invoice/invoice_modern/invoice_modern_0047.jpg,invoice_modern_0047.jpg,invoice,real,modern,fafb4e84ea5d,val
invoice/invoice_modern/invoice_modern_0048.jpg,invoice_modern_0048.jpg,invoice,real,modern,bb000a19ea1a,val
invoice/invoice_modern/invoice_modern_0050.jpg,invoice_modern_0050.jpg,invoice,real,modern,7284e883548b,val
invoice/invoice_modern/invoice_modern_0055.jpg,invoice_modern_0055.jpg,invoice,real,modern,3d6b83e1d495,val
invoice/invoice_modern/invoice_modern_0058.jpg,invoice_modern_0058.jpg,invoice,real,modern,1f27e3bbbfc5,val
invoice/invoice_modern/invoice_modern_0063.jpg,invoice_modern_0063.jpg,invoice,real,modern,d619b44293d2,val
invoice/invoice_modern/invoice_modern_0067.jpg,invoice_modern_0067.jpg,invoice,real,modern,4f162acf3ab5,val
invoice/invoice_modern/invoice_modern_0072.jpg,invoice_modern_0072.jpg,invoice,real,modern,478dfddceaba,val
invoice/invoice_modern/invoice_modern_0074.jpg,invoice_modern_0074.jpg,invoice,real,modern,e9eda45ba0d1,val
invoice/invoice_modern/invoice_modern_0080.jpg,invoice_modern_0080.jpg,invoice,real,modern,4575d7b3d66a,val
invoice/invoice_modern/invoice_modern_0099.jpg,invoice_modern_0099.jpg,invoice,real,modern,438dd51af0ca,val
invoice/invoice_modern/invoice_modern_0110.jpg,invoice_modern_0110.jpg,invoice,real,modern,037ec6eb74d5,val
invoice/invoice_modern/invoice_modern_0115.jpg,invoice_modern_0115.jpg,invoice,real,modern,c33912496ece,val
invoice/invoice_modern/invoice_modern_0116.jpg,invoice_modern_0116.jpg,invoice,real,modern,be290b858994,val
invoice/invoice_modern/invoice_modern_0117.jpg,invoice_modern_0117.jpg,invoice,real,modern,0cc1b0d8352b,val
invoice/invoice_modern/invoice_modern_0121.jpg,invoice_modern_0121.jpg,invoice,real,modern,cf6ba55beee5,val
invoice/invoice_modern/invoice_modern_0133.jpg,invoice_modern_0133.jpg,invoice,real,modern,afbb9319e7d5,val
invoice/invoice_modern/invoice_modern_0138.jpg,invoice_modern_0138.jpg,invoice,real,modern,f3451342b48a,val
invoice/invoice_modern/invoice_modern_0145.jpg,invoice_modern_0145.jpg,invoice,real,modern,99191cc2c67d,val
invoice/invoice_modern/invoice_modern_0147.jpg,invoice_modern_0147.jpg,invoice,real,modern,db8056d25b3d,val
invoice/invoice_modern/invoice_modern_0161.jpg,invoice_modern_0161.jpg,invoice,real,modern,6efa83bf2113,val
invoice/invoice_modern/invoice_modern_0166.jpg,invoice_modern_0166.jpg,invoice,real,modern,253fff5df365,val
invoice/invoice_modern/invoice_modern_0169.jpg,invoice_modern_0169.jpg,invoice,real,modern,bbd8eed645d7,val
invoice/invoice_modern/invoice_modern_0171.jpg,invoice_modern_0171.jpg,invoice,real,modern,58b9d3de921d,val
invoice/invoice_modern/invoice_modern_0175.jpg,invoice_modern_0175.jpg,invoice,real,modern,5066b122ecf2,val
invoice/invoice_modern/invoice_modern_0192.jpg,invoice_modern_0192.jpg,invoice,real,modern,7b7f72c0dc55,val
invoice/invoice_modern/invoice_modern_0194.jpg,invoice_modern_0194.jpg,invoice,real,modern,0d1225b0cfbf,val
invoice/invoice_modern/invoice_modern_0212.jpg,invoice_modern_0212.jpg,invoice,real,modern,e7174e32fb0c,val
invoice/invoice_modern/invoice_modern_0223.jpg,invoice_modern_0223.jpg,invoice,real,modern,1d204e426532,val
invoice/invoice_modern/invoice_modern_0244.jpg,invoice_modern_0244.jpg,invoice,real,modern,f5ec13566295,val
invoice/invoice_modern/invoice_modern_0259.jpg,invoice_modern_0259.jpg,invoice,real,modern,315440b4955e,val
invoice/invoice_modern/invoice_modern_0267.jpg,invoice_modern_0267.jpg,invoice,real,modern,b55d18510357,val
invoice/invoice_modern/invoice_modern_0272.jpg,invoice_modern_0272.jpg,invoice,real,modern,a6547689ce0a,val
invoice/invoice_modern/invoice_modern_0274.jpg,invoice_modern_0274.jpg,invoice,real,modern,955c4acdea09,val
invoice/invoice_modern/invoice_modern_0276.jpg,invoice_modern_0276.jpg,invoice,real,modern,a0df9c9e51bd,val
invoice/invoice_modern/invoice_modern_0278.jpg,invoice_modern_0278.jpg,invoice,real,modern,ffcce921fbe0,val
invoice/invoice_modern/invoice_modern_0283.jpg,invoice_modern_0283.jpg,invoice,real,modern,bcbd4d23f731,val
invoice/invoice_modern/invoice_modern_0284.jpg,invoice_modern_0284.jpg,invoice,real,modern,bddbac6fa1eb,val
invoice/invoice_modern/invoice_modern_0287.jpg,invoice_modern_0287.jpg,invoice,real,modern,fddf72b88ccc,val
invoice/invoice_modern/invoice_modern_0289.jpg,invoice_modern_0289.jpg,invoice,real,modern,8cc1cd934789,val
invoice/invoice_modern/invoice_modern_0299.jpg,invoice_modern_0299.jpg,invoice,real,modern,dcbf7f72db22,val
invoice/invoice_modern/invoice_modern_0305.jpg,invoice_modern_0305.jpg,invoice,real,modern,c6e8840b81b0,val
invoice/invoice_modern/invoice_modern_0320.jpg,invoice_modern_0320.jpg,invoice,real,modern,ca7b88c0cedb,val
invoice/invoice_modern/invoice_modern_0321.jpg,invoice_modern_0321.jpg,invoice,real,modern,faa6344a47c8,val
invoice/invoice_modern/invoice_modern_0336.jpg,invoice_modern_0336.jpg,invoice,real,modern,92811e223642,val
invoice/invoice_modern/invoice_modern_0343.jpg,invoice_modern_0343.jpg,invoice,real,modern,8b624d0f1a59,val
invoice/invoice_modern/invoice_modern_0356.jpg,invoice_modern_0356.jpg,invoice,real,modern,5c39c777a875,val
invoice/invoice_modern/invoice_modern_0364.jpg,invoice_modern_0364.jpg,invoice,real,modern,fd231f261434,val
invoice/invoice_modern/invoice_modern_0379.jpg,invoice_modern_0379.jpg,invoice,real,modern,2e94806fedc1,val
invoice/invoice_modern/invoice_modern_0386.jpg,invoice_modern_0386.jpg,invoice,real,modern,f8f18484ef80,val
invoice/invoice_modern/invoice_modern_0399.jpg,invoice_modern_0399.jpg,invoice,real,modern,18bf389a7a5d,val
invoice/invoice_modern/invoice_modern_0408.jpg,invoice_modern_0408.jpg,invoice,real,modern,f91a29a480f0,val
invoice/invoice_modern/invoice_modern_0413.jpg,invoice_modern_0413.jpg,invoice,real,modern,ad1ab855f9cc,val
invoice/invoice_modern/invoice_modern_0414.jpg,invoice_modern_0414.jpg,invoice,real,modern,71dfa86161d7,val
invoice/invoice_modern/invoice_modern_0418.jpg,invoice_modern_0418.jpg,invoice,real,modern,2efc3865afb5,val
invoice/invoice_modern/invoice_modern_0422.jpg,invoice_modern_0422.jpg,invoice,real,modern,bc330d567d7d,val
invoice/invoice_modern/invoice_modern_0424.jpg,invoice_modern_0424.jpg,invoice,real,modern,3d6b83e1d495,val
invoice/invoice_modern/invoice_modern_0434.jpg,invoice_modern_0434.jpg,invoice,real,modern,91fcf47ac21e,val
invoice/invoice_modern/invoice_modern_0449.jpg,invoice_modern_0449.jpg,invoice,real,modern,3600a592520d,val
resume/resume_0000.jpg,resume_0000.jpg,resume,real,original,3cf68bc7ed95,test
resume/resume_0004.jpg,resume_0004.jpg,resume,real,original,64d5e9a568d8,test
resume/resume_0012.jpg,resume_0012.jpg,resume,real,original,7c29dc778b0d,test
resume/resume_0047.jpg,resume_0047.jpg,resume,real,original,cf34722a5c4c,test
resume/resume_0057.jpg,resume_0057.jpg,resume,real,original,49d8a81f86ef,test
resume/resume_0072.jpg,resume_0072.jpg,resume,real,original,d5f86f4904ab,test
resume/resume_0075.jpg,resume_0075.jpg,resume,real,original,c7e3833b69dd,test
resume/resume_0093.jpg,resume_0093.jpg,resume,real,original,ef9a50a26878,test
resume/resume_0106.jpg,resume_0106.jpg,resume,real,original,f35764dd635a,test
resume/resume_0110.jpg,resume_0110.jpg,resume,real,original,90358ad5f6f3,test
resume/resume_0112.jpg,resume_0112.jpg,resume,real,original,177035d3fc7d,test
resume/resume_0126.jpg,resume_0126.jpg,resume,real,original,72fbc30c7a05,test
resume/resume_0136.jpg,resume_0136.jpg,resume,real,original,e380ad2d0b9d,test
resume/resume_0139.jpg,resume_0139.jpg,resume,real,original,7b582f4247ed,test
resume/resume_0151.jpg,resume_0151.jpg,resume,real,original,5afad5846ee1,test
resume/resume_0170.jpg,resume_0170.jpg,resume,real,original,40839492078f,test
resume/resume_0176.jpg,resume_0176.jpg,resume,real,original,d04c07ee8e36,test
resume/resume_0184.jpg,resume_0184.jpg,resume,real,original,df301ca9e164,test
resume/resume_0187.jpg,resume_0187.jpg,resume,real,original,86974670d8c9,test
resume/resume_0189.jpg,resume_0189.jpg,resume,real,original,fb762efc1e9c,test
resume/resume_0190.jpg,resume_0190.jpg,resume,real,original,42e5801622c0,test
resume/resume_0194.jpg,resume_0194.jpg,resume,real,original,567d683ebabc,test
resume/resume_0200.jpg,resume_0200.jpg,resume,real,original,3ead9e6cef31,test
resume/resume_0205.jpg,resume_0205.jpg,resume,real,original,156fe7fcc41d,test
resume/resume_0209.jpg,resume_0209.jpg,resume,real,original,41e7920f9f7f,test
resume/resume_0226.jpg,resume_0226.jpg,resume,real,original,73569d32d0ac,test
resume/resume_0228.jpg,resume_0228.jpg,resume,real,original,b7d94a865276,test
resume/resume_0231.jpg,resume_0231.jpg,resume,real,original,efdd287af36b,test
resume/resume_0232.jpg,resume_0232.jpg,resume,real,original,235b2b98173d,test
resume/resume_0236.jpg,resume_0236.jpg,resume,real,original,c0874a9aaa78,test
resume/resume_0237.jpg,resume_0237.jpg,resume,real,original,4c04ebc5c4af,test
resume/resume_0243.jpg,resume_0243.jpg,resume,real,original,576d7df84da6,test
resume/resume_0245.jpg,resume_0245.jpg,resume,real,original,a596d0a6ebd4,test
resume/resume_0246.jpg,resume_0246.jpg,resume,real,original,99453650f7fb,test
resume/resume_0251.jpg,resume_0251.jpg,resume,real,original,ae7156ddfe2a,test
resume/resume_0264.jpg,resume_0264.jpg,resume,real,original,03271026da39,test
resume/resume_0267.jpg,resume_0267.jpg,resume,real,original,f634a676dbc8,test
resume/resume_0268.jpg,resume_0268.jpg,resume,real,original,43d69a7f53ad,test
resume/resume_0270.jpg,resume_0270.jpg,resume,real,original,bb7856545956,test
resume/resume_0275.jpg,resume_0275.jpg,resume,real,original,27c59a23acc1,test
resume/resume_0278.jpg,resume_0278.jpg,resume,real,original,89c69fef53e9,test
resume/resume_0281.jpg,resume_0281.jpg,resume,real,original,742adcbacc10,test
resume/resume_0282.jpg,resume_0282.jpg,resume,real,original,8bbb787b0c65,test
resume/resume_0292.jpg,resume_0292.jpg,resume,real,original,2c447d83dc19,test
resume/resume_0298.jpg,resume_0298.jpg,resume,real,original,fc29a1e38edb,test
resume/resume_0326.jpg,resume_0326.jpg,resume,real,original,e747c132987e,test
resume/resume_0344.jpg,resume_0344.jpg,resume,real,original,88a69dbfda72,test
resume/resume_0350.jpg,resume_0350.jpg,resume,real,original,d1c9398634ad,test
resume/resume_0354.jpg,resume_0354.jpg,resume,real,original,8d988b7c3656,test
resume/resume_0359.jpg,resume_0359.jpg,resume,real,original,9138e3a1d5ba,test
resume/resume_0369.jpg,resume_0369.jpg,resume,real,original,4039c65f721e,test
resume/resume_0370.jpg,resume_0370.jpg,resume,real,original,bfd711c71114,test
resume/resume_0374.jpg,resume_0374.jpg,resume,real,original,4361e3a350af,test
resume/resume_0377.jpg,resume_0377.jpg,resume,real,original,cb4deff1e5fe,test
resume/resume_0405.jpg,resume_0405.jpg,resume,real,original,d4a19a0d0514,test
resume/resume_0406.jpg,resume_0406.jpg,resume,real,original,b9f5dc8f2f2c,test
resume/resume_0411.jpg,resume_0411.jpg,resume,real,original,07661c678049,test
resume/resume_0415.jpg,resume_0415.jpg,resume,real,original,3f192a882c41,test
resume/resume_0416.jpg,resume_0416.jpg,resume,real,original,891eda7d6175,test
resume/resume_0423.jpg,resume_0423.jpg,resume,real,original,2e6c621d51e1,test
resume/resume_0427.jpg,resume_0427.jpg,resume,real,original,2242f56dd3c8,test
resume/resume_0432.jpg,resume_0432.jpg,resume,real,original,b1ae1784af06,test
resume/resume_0433.jpg,resume_0433.jpg,resume,real,original,0af03da9ff90,test
resume/resume_0438.jpg,resume_0438.jpg,resume,real,original,c0f71f0eff24,test
resume/resume_0450.jpg,resume_0450.jpg,resume,real,original,bc1b5b517e31,test
resume/resume_0459.jpg,resume_0459.jpg,resume,real,original,80666ad37b90,test
resume/resume_0463.jpg,resume_0463.jpg,resume,real,original,92a2f10327df,test
resume/resume_0466.jpg,resume_0466.jpg,resume,real,original,c0526129bee0,test
resume/resume_0472.jpg,resume_0472.jpg,resume,real,original,1bd77a02f057,test
resume/resume_0478.jpg,resume_0478.jpg,resume,real,original,d0795002c1d4,test
resume/resume_0480.jpg,resume_0480.jpg,resume,real,original,5ee3538b4a7a,test
resume/resume_0487.jpg,resume_0487.jpg,resume,real,original,f3fa68b610d9,test
resume/resume_0493.jpg,resume_0493.jpg,resume,real,original,24f6573079f7,test
resume/resume_0505.jpg,resume_0505.jpg,resume,real,original,f561ac4ac150,test
resume/resume_0509.jpg,resume_0509.jpg,resume,real,original,617ce296a8ce,test
resume/resume_0524.jpg,resume_0524.jpg,resume,real,original,c456ffde3235,test
resume/resume_0543.jpg,resume_0543.jpg,resume,real,original,952752079dc4,test
resume/resume_0549.jpg,resume_0549.jpg,resume,real,original,73fbb7eb26eb,test
resume/resume_0555.jpg,resume_0555.jpg,resume,real,original,86635668ec01,test
resume/resume_0569.jpg,resume_0569.jpg,resume,real,original,185903573404,test
resume/resume_0587.jpg,resume_0587.jpg,resume,real,original,e42bc8112555,test
resume/resume_0588.jpg,resume_0588.jpg,resume,real,original,225e883bd739,test
resume/resume_0607.jpg,resume_0607.jpg,resume,real,original,23dee35b86e9,test
resume/resume_0613.jpg,resume_0613.jpg,resume,real,original,33aa9045fca3,test
resume/resume_0614.jpg,resume_0614.jpg,resume,real,original,337a0fee2cd6,test
resume/resume_0623.jpg,resume_0623.jpg,resume,real,original,51e42e5ba575,test
resume/resume_0625.jpg,resume_0625.jpg,resume,real,original,0cd559e7ceda,test
resume/resume_0638.jpg,resume_0638.jpg,resume,real,original,aa1b2ce39f66,test
resume/resume_0640.jpg,resume_0640.jpg,resume,real,original,ab77879321b2,test
resume/resume_0642.jpg,resume_0642.jpg,resume,real,original,b1ca0f8171a8,test
resume/resume_0648.jpg,resume_0648.jpg,resume,real,original,4e1d27416913,test
resume/resume_0657.jpg,resume_0657.jpg,resume,real,original,dd7a92bdf709,test
resume/resume_0659.jpg,resume_0659.jpg,resume,real,original,7af66517e22c,test
resume/resume_0666.jpg,resume_0666.jpg,resume,real,original,dbaae4c80735,test
resume/resume_0675.jpg,resume_0675.jpg,resume,real,original,c12759e382f8,test
resume/resume_0677.jpg,resume_0677.jpg,resume,real,original,7ae6b72a766b,test
resume/resume_0685.jpg,resume_0685.jpg,resume,real,original,21238865e1a6,test
resume/resume_0692.jpg,resume_0692.jpg,resume,real,original,45d54d13bc97,test
resume/resume_0716.jpg,resume_0716.jpg,resume,real,original,db5e02169636,test
resume/resume_0717.jpg,resume_0717.jpg,resume,real,original,2bfd905a005b,test
resume/resume_0718.jpg,resume_0718.jpg,resume,real,original,0a1cd453587b,test
resume/resume_0719.jpg,resume_0719.jpg,resume,real,original,f2e59382b6f8,test
resume/resume_0720.jpg,resume_0720.jpg,resume,real,original,8ea99995fd08,test
resume/resume_0724.jpg,resume_0724.jpg,resume,real,original,0fe6fb06ccc0,test
resume/resume_0733.jpg,resume_0733.jpg,resume,real,original,a84f4fe7d211,test
resume/resume_0735.jpg,resume_0735.jpg,resume,real,original,6ca77eecaeb0,test
resume/resume_0737.jpg,resume_0737.jpg,resume,real,original,f89761f0ce54,test
resume/resume_0739.jpg,resume_0739.jpg,resume,real,original,0d35390b6a10,test
resume/resume_0742.jpg,resume_0742.jpg,resume,real,original,750f036d8b10,test
resume/resume_0752.jpg,resume_0752.jpg,resume,real,original,d5401918c6f3,test
resume/resume_0759.jpg,resume_0759.jpg,resume,real,original,d252b71a025e,test
resume/resume_0760.jpg,resume_0760.jpg,resume,real,original,91db35aae853,test
resume/resume_0768.jpg,resume_0768.jpg,resume,real,original,d45228bd1b30,test
resume/resume_0773.jpg,resume_0773.jpg,resume,real,original,40d29de25cbb,test
resume/resume_0775.jpg,resume_0775.jpg,resume,real,original,50f4452cee12,test
resume/resume_0777.jpg,resume_0777.jpg,resume,real,original,5e8330bc21c9,test
resume/resume_0782.jpg,resume_0782.jpg,resume,real,original,694ff0c3dbe6,test
resume/resume_0786.jpg,resume_0786.jpg,resume,real,original,a4da9c7af757,test
resume/resume_0791.jpg,resume_0791.jpg,resume,real,original,cdf193a3a6d4,test
resume/resume_0798.jpg,resume_0798.jpg,resume,real,original,2923a244f2bd,test
resume/resume_modern/resume_modern_0002.jpg,resume_modern_0002.jpg,resume,real,modern,98f94d904b2e,test
resume/resume_modern/resume_modern_0006.jpg,resume_modern_0006.jpg,resume,real,modern,fbd09027e2b2,test
resume/resume_modern/resume_modern_0019.jpg,resume_modern_0019.jpg,resume,real,modern,25dab21b6950,test
resume/resume_modern/resume_modern_0021.jpg,resume_modern_0021.jpg,resume,real,modern,d5914b99204f,test
resume/resume_modern/resume_modern_0024.jpg,resume_modern_0024.jpg,resume,real,modern,3eea41c21344,test
resume/resume_modern/resume_modern_0043.jpg,resume_modern_0043.jpg,resume,real,modern,4fd9cea766dd,test
resume/resume_modern/resume_modern_0047.jpg,resume_modern_0047.jpg,resume,real,modern,184bd99f6d93,test
resume/resume_modern/resume_modern_0048.jpg,resume_modern_0048.jpg,resume,real,modern,8cc70425d435,test
resume/resume_modern/resume_modern_0056.jpg,resume_modern_0056.jpg,resume,real,modern,faf45ef55e14,test
resume/resume_modern/resume_modern_0058.png,resume_modern_0058.png,resume,real,modern,6fc9d8591525,test
resume/resume_modern/resume_modern_0063.png,resume_modern_0063.png,resume,real,modern,629a0cc8e89c,test
resume/resume_modern/resume_modern_0081.jpg,resume_modern_0081.jpg,resume,real,modern,b6b5ce4223fd,test
resume/resume_modern/resume_modern_0085.jpg,resume_modern_0085.jpg,resume,real,modern,91dfe1b0a2ce,test
resume/resume_modern/resume_modern_0095.png,resume_modern_0095.png,resume,real,modern,ea44a2ba718a,test
resume/resume_modern/resume_modern_0102.jpg,resume_modern_0102.jpg,resume,real,modern,e9cf82c2ccd0,test
resume/resume_modern/resume_modern_0115.jpg,resume_modern_0115.jpg,resume,real,modern,dc6f7958e5e0,test
resume/resume_modern/resume_modern_0116.jpg,resume_modern_0116.jpg,resume,real,modern,c90f7e0b8cf6,test
resume/resume_modern/resume_modern_0117.png,resume_modern_0117.png,resume,real,modern,a651d871653a,test
resume/resume_modern/resume_modern_0121.png,resume_modern_0121.png,resume,real,modern,da44985c1410,test
resume/resume_modern/resume_modern_0127.png,resume_modern_0127.png,resume,real,modern,f750c2bd4be0,test
resume/resume_modern/resume_modern_0135.png,resume_modern_0135.png,resume,real,modern,97000ec09171,test
resume/resume_modern/resume_modern_0138.jpg,resume_modern_0138.jpg,resume,real,modern,6fe3229263d6,test
resume/resume_modern/resume_modern_0145.jpg,resume_modern_0145.jpg,resume,real,modern,d272557b3de0,test
resume/resume_modern/resume_modern_0158.jpg,resume_modern_0158.jpg,resume,real,modern,3421169a1aae,test
resume/resume_modern/resume_modern_0170.jpg,resume_modern_0170.jpg,resume,real,modern,a865023e2e01,test
resume/resume_modern/resume_modern_0172.png,resume_modern_0172.png,resume,real,modern,62b3d8478884,test
resume/resume_modern/resume_modern_0181.jpg,resume_modern_0181.jpg,resume,real,modern,75ccbbb7dd44,test
resume/resume_modern/resume_modern_0191.png,resume_modern_0191.png,resume,real,modern,8a5cfa5787cc,test
resume/resume_modern/resume_modern_0192.png,resume_modern_0192.png,resume,real,modern,46128175b2d2,test
resume/resume_modern/resume_modern_0198.png,resume_modern_0198.png,resume,real,modern,a64f24cb0129,test
resume/resume_modern/resume_modern_0200.jpg,resume_modern_0200.jpg,resume,real,modern,cebfc4b1c3ef,test
resume/resume_modern/resume_modern_0208.png,resume_modern_0208.png,resume,real,modern,51bc49a94487,test
resume/resume_modern/resume_modern_0210.jpg,resume_modern_0210.jpg,resume,real,modern,b08536d93ff3,test
resume/resume_modern/resume_modern_0219.png,resume_modern_0219.png,resume,real,modern,db5a17790c56,test
resume/resume_modern/resume_modern_0220.png,resume_modern_0220.png,resume,real,modern,d5c24a900e41,test
resume/resume_modern/resume_modern_0231.png,resume_modern_0231.png,resume,real,modern,2166b1064efe,test
resume/resume_modern/resume_modern_0232.png,resume_modern_0232.png,resume,real,modern,4a143868d03e,test
resume/resume_modern/resume_modern_0233.jpg,resume_modern_0233.jpg,resume,real,modern,6629d9d723f3,test
resume/resume_modern/resume_modern_0234.png,resume_modern_0234.png,resume,real,modern,12308067d505,test
resume/resume_modern/resume_modern_0244.jpg,resume_modern_0244.jpg,resume,real,modern,e1df3fa89234,test
resume/resume_modern/resume_modern_0250.jpg,resume_modern_0250.jpg,resume,real,modern,420e3c318370,test
resume/resume_modern/resume_modern_0252.jpg,resume_modern_0252.jpg,resume,real,modern,1a3921d96d39,test
resume/resume_modern/resume_modern_0264.png,resume_modern_0264.png,resume,real,modern,1522007b078c,test
resume/resume_modern/resume_modern_0270.jpg,resume_modern_0270.jpg,resume,real,modern,d010662055c7,test
resume/resume_modern/resume_modern_0291.png,resume_modern_0291.png,resume,real,modern,932470478f6a,test
resume/resume_modern/resume_modern_0304.png,resume_modern_0304.png,resume,real,modern,45ad1e9559b5,test
resume/resume_modern/resume_modern_0309.png,resume_modern_0309.png,resume,real,modern,b63ab8b22a83,test
resume/resume_modern/resume_modern_0312.png,resume_modern_0312.png,resume,real,modern,ee4f6b007367,test
resume/resume_modern/resume_modern_0316.png,resume_modern_0316.png,resume,real,modern,0083ea388f28,test
resume/resume_modern/resume_modern_0319.png,resume_modern_0319.png,resume,real,modern,212a49135734,test
resume/resume_modern/resume_modern_0332.png,resume_modern_0332.png,resume,real,modern,77e03dcf89fc,test
resume/resume_modern/resume_modern_0335.png,resume_modern_0335.png,resume,real,modern,711cbcea0138,test
resume/resume_modern/resume_modern_0354.png,resume_modern_0354.png,resume,real,modern,33a7d9586631,test
resume/resume_modern/resume_modern_0355.png,resume_modern_0355.png,resume,real,modern,bee75b6a215b,test
resume/resume_modern/resume_modern_0359.png,resume_modern_0359.png,resume,real,modern,e288750d2da8,test
resume/resume_modern/resume_modern_0366.png,resume_modern_0366.png,resume,real,modern,d5c30b8e6442,test
resume/resume_modern/resume_modern_0368.png,resume_modern_0368.png,resume,real,modern,88414c5a9585,test
resume/resume_modern/resume_modern_0374.png,resume_modern_0374.png,resume,real,modern,49fde7f772cb,test
resume/resume_modern/resume_modern_0383.png,resume_modern_0383.png,resume,real,modern,34bf67989d54,test
resume/resume_modern/resume_modern_0389.png,resume_modern_0389.png,resume,real,modern,0f3504098ce0,test
resume/resume_modern/resume_modern_0400.png,resume_modern_0400.png,resume,real,modern,860bc89612f6,test
resume/resume_modern/resume_modern_0423.png,resume_modern_0423.png,resume,real,modern,23930a9be479,test
resume/resume_modern/resume_modern_0426.png,resume_modern_0426.png,resume,real,modern,cdeeca80ba89,test
resume/resume_modern/resume_modern_0429.png,resume_modern_0429.png,resume,real,modern,27b5596ee2df,test
resume/resume_modern/resume_modern_0446.png,resume_modern_0446.png,resume,real,modern,c142938f12d9,test
resume/resume_modern/resume_modern_0448.png,resume_modern_0448.png,resume,real,modern,b7cd6c8bfd57,test
resume/resume_0002.jpg,resume_0002.jpg,resume,real,original,47330a9c8061,train
resume/resume_0003.jpg,resume_0003.jpg,resume,real,original,0c340eab7f45,train
resume/resume_0006.jpg,resume_0006.jpg,resume,real,original,cd6719c28b75,train
resume/resume_0007.jpg,resume_0007.jpg,resume,real,original,a2a947282c1c,train
resume/resume_0008.jpg,resume_0008.jpg,resume,real,original,a0640328dd4c,train
resume/resume_0010.jpg,resume_0010.jpg,resume,real,original,6a10583c5440,train
resume/resume_0011.jpg,resume_0011.jpg,resume,real,original,5c74b652cfd3,train
resume/resume_0013.jpg,resume_0013.jpg,resume,real,original,3852e3c45572,train
resume/resume_0014.jpg,resume_0014.jpg,resume,real,original,2fcdd1726704,train
resume/resume_0015.jpg,resume_0015.jpg,resume,real,original,3d0e9ac7f455,train
resume/resume_0016.jpg,resume_0016.jpg,resume,real,original,341f3982ab40,train
resume/resume_0018.jpg,resume_0018.jpg,resume,real,original,c44e58958cd0,train
resume/resume_0019.jpg,resume_0019.jpg,resume,real,original,740366e22688,train
resume/resume_0020.jpg,resume_0020.jpg,resume,real,original,40fb112b2134,train
resume/resume_0021.jpg,resume_0021.jpg,resume,real,original,cebe0f8cba8c,train
resume/resume_0022.jpg,resume_0022.jpg,resume,real,original,d8902138380c,train
resume/resume_0023.jpg,resume_0023.jpg,resume,real,original,38be93106ad3,train
resume/resume_0024.jpg,resume_0024.jpg,resume,real,original,94d46657c1e1,train
resume/resume_0025.jpg,resume_0025.jpg,resume,real,original,5c4fcff28c11,train
resume/resume_0026.jpg,resume_0026.jpg,resume,real,original,17602b2ce97b,train
resume/resume_0028.jpg,resume_0028.jpg,resume,real,original,2a455dd9adff,train
resume/resume_0029.jpg,resume_0029.jpg,resume,real,original,50712a8b1448,train
resume/resume_0030.jpg,resume_0030.jpg,resume,real,original,4591fad86538,train
resume/resume_0031.jpg,resume_0031.jpg,resume,real,original,50d74b1d1426,train
resume/resume_0032.jpg,resume_0032.jpg,resume,real,original,c4243c802ddb,train
resume/resume_0033.jpg,resume_0033.jpg,resume,real,original,fd945fcd08c3,train
resume/resume_0034.jpg,resume_0034.jpg,resume,real,original,e41b8a36d497,train
resume/resume_0035.jpg,resume_0035.jpg,resume,real,original,7350aa4c9b08,train
resume/resume_0036.jpg,resume_0036.jpg,resume,real,original,d5c6b3018e69,train
resume/resume_0038.jpg,resume_0038.jpg,resume,real,original,64e73381a365,train
resume/resume_0039.jpg,resume_0039.jpg,resume,real,original,81328ae9ef58,train
resume/resume_0040.jpg,resume_0040.jpg,resume,real,original,c670f53a9912,train
resume/resume_0042.jpg,resume_0042.jpg,resume,real,original,acd45ac85ab4,train
resume/resume_0044.jpg,resume_0044.jpg,resume,real,original,2c1833eef044,train
resume/resume_0045.jpg,resume_0045.jpg,resume,real,original,722c164a1906,train
resume/resume_0046.jpg,resume_0046.jpg,resume,real,original,9e2f1a0d6dfd,train
resume/resume_0048.jpg,resume_0048.jpg,resume,real,original,86938f89c459,train
resume/resume_0049.jpg,resume_0049.jpg,resume,real,original,3a1ffaabc38e,train
resume/resume_0050.jpg,resume_0050.jpg,resume,real,original,8fd6b454176c,train
resume/resume_0051.jpg,resume_0051.jpg,resume,real,original,19ca60760200,train
resume/resume_0053.jpg,resume_0053.jpg,resume,real,original,3df2250eb5a9,train
resume/resume_0054.jpg,resume_0054.jpg,resume,real,original,5d975f3fc3a9,train
resume/resume_0055.jpg,resume_0055.jpg,resume,real,original,ac1e263f18e0,train
resume/resume_0056.jpg,resume_0056.jpg,resume,real,original,d0e9d4d84a92,train
resume/resume_0058.jpg,resume_0058.jpg,resume,real,original,652590d5ba8a,train
resume/resume_0059.jpg,resume_0059.jpg,resume,real,original,58f88de99b31,train
resume/resume_0060.jpg,resume_0060.jpg,resume,real,original,451c0f4e5f1f,train
resume/resume_0061.jpg,resume_0061.jpg,resume,real,original,f1b548478e45,train
resume/resume_0063.jpg,resume_0063.jpg,resume,real,original,5738ee53d6ee,train
resume/resume_0064.jpg,resume_0064.jpg,resume,real,original,9da826d8589a,train
resume/resume_0065.jpg,resume_0065.jpg,resume,real,original,309c04b33810,train
resume/resume_0066.jpg,resume_0066.jpg,resume,real,original,6636a35d6823,train
resume/resume_0067.jpg,resume_0067.jpg,resume,real,original,ecc752eaa0b8,train
resume/resume_0068.jpg,resume_0068.jpg,resume,real,original,fd82aabb1d0d,train
resume/resume_0069.jpg,resume_0069.jpg,resume,real,original,6f4cfdd04c61,train
resume/resume_0070.jpg,resume_0070.jpg,resume,real,original,40a34daaac32,train
resume/resume_0073.jpg,resume_0073.jpg,resume,real,original,4bb1ba63768c,train
resume/resume_0074.jpg,resume_0074.jpg,resume,real,original,891781dc768a,train
resume/resume_0076.jpg,resume_0076.jpg,resume,real,original,ce2911501bda,train
resume/resume_0077.jpg,resume_0077.jpg,resume,real,original,db25bb75bd97,train
resume/resume_0078.jpg,resume_0078.jpg,resume,real,original,f9f44782ddb8,train
resume/resume_0079.jpg,resume_0079.jpg,resume,real,original,4fdbe1bd2c0f,train
resume/resume_0080.jpg,resume_0080.jpg,resume,real,original,869759a3fc1c,train
resume/resume_0081.jpg,resume_0081.jpg,resume,real,original,7917f15e5fb0,train
resume/resume_0083.jpg,resume_0083.jpg,resume,real,original,7f39c6065d9f,train
resume/resume_0084.jpg,resume_0084.jpg,resume,real,original,94df3fe4d511,train
resume/resume_0085.jpg,resume_0085.jpg,resume,real,original,0da078f03734,train
resume/resume_0087.jpg,resume_0087.jpg,resume,real,original,e77733622882,train
resume/resume_0088.jpg,resume_0088.jpg,resume,real,original,8b3bd55a62d3,train
resume/resume_0089.jpg,resume_0089.jpg,resume,real,original,552f2478c660,train
resume/resume_0090.jpg,resume_0090.jpg,resume,real,original,f87e59dc10fa,train
resume/resume_0091.jpg,resume_0091.jpg,resume,real,original,2a9aa62e4b83,train
resume/resume_0092.jpg,resume_0092.jpg,resume,real,original,89c27a0a6431,train
resume/resume_0094.jpg,resume_0094.jpg,resume,real,original,2ebce7ea5da3,train
resume/resume_0095.jpg,resume_0095.jpg,resume,real,original,2f47ea727b66,train
resume/resume_0096.jpg,resume_0096.jpg,resume,real,original,0a83b40c86cd,train
resume/resume_0098.jpg,resume_0098.jpg,resume,real,original,670aa47b50d7,train
resume/resume_0099.jpg,resume_0099.jpg,resume,real,original,09e3346628dd,train
resume/resume_0100.jpg,resume_0100.jpg,resume,real,original,fb55ffa77f05,train
resume/resume_0101.jpg,resume_0101.jpg,resume,real,original,1ce33dcddbb2,train
resume/resume_0102.jpg,resume_0102.jpg,resume,real,original,d5c0edce551b,train
resume/resume_0105.jpg,resume_0105.jpg,resume,real,original,60c92f8233d5,train
resume/resume_0107.jpg,resume_0107.jpg,resume,real,original,c92c842d1ace,train
resume/resume_0109.jpg,resume_0109.jpg,resume,real,original,815a58a6fea8,train
resume/resume_0111.jpg,resume_0111.jpg,resume,real,original,77c34ff7f445,train
resume/resume_0113.jpg,resume_0113.jpg,resume,real,original,47f654c0b7f9,train
resume/resume_0115.jpg,resume_0115.jpg,resume,real,original,0316829e22c6,train
resume/resume_0116.jpg,resume_0116.jpg,resume,real,original,6a022f9bc20e,train
resume/resume_0117.jpg,resume_0117.jpg,resume,real,original,9822ed22093a,train
resume/resume_0120.jpg,resume_0120.jpg,resume,real,original,4280fb560a1a,train
resume/resume_0121.jpg,resume_0121.jpg,resume,real,original,32e9cb911d22,train
resume/resume_0122.jpg,resume_0122.jpg,resume,real,original,6ffe199d7baa,train
resume/resume_0123.jpg,resume_0123.jpg,resume,real,original,188d37209a8f,train
resume/resume_0124.jpg,resume_0124.jpg,resume,real,original,b3930d9188c2,train
resume/resume_0125.jpg,resume_0125.jpg,resume,real,original,a659ac43ef00,train
resume/resume_0127.jpg,resume_0127.jpg,resume,real,original,4be0b8cea060,train
resume/resume_0129.jpg,resume_0129.jpg,resume,real,original,aa9cf8143a9d,train
resume/resume_0130.jpg,resume_0130.jpg,resume,real,original,9fef7f47a2fc,train
resume/resume_0132.jpg,resume_0132.jpg,resume,real,original,4ec9c0fc9398,train
resume/resume_0133.jpg,resume_0133.jpg,resume,real,original,65e2d151802d,train
resume/resume_0134.jpg,resume_0134.jpg,resume,real,original,d69b6c5f5ab3,train
resume/resume_0135.jpg,resume_0135.jpg,resume,real,original,96ac01c76041,train
resume/resume_0137.jpg,resume_0137.jpg,resume,real,original,9751deabee88,train
resume/resume_0140.jpg,resume_0140.jpg,resume,real,original,70687c2ded35,train
resume/resume_0141.jpg,resume_0141.jpg,resume,real,original,7b9330e018eb,train
resume/resume_0143.jpg,resume_0143.jpg,resume,real,original,ddbea35c2051,train
resume/resume_0144.jpg,resume_0144.jpg,resume,real,original,bdbbbfeb8b8a,train
resume/resume_0145.jpg,resume_0145.jpg,resume,real,original,7409eaf36698,train
resume/resume_0147.jpg,resume_0147.jpg,resume,real,original,a69b5ddcbcf5,train
resume/resume_0149.jpg,resume_0149.jpg,resume,real,original,f29316335549,train
resume/resume_0150.jpg,resume_0150.jpg,resume,real,original,9dd75bf1cd7f,train
resume/resume_0152.jpg,resume_0152.jpg,resume,real,original,eb593b6425c9,train
resume/resume_0153.jpg,resume_0153.jpg,resume,real,original,0313e981a94a,train
resume/resume_0154.jpg,resume_0154.jpg,resume,real,original,6a11ee183249,train
resume/resume_0156.jpg,resume_0156.jpg,resume,real,original,667f27f5f2c9,train
resume/resume_0157.jpg,resume_0157.jpg,resume,real,original,49c285f0120f,train
resume/resume_0158.jpg,resume_0158.jpg,resume,real,original,dae223c8d7b7,train
resume/resume_0159.jpg,resume_0159.jpg,resume,real,original,e5b45d3ba444,train
resume/resume_0160.jpg,resume_0160.jpg,resume,real,original,8b1ee8c380bb,train
resume/resume_0163.jpg,resume_0163.jpg,resume,real,original,918e1b4b4bea,train
resume/resume_0164.jpg,resume_0164.jpg,resume,real,original,d3f3db0b3cd9,train
resume/resume_0165.jpg,resume_0165.jpg,resume,real,original,12e94b340ba2,train
resume/resume_0166.jpg,resume_0166.jpg,resume,real,original,fde0483f22bf,train
resume/resume_0167.jpg,resume_0167.jpg,resume,real,original,637da499ac44,train
resume/resume_0168.jpg,resume_0168.jpg,resume,real,original,7f15cf74f676,train
resume/resume_0169.jpg,resume_0169.jpg,resume,real,original,e60a9727bd0d,train
resume/resume_0171.jpg,resume_0171.jpg,resume,real,original,eff74959c0fd,train
resume/resume_0172.jpg,resume_0172.jpg,resume,real,original,82a0df4ac402,train
resume/resume_0173.jpg,resume_0173.jpg,resume,real,original,293712cf10fa,train
resume/resume_0174.jpg,resume_0174.jpg,resume,real,original,af0d24fa55f6,train
resume/resume_0175.jpg,resume_0175.jpg,resume,real,original,7c0695c7d391,train
resume/resume_0177.jpg,resume_0177.jpg,resume,real,original,6602e6b58ca4,train
resume/resume_0178.jpg,resume_0178.jpg,resume,real,original,1eb4cc96cbb0,train
resume/resume_0180.jpg,resume_0180.jpg,resume,real,original,5165b973cbaa,train
resume/resume_0181.jpg,resume_0181.jpg,resume,real,original,4bc3dfa4c5cb,train
resume/resume_0188.jpg,resume_0188.jpg,resume,real,original,b7fb65d1d3c4,train
resume/resume_0192.jpg,resume_0192.jpg,resume,real,original,112cbe471551,train
resume/resume_0193.jpg,resume_0193.jpg,resume,real,original,89de6037d66b,train
resume/resume_0195.jpg,resume_0195.jpg,resume,real,original,78c8141784c4,train
resume/resume_0196.jpg,resume_0196.jpg,resume,real,original,852e390e3705,train
resume/resume_0197.jpg,resume_0197.jpg,resume,real,original,b2eb05ee3801,train
resume/resume_0198.jpg,resume_0198.jpg,resume,real,original,09b410be64cf,train
resume/resume_0199.jpg,resume_0199.jpg,resume,real,original,35cf68c0f635,train
resume/resume_0201.jpg,resume_0201.jpg,resume,real,original,ac53cf1969b5,train
resume/resume_0202.jpg,resume_0202.jpg,resume,real,original,d241d81f6518,train
resume/resume_0203.jpg,resume_0203.jpg,resume,real,original,83cfe8423ce9,train
resume/resume_0204.jpg,resume_0204.jpg,resume,real,original,9360f72fbade,train
resume/resume_0206.jpg,resume_0206.jpg,resume,real,original,2ea1518993d6,train
resume/resume_0207.jpg,resume_0207.jpg,resume,real,original,fb8f1cc28284,train
resume/resume_0208.jpg,resume_0208.jpg,resume,real,original,bf6bff3ba979,train
resume/resume_0211.jpg,resume_0211.jpg,resume,real,original,74e34bdd1f16,train
resume/resume_0212.jpg,resume_0212.jpg,resume,real,original,41766d79568b,train
resume/resume_0213.jpg,resume_0213.jpg,resume,real,original,1e89caf52e55,train
resume/resume_0214.jpg,resume_0214.jpg,resume,real,original,1a08a014c0c5,train
resume/resume_0215.jpg,resume_0215.jpg,resume,real,original,d680858e7e9d,train
resume/resume_0216.jpg,resume_0216.jpg,resume,real,original,1a1ff0d3e9f2,train
resume/resume_0218.jpg,resume_0218.jpg,resume,real,original,7f1c18c6c9ce,train
resume/resume_0220.jpg,resume_0220.jpg,resume,real,original,c8e0c6eb1163,train
resume/resume_0221.jpg,resume_0221.jpg,resume,real,original,079bb4c6de7a,train
resume/resume_0222.jpg,resume_0222.jpg,resume,real,original,859ecca6df56,train
resume/resume_0224.jpg,resume_0224.jpg,resume,real,original,1fac5fc13c37,train
resume/resume_0225.jpg,resume_0225.jpg,resume,real,original,305c85f1c66e,train
resume/resume_0229.jpg,resume_0229.jpg,resume,real,original,a768798ff783,train
resume/resume_0230.jpg,resume_0230.jpg,resume,real,original,dfcf1dd70ec3,train
resume/resume_0233.jpg,resume_0233.jpg,resume,real,original,0f8ac7f4f3fc,train
resume/resume_0234.jpg,resume_0234.jpg,resume,real,original,46b55805e05c,train
resume/resume_0235.jpg,resume_0235.jpg,resume,real,original,908932eb4810,train
resume/resume_0238.jpg,resume_0238.jpg,resume,real,original,fcc220981259,train
resume/resume_0239.jpg,resume_0239.jpg,resume,real,original,cc044feefa46,train
resume/resume_0240.jpg,resume_0240.jpg,resume,real,original,1295a74d7b25,train
resume/resume_0241.jpg,resume_0241.jpg,resume,real,original,d175ec2dadd7,train
resume/resume_0242.jpg,resume_0242.jpg,resume,real,original,b28bc47d12c6,train
resume/resume_0244.jpg,resume_0244.jpg,resume,real,original,f005a0f17f39,train
resume/resume_0247.jpg,resume_0247.jpg,resume,real,original,dc9db352c011,train
resume/resume_0248.jpg,resume_0248.jpg,resume,real,original,ced998e97bc4,train
resume/resume_0250.jpg,resume_0250.jpg,resume,real,original,b9e2bd10cbbc,train
resume/resume_0252.jpg,resume_0252.jpg,resume,real,original,feec5021a519,train
resume/resume_0253.jpg,resume_0253.jpg,resume,real,original,ec4b859c6a8a,train
resume/resume_0255.jpg,resume_0255.jpg,resume,real,original,4e18d8e2f24c,train
resume/resume_0256.jpg,resume_0256.jpg,resume,real,original,a80d87296b6d,train
resume/resume_0257.jpg,resume_0257.jpg,resume,real,original,d8cd255dfdf7,train
resume/resume_0258.jpg,resume_0258.jpg,resume,real,original,aa53c2f35ef4,train
resume/resume_0259.jpg,resume_0259.jpg,resume,real,original,1cd37611f780,train
resume/resume_0260.jpg,resume_0260.jpg,resume,real,original,840dea3bfcc9,train
resume/resume_0261.jpg,resume_0261.jpg,resume,real,original,ac7ba4a149b1,train
resume/resume_0262.jpg,resume_0262.jpg,resume,real,original,9c9d077d2a41,train
resume/resume_0263.jpg,resume_0263.jpg,resume,real,original,fd81b573eb02,train
resume/resume_0265.jpg,resume_0265.jpg,resume,real,original,c9b517993e2f,train
resume/resume_0266.jpg,resume_0266.jpg,resume,real,original,9891f4d93efa,train
resume/resume_0273.jpg,resume_0273.jpg,resume,real,original,c14adf5be4a2,train
resume/resume_0274.jpg,resume_0274.jpg,resume,real,original,9487b4df5a73,train
resume/resume_0276.jpg,resume_0276.jpg,resume,real,original,ea0b12650b68,train
resume/resume_0277.jpg,resume_0277.jpg,resume,real,original,ec3b9cc758ca,train
resume/resume_0279.jpg,resume_0279.jpg,resume,real,original,7f24c4cf00cc,train
resume/resume_0280.jpg,resume_0280.jpg,resume,real,original,ad52afd26163,train
resume/resume_0283.jpg,resume_0283.jpg,resume,real,original,bbd5c3c4cdda,train
resume/resume_0284.jpg,resume_0284.jpg,resume,real,original,ba28b88d5940,train
resume/resume_0288.jpg,resume_0288.jpg,resume,real,original,6a8c2876e22c,train
resume/resume_0289.jpg,resume_0289.jpg,resume,real,original,bda801eb63b7,train
resume/resume_0290.jpg,resume_0290.jpg,resume,real,original,919eaea3fe1d,train
resume/resume_0291.jpg,resume_0291.jpg,resume,real,original,65979b6ff688,train
resume/resume_0293.jpg,resume_0293.jpg,resume,real,original,f66edd87b615,train
resume/resume_0294.jpg,resume_0294.jpg,resume,real,original,a6e585405e2c,train
resume/resume_0295.jpg,resume_0295.jpg,resume,real,original,ebecb884d4e2,train
resume/resume_0296.jpg,resume_0296.jpg,resume,real,original,6663675e765b,train
resume/resume_0297.jpg,resume_0297.jpg,resume,real,original,81418c8cf46e,train
resume/resume_0299.jpg,resume_0299.jpg,resume,real,original,796cc48451a5,train
resume/resume_0300.jpg,resume_0300.jpg,resume,real,original,bc51da0024ef,train
resume/resume_0301.jpg,resume_0301.jpg,resume,real,original,e4ea1e98b21c,train
resume/resume_0302.jpg,resume_0302.jpg,resume,real,original,c364bd2f5c82,train
resume/resume_0303.jpg,resume_0303.jpg,resume,real,original,78fa081abafc,train
resume/resume_0304.jpg,resume_0304.jpg,resume,real,original,4c8ba5a7f638,train
resume/resume_0305.jpg,resume_0305.jpg,resume,real,original,55f20021372d,train
resume/resume_0306.jpg,resume_0306.jpg,resume,real,original,496f2ac5bfd4,train
resume/resume_0308.jpg,resume_0308.jpg,resume,real,original,8576e03260da,train
resume/resume_0310.jpg,resume_0310.jpg,resume,real,original,fd614098b4b2,train
resume/resume_0311.jpg,resume_0311.jpg,resume,real,original,92e4ec741d26,train
resume/resume_0312.jpg,resume_0312.jpg,resume,real,original,71acaa25e236,train
resume/resume_0313.jpg,resume_0313.jpg,resume,real,original,033327cb4bd6,train
resume/resume_0315.jpg,resume_0315.jpg,resume,real,original,31e7c556c14a,train
resume/resume_0316.jpg,resume_0316.jpg,resume,real,original,ee940e17cab2,train
resume/resume_0317.jpg,resume_0317.jpg,resume,real,original,c8b18037fa0a,train
resume/resume_0318.jpg,resume_0318.jpg,resume,real,original,8ca286abc297,train
resume/resume_0319.jpg,resume_0319.jpg,resume,real,original,472d090cc0e6,train
resume/resume_0321.jpg,resume_0321.jpg,resume,real,original,627c351bb152,train
resume/resume_0322.jpg,resume_0322.jpg,resume,real,original,7126f18406b5,train
resume/resume_0323.jpg,resume_0323.jpg,resume,real,original,e284fbe23f18,train
resume/resume_0324.jpg,resume_0324.jpg,resume,real,original,e01bba21e82b,train
resume/resume_0325.jpg,resume_0325.jpg,resume,real,original,ba1b4cadfd03,train
resume/resume_0328.jpg,resume_0328.jpg,resume,real,original,847abb7c0d6b,train
resume/resume_0329.jpg,resume_0329.jpg,resume,real,original,95b05e20052c,train
resume/resume_0330.jpg,resume_0330.jpg,resume,real,original,4b84e6eba2e2,train
resume/resume_0331.jpg,resume_0331.jpg,resume,real,original,27194164373b,train
resume/resume_0332.jpg,resume_0332.jpg,resume,real,original,4bf2558d12e5,train
resume/resume_0333.jpg,resume_0333.jpg,resume,real,original,e403ef7a7a7a,train
resume/resume_0334.jpg,resume_0334.jpg,resume,real,original,0c6386783e48,train
resume/resume_0335.jpg,resume_0335.jpg,resume,real,original,3348841f5275,train
resume/resume_0338.jpg,resume_0338.jpg,resume,real,original,c7ce98bdc575,train
resume/resume_0339.jpg,resume_0339.jpg,resume,real,original,e1f1b17a9557,train
resume/resume_0340.jpg,resume_0340.jpg,resume,real,original,91f774bf7626,train
resume/resume_0342.jpg,resume_0342.jpg,resume,real,original,3b0f50603f53,train
resume/resume_0343.jpg,resume_0343.jpg,resume,real,original,3c46de2bc562,train
resume/resume_0345.jpg,resume_0345.jpg,resume,real,original,f83ee75d48b9,train
resume/resume_0346.jpg,resume_0346.jpg,resume,real,original,3c55830317b0,train
resume/resume_0347.jpg,resume_0347.jpg,resume,real,original,5a588c068e82,train
resume/resume_0349.jpg,resume_0349.jpg,resume,real,original,5acaad70d022,train
resume/resume_0351.jpg,resume_0351.jpg,resume,real,original,d7c7c2cd6e09,train
resume/resume_0352.jpg,resume_0352.jpg,resume,real,original,da0164d3e349,train
resume/resume_0353.jpg,resume_0353.jpg,resume,real,original,d1d55c49d086,train
resume/resume_0355.jpg,resume_0355.jpg,resume,real,original,728f9877c421,train
resume/resume_0356.jpg,resume_0356.jpg,resume,real,original,258e60ee66f1,train
resume/resume_0357.jpg,resume_0357.jpg,resume,real,original,ed90e51cf596,train
resume/resume_0358.jpg,resume_0358.jpg,resume,real,original,8fb2b9e6e706,train
resume/resume_0360.jpg,resume_0360.jpg,resume,real,original,862b2921e26c,train
resume/resume_0361.jpg,resume_0361.jpg,resume,real,original,19dbbbc46786,train
resume/resume_0362.jpg,resume_0362.jpg,resume,real,original,9df106871d85,train
resume/resume_0364.jpg,resume_0364.jpg,resume,real,original,166db0e95a88,train
resume/resume_0365.jpg,resume_0365.jpg,resume,real,original,d9d032757a61,train
resume/resume_0368.jpg,resume_0368.jpg,resume,real,original,c1ade1f4bd02,train
resume/resume_0371.jpg,resume_0371.jpg,resume,real,original,577e10157e5a,train
resume/resume_0372.jpg,resume_0372.jpg,resume,real,original,e5755263a807,train
resume/resume_0373.jpg,resume_0373.jpg,resume,real,original,0e714c830990,train
resume/resume_0375.jpg,resume_0375.jpg,resume,real,original,294231a2c2e8,train
resume/resume_0376.jpg,resume_0376.jpg,resume,real,original,344f22acacc8,train
resume/resume_0378.jpg,resume_0378.jpg,resume,real,original,0c8ea5044db2,train
resume/resume_0379.jpg,resume_0379.jpg,resume,real,original,be7ccab2a27c,train
resume/resume_0380.jpg,resume_0380.jpg,resume,real,original,7be8e8d89962,train
resume/resume_0381.jpg,resume_0381.jpg,resume,real,original,5cd73cbdd139,train
resume/resume_0384.jpg,resume_0384.jpg,resume,real,original,818774bbfb84,train
resume/resume_0385.jpg,resume_0385.jpg,resume,real,original,1a452c085f53,train
resume/resume_0388.jpg,resume_0388.jpg,resume,real,original,79d6646407d9,train
resume/resume_0390.jpg,resume_0390.jpg,resume,real,original,b9e196bb1d26,train
resume/resume_0391.jpg,resume_0391.jpg,resume,real,original,1fef1eaf40f0,train
resume/resume_0392.jpg,resume_0392.jpg,resume,real,original,539d8ba4405b,train
resume/resume_0393.jpg,resume_0393.jpg,resume,real,original,e7aa8cb6e119,train
resume/resume_0394.jpg,resume_0394.jpg,resume,real,original,3c957a1c4957,train
resume/resume_0395.jpg,resume_0395.jpg,resume,real,original,dd09519c6ffa,train
resume/resume_0396.jpg,resume_0396.jpg,resume,real,original,e496816a1bf3,train
resume/resume_0397.jpg,resume_0397.jpg,resume,real,original,3a30dab6bed0,train
resume/resume_0398.jpg,resume_0398.jpg,resume,real,original,e2329cc00f14,train
resume/resume_0399.jpg,resume_0399.jpg,resume,real,original,34a038629106,train
resume/resume_0400.jpg,resume_0400.jpg,resume,real,original,79db9ae78ebf,train
resume/resume_0401.jpg,resume_0401.jpg,resume,real,original,7a7d0df061c0,train
resume/resume_0402.jpg,resume_0402.jpg,resume,real,original,bf0e1e0c0711,train
resume/resume_0403.jpg,resume_0403.jpg,resume,real,original,13fd2caa466f,train
resume/resume_0404.jpg,resume_0404.jpg,resume,real,original,b77d7e71a8a1,train
resume/resume_0407.jpg,resume_0407.jpg,resume,real,original,830f35702c8b,train
resume/resume_0408.jpg,resume_0408.jpg,resume,real,original,54bfa1341d8a,train
resume/resume_0409.jpg,resume_0409.jpg,resume,real,original,e6ddb4476551,train
resume/resume_0410.jpg,resume_0410.jpg,resume,real,original,b2325567caac,train
resume/resume_0412.jpg,resume_0412.jpg,resume,real,original,63d6a73883ea,train
resume/resume_0413.jpg,resume_0413.jpg,resume,real,original,5d5f103ac0ed,train
resume/resume_0414.jpg,resume_0414.jpg,resume,real,original,b6ad2eb9df7f,train
resume/resume_0417.jpg,resume_0417.jpg,resume,real,original,ff498abda675,train
resume/resume_0418.jpg,resume_0418.jpg,resume,real,original,b6e31c6c2f3e,train
resume/resume_0419.jpg,resume_0419.jpg,resume,real,original,3a814d22e735,train
resume/resume_0420.jpg,resume_0420.jpg,resume,real,original,ebd53028dc24,train
resume/resume_0422.jpg,resume_0422.jpg,resume,real,original,b2dbdc375955,train
resume/resume_0424.jpg,resume_0424.jpg,resume,real,original,b0d87d20609b,train
resume/resume_0425.jpg,resume_0425.jpg,resume,real,original,73f4a83b706f,train
resume/resume_0426.jpg,resume_0426.jpg,resume,real,original,1f741289ab01,train
resume/resume_0428.jpg,resume_0428.jpg,resume,real,original,63a784cd7d74,train
resume/resume_0429.jpg,resume_0429.jpg,resume,real,original,1b6cde96b9bb,train
resume/resume_0430.jpg,resume_0430.jpg,resume,real,original,aff2395fbe0f,train
resume/resume_0431.jpg,resume_0431.jpg,resume,real,original,d8eabf2e471d,train
resume/resume_0434.jpg,resume_0434.jpg,resume,real,original,7712907de13a,train
resume/resume_0435.jpg,resume_0435.jpg,resume,real,original,b758adc2b18a,train
resume/resume_0436.jpg,resume_0436.jpg,resume,real,original,e9b895997f6a,train
resume/resume_0437.jpg,resume_0437.jpg,resume,real,original,d67ed880f0ee,train
resume/resume_0439.jpg,resume_0439.jpg,resume,real,original,313b533dfb31,train
resume/resume_0440.jpg,resume_0440.jpg,resume,real,original,c42d6a223596,train
resume/resume_0441.jpg,resume_0441.jpg,resume,real,original,48b95d4589e4,train
resume/resume_0442.jpg,resume_0442.jpg,resume,real,original,8619f938a692,train
resume/resume_0444.jpg,resume_0444.jpg,resume,real,original,58e32d1ed41b,train
resume/resume_0445.jpg,resume_0445.jpg,resume,real,original,073bddc944f1,train
resume/resume_0447.jpg,resume_0447.jpg,resume,real,original,01a9bf000c6f,train
resume/resume_0448.jpg,resume_0448.jpg,resume,real,original,32639d79309d,train
resume/resume_0451.jpg,resume_0451.jpg,resume,real,original,485cb7ae37f9,train
resume/resume_0452.jpg,resume_0452.jpg,resume,real,original,1b8b33963535,train
resume/resume_0453.jpg,resume_0453.jpg,resume,real,original,596ca77078e6,train
resume/resume_0454.jpg,resume_0454.jpg,resume,real,original,a169eed3eda1,train
resume/resume_0455.jpg,resume_0455.jpg,resume,real,original,939b4c979e9c,train
resume/resume_0456.jpg,resume_0456.jpg,resume,real,original,c1cb566d1bbe,train
resume/resume_0457.jpg,resume_0457.jpg,resume,real,original,3917609f7a8d,train
resume/resume_0458.jpg,resume_0458.jpg,resume,real,original,6c88d5eeb28d,train
resume/resume_0460.jpg,resume_0460.jpg,resume,real,original,113a4b7a4671,train
resume/resume_0461.jpg,resume_0461.jpg,resume,real,original,142f1f2512db,train
resume/resume_0462.jpg,resume_0462.jpg,resume,real,original,06ed7087f9e2,train
resume/resume_0464.jpg,resume_0464.jpg,resume,real,original,217bfd90d7d7,train
resume/resume_0465.jpg,resume_0465.jpg,resume,real,original,c02f739ae612,train
resume/resume_0467.jpg,resume_0467.jpg,resume,real,original,5efd6d132024,train
resume/resume_0468.jpg,resume_0468.jpg,resume,real,original,994522dd9ffa,train
resume/resume_0469.jpg,resume_0469.jpg,resume,real,original,b37ff31e8b1f,train
resume/resume_0474.jpg,resume_0474.jpg,resume,real,original,d688bd689364,train
resume/resume_0475.jpg,resume_0475.jpg,resume,real,original,7000ef663ad5,train
resume/resume_0476.jpg,resume_0476.jpg,resume,real,original,f0ed652c480e,train
resume/resume_0477.jpg,resume_0477.jpg,resume,real,original,b1de2ae43c76,train
resume/resume_0479.jpg,resume_0479.jpg,resume,real,original,bd12c63fd08a,train
resume/resume_0481.jpg,resume_0481.jpg,resume,real,original,9c7150246a25,train
resume/resume_0482.jpg,resume_0482.jpg,resume,real,original,b7bd48cf66cb,train
resume/resume_0483.jpg,resume_0483.jpg,resume,real,original,29f44d84388f,train
resume/resume_0484.jpg,resume_0484.jpg,resume,real,original,9804d9f31777,train
resume/resume_0488.jpg,resume_0488.jpg,resume,real,original,ba164220abd8,train
resume/resume_0489.jpg,resume_0489.jpg,resume,real,original,f7863f85f478,train
resume/resume_0490.jpg,resume_0490.jpg,resume,real,original,ecc600945176,train
resume/resume_0494.jpg,resume_0494.jpg,resume,real,original,1c733f552f30,train
resume/resume_0495.jpg,resume_0495.jpg,resume,real,original,adb8b6571029,train
resume/resume_0500.jpg,resume_0500.jpg,resume,real,original,d3c1b8cdf4ec,train
resume/resume_0501.jpg,resume_0501.jpg,resume,real,original,20a021c456ad,train
resume/resume_0502.jpg,resume_0502.jpg,resume,real,original,d22d5ba29826,train
resume/resume_0503.jpg,resume_0503.jpg,resume,real,original,d437804103b4,train
resume/resume_0504.jpg,resume_0504.jpg,resume,real,original,2c659335d19d,train
resume/resume_0506.jpg,resume_0506.jpg,resume,real,original,bafde1bc30c5,train
resume/resume_0507.jpg,resume_0507.jpg,resume,real,original,498c30fd8b16,train
resume/resume_0508.jpg,resume_0508.jpg,resume,real,original,4567937a889b,train
resume/resume_0511.jpg,resume_0511.jpg,resume,real,original,d677b94f4263,train
resume/resume_0512.jpg,resume_0512.jpg,resume,real,original,bc4f7a888395,train
resume/resume_0513.jpg,resume_0513.jpg,resume,real,original,ddc8c616f485,train
resume/resume_0514.jpg,resume_0514.jpg,resume,real,original,273701a68cb4,train
resume/resume_0515.jpg,resume_0515.jpg,resume,real,original,3af0d296ce8f,train
resume/resume_0516.jpg,resume_0516.jpg,resume,real,original,7e824718dbde,train
resume/resume_0517.jpg,resume_0517.jpg,resume,real,original,80d1c5303ba8,train
resume/resume_0518.jpg,resume_0518.jpg,resume,real,original,1c44695d6f39,train
resume/resume_0519.jpg,resume_0519.jpg,resume,real,original,9da936cac9d7,train
resume/resume_0520.jpg,resume_0520.jpg,resume,real,original,f3e101dcce5d,train
resume/resume_0521.jpg,resume_0521.jpg,resume,real,original,c328cec627cc,train
resume/resume_0522.jpg,resume_0522.jpg,resume,real,original,83bb57257573,train
resume/resume_0523.jpg,resume_0523.jpg,resume,real,original,6d65270c9239,train
resume/resume_0525.jpg,resume_0525.jpg,resume,real,original,79de9f8dd0b7,train
resume/resume_0526.jpg,resume_0526.jpg,resume,real,original,2d53007bed5f,train
resume/resume_0527.jpg,resume_0527.jpg,resume,real,original,93b1c1b489e8,train
resume/resume_0528.jpg,resume_0528.jpg,resume,real,original,d2e28b6b90b7,train
resume/resume_0529.jpg,resume_0529.jpg,resume,real,original,4f34e5e91998,train
resume/resume_0530.jpg,resume_0530.jpg,resume,real,original,e86629d5836d,train
resume/resume_0531.jpg,resume_0531.jpg,resume,real,original,77ef51ab0b61,train
resume/resume_0532.jpg,resume_0532.jpg,resume,real,original,b6c9d84d01f6,train
resume/resume_0533.jpg,resume_0533.jpg,resume,real,original,66d9d7d00ad4,train
resume/resume_0534.jpg,resume_0534.jpg,resume,real,original,1e51042569a6,train
resume/resume_0535.jpg,resume_0535.jpg,resume,real,original,12e8c0691266,train
resume/resume_0537.jpg,resume_0537.jpg,resume,real,original,90a552234b19,train
resume/resume_0538.jpg,resume_0538.jpg,resume,real,original,24387f8837ad,train
resume/resume_0539.jpg,resume_0539.jpg,resume,real,original,381ddb389c3a,train
resume/resume_0540.jpg,resume_0540.jpg,resume,real,original,f73ae2d766fb,train
resume/resume_0541.jpg,resume_0541.jpg,resume,real,original,01b4a7ccbd0e,train
resume/resume_0542.jpg,resume_0542.jpg,resume,real,original,99805ed0c891,train
resume/resume_0544.jpg,resume_0544.jpg,resume,real,original,cf4a7c61f46e,train
resume/resume_0545.jpg,resume_0545.jpg,resume,real,original,aac89df16268,train
resume/resume_0546.jpg,resume_0546.jpg,resume,real,original,362dce27b1b1,train
resume/resume_0547.jpg,resume_0547.jpg,resume,real,original,1532d06a890f,train
resume/resume_0548.jpg,resume_0548.jpg,resume,real,original,7dd90e0b7f20,train
resume/resume_0551.jpg,resume_0551.jpg,resume,real,original,e092dd1eb935,train
resume/resume_0552.jpg,resume_0552.jpg,resume,real,original,d457afcff589,train
resume/resume_0553.jpg,resume_0553.jpg,resume,real,original,5e2cef9129cb,train
resume/resume_0554.jpg,resume_0554.jpg,resume,real,original,7f9c9fc9d19c,train
resume/resume_0557.jpg,resume_0557.jpg,resume,real,original,c2bb4dc70d86,train
resume/resume_0558.jpg,resume_0558.jpg,resume,real,original,a0e038d0e71b,train
resume/resume_0559.jpg,resume_0559.jpg,resume,real,original,43af05ea1158,train
resume/resume_0560.jpg,resume_0560.jpg,resume,real,original,bb5e1b05ab86,train
resume/resume_0561.jpg,resume_0561.jpg,resume,real,original,49481adbf4bf,train
resume/resume_0562.jpg,resume_0562.jpg,resume,real,original,90bf4a6f3759,train
resume/resume_0563.jpg,resume_0563.jpg,resume,real,original,bf9318f4e3f9,train
resume/resume_0565.jpg,resume_0565.jpg,resume,real,original,53df4cca8c4f,train
resume/resume_0568.jpg,resume_0568.jpg,resume,real,original,229a2e1ae13b,train
resume/resume_0570.jpg,resume_0570.jpg,resume,real,original,e8a0c4a2e4a2,train
resume/resume_0571.jpg,resume_0571.jpg,resume,real,original,cad9813a1da1,train
resume/resume_0572.jpg,resume_0572.jpg,resume,real,original,300ea378e4ad,train
resume/resume_0573.jpg,resume_0573.jpg,resume,real,original,a308342a9d7c,train
resume/resume_0574.jpg,resume_0574.jpg,resume,real,original,f61bfc4dd646,train
resume/resume_0575.jpg,resume_0575.jpg,resume,real,original,1717e22010a2,train
resume/resume_0576.jpg,resume_0576.jpg,resume,real,original,97d26cb7a56c,train
resume/resume_0577.jpg,resume_0577.jpg,resume,real,original,0376a6c01734,train
resume/resume_0580.jpg,resume_0580.jpg,resume,real,original,cdc179748423,train
resume/resume_0581.jpg,resume_0581.jpg,resume,real,original,12b85eb52347,train
resume/resume_0582.jpg,resume_0582.jpg,resume,real,original,4a61099e0c40,train
resume/resume_0583.jpg,resume_0583.jpg,resume,real,original,c21de8b1d8b0,train
resume/resume_0584.jpg,resume_0584.jpg,resume,real,original,70e9ddb1557f,train
resume/resume_0585.jpg,resume_0585.jpg,resume,real,original,8768e9242d92,train
resume/resume_0586.jpg,resume_0586.jpg,resume,real,original,40e6c5949ca0,train
resume/resume_0590.jpg,resume_0590.jpg,resume,real,original,f7ced1e7f0a7,train
resume/resume_0591.jpg,resume_0591.jpg,resume,real,original,983018bd0e9f,train
resume/resume_0592.jpg,resume_0592.jpg,resume,real,original,75fca6ee4d47,train
resume/resume_0593.jpg,resume_0593.jpg,resume,real,original,884121d90bf7,train
resume/resume_0594.jpg,resume_0594.jpg,resume,real,original,71b6eb67aac7,train
resume/resume_0596.jpg,resume_0596.jpg,resume,real,original,8301a9b95da6,train
resume/resume_0597.jpg,resume_0597.jpg,resume,real,original,0325a16d2df9,train
resume/resume_0598.jpg,resume_0598.jpg,resume,real,original,75f6d0af2586,train
resume/resume_0599.jpg,resume_0599.jpg,resume,real,original,4b27bd6e28a3,train
resume/resume_0600.jpg,resume_0600.jpg,resume,real,original,311f794414cc,train
resume/resume_0601.jpg,resume_0601.jpg,resume,real,original,26c78afaed9c,train
resume/resume_0602.jpg,resume_0602.jpg,resume,real,original,ef27f27dac51,train
resume/resume_0603.jpg,resume_0603.jpg,resume,real,original,784f763cbef3,train
resume/resume_0604.jpg,resume_0604.jpg,resume,real,original,d4e772ff20c7,train
resume/resume_0608.jpg,resume_0608.jpg,resume,real,original,f57be69135ea,train
resume/resume_0609.jpg,resume_0609.jpg,resume,real,original,549663bcfe1f,train
resume/resume_0611.jpg,resume_0611.jpg,resume,real,original,a2809b3fb528,train
resume/resume_0612.jpg,resume_0612.jpg,resume,real,original,fe2a3a5756fb,train
resume/resume_0615.jpg,resume_0615.jpg,resume,real,original,6813339e9fd8,train
resume/resume_0617.jpg,resume_0617.jpg,resume,real,original,7bb808cdd1c0,train
resume/resume_0618.jpg,resume_0618.jpg,resume,real,original,9af4ecfeefd0,train
resume/resume_0619.jpg,resume_0619.jpg,resume,real,original,1c43fe0237e8,train
resume/resume_0620.jpg,resume_0620.jpg,resume,real,original,9fad19ff74a9,train
resume/resume_0621.jpg,resume_0621.jpg,resume,real,original,0e71a22c70be,train
resume/resume_0622.jpg,resume_0622.jpg,resume,real,original,e4983095cff1,train
resume/resume_0624.jpg,resume_0624.jpg,resume,real,original,66b22027367d,train
resume/resume_0626.jpg,resume_0626.jpg,resume,real,original,b657e95b7653,train
resume/resume_0628.jpg,resume_0628.jpg,resume,real,original,a4ba07114425,train
resume/resume_0629.jpg,resume_0629.jpg,resume,real,original,fb31476037c0,train
resume/resume_0630.jpg,resume_0630.jpg,resume,real,original,ea85ed7c21a3,train
resume/resume_0631.jpg,resume_0631.jpg,resume,real,original,3cfc6332418c,train
resume/resume_0633.jpg,resume_0633.jpg,resume,real,original,0a822911ceab,train
resume/resume_0634.jpg,resume_0634.jpg,resume,real,original,1e6c644af6df,train
resume/resume_0635.jpg,resume_0635.jpg,resume,real,original,f51b0079c33a,train
resume/resume_0636.jpg,resume_0636.jpg,resume,real,original,73b2360f4ed7,train
resume/resume_0637.jpg,resume_0637.jpg,resume,real,original,61d3dfa43c50,train
resume/resume_0639.jpg,resume_0639.jpg,resume,real,original,29ee4ccfac4f,train
resume/resume_0641.jpg,resume_0641.jpg,resume,real,original,e33fd942165c,train
resume/resume_0643.jpg,resume_0643.jpg,resume,real,original,80bd66530096,train
resume/resume_0644.jpg,resume_0644.jpg,resume,real,original,e006aaae9820,train
resume/resume_0645.jpg,resume_0645.jpg,resume,real,original,0898b1b8a2ef,train
resume/resume_0646.jpg,resume_0646.jpg,resume,real,original,379110695a56,train
resume/resume_0647.jpg,resume_0647.jpg,resume,real,original,bd94e17f7ec8,train
resume/resume_0649.jpg,resume_0649.jpg,resume,real,original,46f2064c3d48,train
resume/resume_0650.jpg,resume_0650.jpg,resume,real,original,3c5de326abac,train
resume/resume_0651.jpg,resume_0651.jpg,resume,real,original,e8c55c24274c,train
resume/resume_0652.jpg,resume_0652.jpg,resume,real,original,a14d7418b50f,train
resume/resume_0653.jpg,resume_0653.jpg,resume,real,original,45cae2a8fc7c,train
resume/resume_0654.jpg,resume_0654.jpg,resume,real,original,077225f4fef4,train
resume/resume_0655.jpg,resume_0655.jpg,resume,real,original,a26bc732ab42,train
resume/resume_0656.jpg,resume_0656.jpg,resume,real,original,ca2b01f2768c,train
resume/resume_0658.jpg,resume_0658.jpg,resume,real,original,f88847cb0b11,train
resume/resume_0661.jpg,resume_0661.jpg,resume,real,original,bf2c7675a41c,train
resume/resume_0662.jpg,resume_0662.jpg,resume,real,original,3e6e017a7856,train
resume/resume_0663.jpg,resume_0663.jpg,resume,real,original,ec00ff2847a0,train
resume/resume_0664.jpg,resume_0664.jpg,resume,real,original,a201af8d0ef1,train
resume/resume_0665.jpg,resume_0665.jpg,resume,real,original,48af62ede831,train
resume/resume_0667.jpg,resume_0667.jpg,resume,real,original,6e99c4b3b95b,train
resume/resume_0668.jpg,resume_0668.jpg,resume,real,original,e183b950ccbe,train
resume/resume_0672.jpg,resume_0672.jpg,resume,real,original,14a53b351e4d,train
resume/resume_0673.jpg,resume_0673.jpg,resume,real,original,5df99c4975b2,train
resume/resume_0674.jpg,resume_0674.jpg,resume,real,original,2b40168f5d6b,train
resume/resume_0676.jpg,resume_0676.jpg,resume,real,original,3cfd80ae2f8f,train
resume/resume_0678.jpg,resume_0678.jpg,resume,real,original,82f5b07cf03f,train
resume/resume_0679.jpg,resume_0679.jpg,resume,real,original,0fbe381e11b7,train
resume/resume_0681.jpg,resume_0681.jpg,resume,real,original,ed12002ff8b1,train
resume/resume_0682.jpg,resume_0682.jpg,resume,real,original,5b725d632a8c,train
resume/resume_0683.jpg,resume_0683.jpg,resume,real,original,aa26c7f57510,train
resume/resume_0684.jpg,resume_0684.jpg,resume,real,original,cb40284711cc,train
resume/resume_0686.jpg,resume_0686.jpg,resume,real,original,c6bbf8f1c445,train
resume/resume_0687.jpg,resume_0687.jpg,resume,real,original,71f6cb5579e1,train
resume/resume_0688.jpg,resume_0688.jpg,resume,real,original,c861adfb2f73,train
resume/resume_0689.jpg,resume_0689.jpg,resume,real,original,d8013531fc64,train
resume/resume_0690.jpg,resume_0690.jpg,resume,real,original,6f00f334a711,train
resume/resume_0691.jpg,resume_0691.jpg,resume,real,original,ac443ab43fa2,train
resume/resume_0693.jpg,resume_0693.jpg,resume,real,original,a6dcc2d0fc95,train
resume/resume_0694.jpg,resume_0694.jpg,resume,real,original,136526cbee26,train
resume/resume_0695.jpg,resume_0695.jpg,resume,real,original,1126764bb16d,train
resume/resume_0696.jpg,resume_0696.jpg,resume,real,original,f6bfb905fa73,train
resume/resume_0697.jpg,resume_0697.jpg,resume,real,original,37a262bf6ec6,train
resume/resume_0699.jpg,resume_0699.jpg,resume,real,original,585d57263603,train
resume/resume_0702.jpg,resume_0702.jpg,resume,real,original,b039e38b841f,train
resume/resume_0703.jpg,resume_0703.jpg,resume,real,original,44d6de39cb2f,train
resume/resume_0704.jpg,resume_0704.jpg,resume,real,original,481bf1984b36,train
resume/resume_0705.jpg,resume_0705.jpg,resume,real,original,fb4623669a71,train
resume/resume_0706.jpg,resume_0706.jpg,resume,real,original,cb5a6b7b1fd6,train
resume/resume_0708.jpg,resume_0708.jpg,resume,real,original,510d69b5ecce,train
resume/resume_0709.jpg,resume_0709.jpg,resume,real,original,42558dbeb3d7,train
resume/resume_0710.jpg,resume_0710.jpg,resume,real,original,7d2418268aee,train
resume/resume_0712.jpg,resume_0712.jpg,resume,real,original,4eb79934449c,train
resume/resume_0713.jpg,resume_0713.jpg,resume,real,original,5baafdd0c21b,train
resume/resume_0714.jpg,resume_0714.jpg,resume,real,original,ee479340c815,train
resume/resume_0715.jpg,resume_0715.jpg,resume,real,original,969a238422b2,train
resume/resume_0721.jpg,resume_0721.jpg,resume,real,original,98b3f3ad7b69,train
resume/resume_0722.jpg,resume_0722.jpg,resume,real,original,ed293ec09e26,train
resume/resume_0723.jpg,resume_0723.jpg,resume,real,original,f367c5cccb41,train
resume/resume_0725.jpg,resume_0725.jpg,resume,real,original,c5ebf3bfdd10,train
resume/resume_0726.jpg,resume_0726.jpg,resume,real,original,605368db2a60,train
resume/resume_0727.jpg,resume_0727.jpg,resume,real,original,1573208fe4f2,train
resume/resume_0728.jpg,resume_0728.jpg,resume,real,original,98c3007204bd,train
resume/resume_0729.jpg,resume_0729.jpg,resume,real,original,1bdda62a30df,train
resume/resume_0730.jpg,resume_0730.jpg,resume,real,original,344edcdba9af,train
resume/resume_0731.jpg,resume_0731.jpg,resume,real,original,898ff2d72ed1,train
resume/resume_0732.jpg,resume_0732.jpg,resume,real,original,471ac7cd1840,train
resume/resume_0734.jpg,resume_0734.jpg,resume,real,original,05bcfb595377,train
resume/resume_0736.jpg,resume_0736.jpg,resume,real,original,f43191ecf374,train
resume/resume_0740.jpg,resume_0740.jpg,resume,real,original,79988f434282,train
resume/resume_0741.jpg,resume_0741.jpg,resume,real,original,9d34c7be622a,train
resume/resume_0743.jpg,resume_0743.jpg,resume,real,original,1b6205950308,train
resume/resume_0745.jpg,resume_0745.jpg,resume,real,original,7bf3cafbf333,train
resume/resume_0746.jpg,resume_0746.jpg,resume,real,original,0a346a3a22c4,train
resume/resume_0747.jpg,resume_0747.jpg,resume,real,original,365638367d0d,train
resume/resume_0748.jpg,resume_0748.jpg,resume,real,original,0a3aacb3efab,train
resume/resume_0750.jpg,resume_0750.jpg,resume,real,original,2ab9860e67d6,train
resume/resume_0753.jpg,resume_0753.jpg,resume,real,original,4d3e4cc4b915,train
resume/resume_0754.jpg,resume_0754.jpg,resume,real,original,3ee3240c07c2,train
resume/resume_0758.jpg,resume_0758.jpg,resume,real,original,ca0ed0bb241b,train
resume/resume_0762.jpg,resume_0762.jpg,resume,real,original,f4b5af226d15,train
resume/resume_0763.jpg,resume_0763.jpg,resume,real,original,644d1033c598,train
resume/resume_0764.jpg,resume_0764.jpg,resume,real,original,27172ff2e328,train
resume/resume_0765.jpg,resume_0765.jpg,resume,real,original,782bf3b67f60,train
resume/resume_0766.jpg,resume_0766.jpg,resume,real,original,b1f8f83546da,train
resume/resume_0767.jpg,resume_0767.jpg,resume,real,original,64493855c47f,train
resume/resume_0769.jpg,resume_0769.jpg,resume,real,original,940e313d69e5,train
resume/resume_0770.jpg,resume_0770.jpg,resume,real,original,3d29b17a3e0e,train
resume/resume_0771.jpg,resume_0771.jpg,resume,real,original,28e00a2ba085,train
resume/resume_0772.jpg,resume_0772.jpg,resume,real,original,ff35ec5380ef,train
resume/resume_0774.jpg,resume_0774.jpg,resume,real,original,38349f285564,train
resume/resume_0776.jpg,resume_0776.jpg,resume,real,original,f8104073e198,train
resume/resume_0778.jpg,resume_0778.jpg,resume,real,original,10d068d9a699,train
resume/resume_0779.jpg,resume_0779.jpg,resume,real,original,94afdc296dca,train
resume/resume_0780.jpg,resume_0780.jpg,resume,real,original,e2c4b0b66184,train
resume/resume_0783.jpg,resume_0783.jpg,resume,real,original,d95a88c36092,train
resume/resume_0784.jpg,resume_0784.jpg,resume,real,original,b473d79b498f,train
resume/resume_0787.jpg,resume_0787.jpg,resume,real,original,d7362599eb9a,train
resume/resume_0788.jpg,resume_0788.jpg,resume,real,original,5df45d385ea6,train
resume/resume_0789.jpg,resume_0789.jpg,resume,real,original,48344955001b,train
resume/resume_0790.jpg,resume_0790.jpg,resume,real,original,38aded172762,train
resume/resume_0793.jpg,resume_0793.jpg,resume,real,original,a296c203fcc7,train
resume/resume_0794.jpg,resume_0794.jpg,resume,real,original,671b54817cfb,train
resume/resume_0796.jpg,resume_0796.jpg,resume,real,original,f80c1d28f7ef,train
resume/resume_0797.jpg,resume_0797.jpg,resume,real,original,d9ec1825f5aa,train
resume/resume_modern/resume_modern_0000.png,resume_modern_0000.png,resume,real,modern,5d1a388a7ffa,train
resume/resume_modern/resume_modern_0001.jpg,resume_modern_0001.jpg,resume,real,modern,54f5af6f0359,train
resume/resume_modern/resume_modern_0003.png,resume_modern_0003.png,resume,real,modern,086c347557b0,train
resume/resume_modern/resume_modern_0004.jpg,resume_modern_0004.jpg,resume,real,modern,6b4d4f4c6753,train
resume/resume_modern/resume_modern_0007.png,resume_modern_0007.png,resume,real,modern,6a659df6851e,train
resume/resume_modern/resume_modern_0008.png,resume_modern_0008.png,resume,real,modern,59091d7dc6d2,train
resume/resume_modern/resume_modern_0009.png,resume_modern_0009.png,resume,real,modern,e3f9d4cabae1,train
resume/resume_modern/resume_modern_0010.jpg,resume_modern_0010.jpg,resume,real,modern,4b30f75bcd1f,train
resume/resume_modern/resume_modern_0011.jpg,resume_modern_0011.jpg,resume,real,modern,05d494c5fed6,train
resume/resume_modern/resume_modern_0012.png,resume_modern_0012.png,resume,real,modern,4076db7f02af,train
resume/resume_modern/resume_modern_0013.jpg,resume_modern_0013.jpg,resume,real,modern,722ea4c59ec6,train
resume/resume_modern/resume_modern_0014.jpg,resume_modern_0014.jpg,resume,real,modern,c5fbd0ee78ec,train
resume/resume_modern/resume_modern_0015.jpg,resume_modern_0015.jpg,resume,real,modern,63282a918173,train
resume/resume_modern/resume_modern_0017.jpg,resume_modern_0017.jpg,resume,real,modern,a549d4f56e09,train
resume/resume_modern/resume_modern_0018.jpg,resume_modern_0018.jpg,resume,real,modern,d55785b5a0ec,train
resume/resume_modern/resume_modern_0020.jpg,resume_modern_0020.jpg,resume,real,modern,ba62c4ee884f,train
resume/resume_modern/resume_modern_0022.png,resume_modern_0022.png,resume,real,modern,2882072c9b07,train
resume/resume_modern/resume_modern_0023.jpg,resume_modern_0023.jpg,resume,real,modern,9fc8e4b97a86,train
resume/resume_modern/resume_modern_0025.png,resume_modern_0025.png,resume,real,modern,461459581763,train
resume/resume_modern/resume_modern_0026.png,resume_modern_0026.png,resume,real,modern,b19346c5bb61,train
resume/resume_modern/resume_modern_0027.jpg,resume_modern_0027.jpg,resume,real,modern,0841c44c29df,train
resume/resume_modern/resume_modern_0030.png,resume_modern_0030.png,resume,real,modern,38aced688b1e,train
resume/resume_modern/resume_modern_0031.jpg,resume_modern_0031.jpg,resume,real,modern,3f2ee0953a47,train
resume/resume_modern/resume_modern_0032.png,resume_modern_0032.png,resume,real,modern,e65350e9630f,train
resume/resume_modern/resume_modern_0033.png,resume_modern_0033.png,resume,real,modern,146640804bef,train
resume/resume_modern/resume_modern_0034.jpg,resume_modern_0034.jpg,resume,real,modern,29b2ecf8c979,train
resume/resume_modern/resume_modern_0035.jpg,resume_modern_0035.jpg,resume,real,modern,8012fd7aa477,train
resume/resume_modern/resume_modern_0036.jpg,resume_modern_0036.jpg,resume,real,modern,3aaebcd353bd,train
resume/resume_modern/resume_modern_0037.jpg,resume_modern_0037.jpg,resume,real,modern,7e366a0804ec,train
resume/resume_modern/resume_modern_0038.png,resume_modern_0038.png,resume,real,modern,1489f7b5959e,train
resume/resume_modern/resume_modern_0040.jpg,resume_modern_0040.jpg,resume,real,modern,03a610f5c8ca,train
resume/resume_modern/resume_modern_0041.png,resume_modern_0041.png,resume,real,modern,9676b7e62b07,train
resume/resume_modern/resume_modern_0042.jpg,resume_modern_0042.jpg,resume,real,modern,1980c9c51c25,train
resume/resume_modern/resume_modern_0045.jpg,resume_modern_0045.jpg,resume,real,modern,32ac1b8f22d0,train
resume/resume_modern/resume_modern_0046.jpg,resume_modern_0046.jpg,resume,real,modern,375ee1705104,train
resume/resume_modern/resume_modern_0049.jpg,resume_modern_0049.jpg,resume,real,modern,22dbea533dce,train
resume/resume_modern/resume_modern_0050.png,resume_modern_0050.png,resume,real,modern,1372c95eec65,train
resume/resume_modern/resume_modern_0051.png,resume_modern_0051.png,resume,real,modern,78045e5fd0bf,train
resume/resume_modern/resume_modern_0052.jpg,resume_modern_0052.jpg,resume,real,modern,0d8a1b684655,train
resume/resume_modern/resume_modern_0053.jpg,resume_modern_0053.jpg,resume,real,modern,54328ce2fa65,train
resume/resume_modern/resume_modern_0054.jpg,resume_modern_0054.jpg,resume,real,modern,246a012e489a,train
resume/resume_modern/resume_modern_0055.jpg,resume_modern_0055.jpg,resume,real,modern,90b27ea42c4b,train
resume/resume_modern/resume_modern_0057.jpg,resume_modern_0057.jpg,resume,real,modern,98acfa52c569,train
resume/resume_modern/resume_modern_0060.jpg,resume_modern_0060.jpg,resume,real,modern,0569e6a187de,train
resume/resume_modern/resume_modern_0062.jpg,resume_modern_0062.jpg,resume,real,modern,5bb22351997f,train
resume/resume_modern/resume_modern_0064.png,resume_modern_0064.png,resume,real,modern,727c0757a00f,train
resume/resume_modern/resume_modern_0065.png,resume_modern_0065.png,resume,real,modern,76ec9797efe4,train
resume/resume_modern/resume_modern_0066.jpg,resume_modern_0066.jpg,resume,real,modern,e4b856795417,train
resume/resume_modern/resume_modern_0067.png,resume_modern_0067.png,resume,real,modern,cd8d6be82335,train
resume/resume_modern/resume_modern_0068.jpg,resume_modern_0068.jpg,resume,real,modern,de8988f4b99f,train
resume/resume_modern/resume_modern_0069.jpg,resume_modern_0069.jpg,resume,real,modern,e3edb640561f,train
resume/resume_modern/resume_modern_0071.png,resume_modern_0071.png,resume,real,modern,9d1abae7b3b4,train
resume/resume_modern/resume_modern_0073.jpg,resume_modern_0073.jpg,resume,real,modern,b88f0e334051,train
resume/resume_modern/resume_modern_0074.jpg,resume_modern_0074.jpg,resume,real,modern,8ff3492148cf,train
resume/resume_modern/resume_modern_0075.jpg,resume_modern_0075.jpg,resume,real,modern,5a3886646870,train
resume/resume_modern/resume_modern_0076.png,resume_modern_0076.png,resume,real,modern,aa90fdd6bd96,train
resume/resume_modern/resume_modern_0077.png,resume_modern_0077.png,resume,real,modern,09642f6c0516,train
resume/resume_modern/resume_modern_0078.png,resume_modern_0078.png,resume,real,modern,6fd26ea60f8e,train
resume/resume_modern/resume_modern_0079.jpg,resume_modern_0079.jpg,resume,real,modern,f524fee47dc4,train
resume/resume_modern/resume_modern_0080.png,resume_modern_0080.png,resume,real,modern,9182b3d4b9b0,train
resume/resume_modern/resume_modern_0082.png,resume_modern_0082.png,resume,real,modern,0cd9c1c0ac8d,train
resume/resume_modern/resume_modern_0083.jpg,resume_modern_0083.jpg,resume,real,modern,29afb124bd10,train
resume/resume_modern/resume_modern_0084.jpg,resume_modern_0084.jpg,resume,real,modern,b7db5df16ca5,train
resume/resume_modern/resume_modern_0086.png,resume_modern_0086.png,resume,real,modern,c46c722eae27,train
resume/resume_modern/resume_modern_0087.png,resume_modern_0087.png,resume,real,modern,f9d6bd55ecbb,train
resume/resume_modern/resume_modern_0088.jpg,resume_modern_0088.jpg,resume,real,modern,e3a124f88423,train
resume/resume_modern/resume_modern_0089.jpg,resume_modern_0089.jpg,resume,real,modern,d102099be1e5,train
resume/resume_modern/resume_modern_0090.png,resume_modern_0090.png,resume,real,modern,75f685aa172c,train
resume/resume_modern/resume_modern_0093.jpg,resume_modern_0093.jpg,resume,real,modern,3b00d552db8b,train
resume/resume_modern/resume_modern_0094.jpg,resume_modern_0094.jpg,resume,real,modern,307fc58f5cc2,train
resume/resume_modern/resume_modern_0096.jpg,resume_modern_0096.jpg,resume,real,modern,362ff960b944,train
resume/resume_modern/resume_modern_0097.jpg,resume_modern_0097.jpg,resume,real,modern,9b07b3ac75c4,train
resume/resume_modern/resume_modern_0098.jpg,resume_modern_0098.jpg,resume,real,modern,af444e8601dd,train
resume/resume_modern/resume_modern_0099.jpg,resume_modern_0099.jpg,resume,real,modern,ef4385803ee4,train
resume/resume_modern/resume_modern_0100.jpg,resume_modern_0100.jpg,resume,real,modern,085bcd4a398d,train
resume/resume_modern/resume_modern_0101.png,resume_modern_0101.png,resume,real,modern,9396dcc6a658,train
resume/resume_modern/resume_modern_0103.png,resume_modern_0103.png,resume,real,modern,fadc72fa0e83,train
resume/resume_modern/resume_modern_0104.jpg,resume_modern_0104.jpg,resume,real,modern,60190b948d38,train
resume/resume_modern/resume_modern_0105.png,resume_modern_0105.png,resume,real,modern,0b4860533480,train
resume/resume_modern/resume_modern_0107.jpg,resume_modern_0107.jpg,resume,real,modern,d5d6c43a4cdf,train
resume/resume_modern/resume_modern_0108.png,resume_modern_0108.png,resume,real,modern,6876d3a727bd,train
resume/resume_modern/resume_modern_0109.png,resume_modern_0109.png,resume,real,modern,a5f38c67effa,train
resume/resume_modern/resume_modern_0110.jpg,resume_modern_0110.jpg,resume,real,modern,a3c40e57c7dc,train
resume/resume_modern/resume_modern_0111.jpg,resume_modern_0111.jpg,resume,real,modern,3e0c48051f35,train
resume/resume_modern/resume_modern_0112.jpg,resume_modern_0112.jpg,resume,real,modern,d8d0793e371d,train
resume/resume_modern/resume_modern_0113.png,resume_modern_0113.png,resume,real,modern,c845ddd0a9ee,train
resume/resume_modern/resume_modern_0114.png,resume_modern_0114.png,resume,real,modern,6ccaa7cb7539,train
resume/resume_modern/resume_modern_0118.jpg,resume_modern_0118.jpg,resume,real,modern,308700aad7c1,train
resume/resume_modern/resume_modern_0120.png,resume_modern_0120.png,resume,real,modern,38ccbac0f0a4,train
resume/resume_modern/resume_modern_0124.jpg,resume_modern_0124.jpg,resume,real,modern,972686024c09,train
resume/resume_modern/resume_modern_0125.png,resume_modern_0125.png,resume,real,modern,b357b0169e03,train
resume/resume_modern/resume_modern_0126.jpg,resume_modern_0126.jpg,resume,real,modern,3513ceb6fbc4,train
resume/resume_modern/resume_modern_0128.jpg,resume_modern_0128.jpg,resume,real,modern,5bc14db44076,train
resume/resume_modern/resume_modern_0129.jpg,resume_modern_0129.jpg,resume,real,modern,6855ac0e7952,train
resume/resume_modern/resume_modern_0130.png,resume_modern_0130.png,resume,real,modern,78376d8e8843,train
resume/resume_modern/resume_modern_0132.jpg,resume_modern_0132.jpg,resume,real,modern,5c045f3643c6,train
resume/resume_modern/resume_modern_0133.jpg,resume_modern_0133.jpg,resume,real,modern,38e3c11d4db3,train
resume/resume_modern/resume_modern_0134.png,resume_modern_0134.png,resume,real,modern,de70d0bd5082,train
resume/resume_modern/resume_modern_0136.jpg,resume_modern_0136.jpg,resume,real,modern,80ea2cbcc8bb,train
resume/resume_modern/resume_modern_0137.jpg,resume_modern_0137.jpg,resume,real,modern,3f7b0b1ebe4d,train
resume/resume_modern/resume_modern_0139.png,resume_modern_0139.png,resume,real,modern,c081b0b750cf,train
resume/resume_modern/resume_modern_0140.png,resume_modern_0140.png,resume,real,modern,93b52cee6ac2,train
resume/resume_modern/resume_modern_0141.jpg,resume_modern_0141.jpg,resume,real,modern,2b85be2c60d7,train
resume/resume_modern/resume_modern_0142.jpg,resume_modern_0142.jpg,resume,real,modern,8cf720c86d56,train
resume/resume_modern/resume_modern_0144.png,resume_modern_0144.png,resume,real,modern,117c66d9bdcb,train
resume/resume_modern/resume_modern_0147.jpg,resume_modern_0147.jpg,resume,real,modern,30ae16316dfe,train
resume/resume_modern/resume_modern_0148.jpg,resume_modern_0148.jpg,resume,real,modern,aba7ae469501,train
resume/resume_modern/resume_modern_0149.jpg,resume_modern_0149.jpg,resume,real,modern,bf70fe889641,train
resume/resume_modern/resume_modern_0150.png,resume_modern_0150.png,resume,real,modern,4b80fac7438c,train
resume/resume_modern/resume_modern_0151.jpg,resume_modern_0151.jpg,resume,real,modern,8887f2b56fef,train
resume/resume_modern/resume_modern_0152.png,resume_modern_0152.png,resume,real,modern,32ee1639d549,train
resume/resume_modern/resume_modern_0153.png,resume_modern_0153.png,resume,real,modern,3aab15517a8b,train
resume/resume_modern/resume_modern_0154.jpg,resume_modern_0154.jpg,resume,real,modern,159bf4fa0e15,train
resume/resume_modern/resume_modern_0156.jpg,resume_modern_0156.jpg,resume,real,modern,0209ee911bd8,train
resume/resume_modern/resume_modern_0157.jpg,resume_modern_0157.jpg,resume,real,modern,ca68730570c4,train
resume/resume_modern/resume_modern_0159.jpg,resume_modern_0159.jpg,resume,real,modern,ca697d30f140,train
resume/resume_modern/resume_modern_0160.jpg,resume_modern_0160.jpg,resume,real,modern,932efab12151,train
resume/resume_modern/resume_modern_0161.png,resume_modern_0161.png,resume,real,modern,070b722a34db,train
resume/resume_modern/resume_modern_0162.jpg,resume_modern_0162.jpg,resume,real,modern,3bc0b24c3353,train
resume/resume_modern/resume_modern_0163.jpg,resume_modern_0163.jpg,resume,real,modern,c80e2f4555ae,train
resume/resume_modern/resume_modern_0164.png,resume_modern_0164.png,resume,real,modern,1d77ea4d8d96,train
resume/resume_modern/resume_modern_0165.jpg,resume_modern_0165.jpg,resume,real,modern,41c8d09bc13e,train
resume/resume_modern/resume_modern_0166.png,resume_modern_0166.png,resume,real,modern,6e0c2270ad73,train
resume/resume_modern/resume_modern_0167.png,resume_modern_0167.png,resume,real,modern,241454cdbffb,train
resume/resume_modern/resume_modern_0168.png,resume_modern_0168.png,resume,real,modern,22b41e399360,train
resume/resume_modern/resume_modern_0169.jpg,resume_modern_0169.jpg,resume,real,modern,e11af84a9417,train
resume/resume_modern/resume_modern_0171.jpg,resume_modern_0171.jpg,resume,real,modern,d3c91904fff8,train
resume/resume_modern/resume_modern_0173.png,resume_modern_0173.png,resume,real,modern,a938ebc33d2a,train
resume/resume_modern/resume_modern_0174.png,resume_modern_0174.png,resume,real,modern,1e20e40f4475,train
resume/resume_modern/resume_modern_0175.png,resume_modern_0175.png,resume,real,modern,38ca35bbcb40,train
resume/resume_modern/resume_modern_0176.jpg,resume_modern_0176.jpg,resume,real,modern,0e30db9663d4,train
resume/resume_modern/resume_modern_0177.jpg,resume_modern_0177.jpg,resume,real,modern,eefcd724b1a9,train
resume/resume_modern/resume_modern_0178.jpg,resume_modern_0178.jpg,resume,real,modern,3504174d06a1,train
resume/resume_modern/resume_modern_0179.jpg,resume_modern_0179.jpg,resume,real,modern,f2d6b1efb1ad,train
resume/resume_modern/resume_modern_0182.png,resume_modern_0182.png,resume,real,modern,6092a2b84513,train
resume/resume_modern/resume_modern_0183.png,resume_modern_0183.png,resume,real,modern,8cf4a78f64c7,train
resume/resume_modern/resume_modern_0185.png,resume_modern_0185.png,resume,real,modern,0ef20ccaf2ce,train
resume/resume_modern/resume_modern_0186.png,resume_modern_0186.png,resume,real,modern,151879af794f,train
resume/resume_modern/resume_modern_0187.png,resume_modern_0187.png,resume,real,modern,a1de6de45b3e,train
resume/resume_modern/resume_modern_0188.png,resume_modern_0188.png,resume,real,modern,fad82d536d2b,train
resume/resume_modern/resume_modern_0189.png,resume_modern_0189.png,resume,real,modern,d3aaae3a13ca,train
resume/resume_modern/resume_modern_0190.png,resume_modern_0190.png,resume,real,modern,cd1c61e4c7d7,train
resume/resume_modern/resume_modern_0194.jpg,resume_modern_0194.jpg,resume,real,modern,daf3d3523151,train
resume/resume_modern/resume_modern_0195.jpg,resume_modern_0195.jpg,resume,real,modern,d831a152d629,train
resume/resume_modern/resume_modern_0196.jpg,resume_modern_0196.jpg,resume,real,modern,9d1a502048fa,train
resume/resume_modern/resume_modern_0197.jpg,resume_modern_0197.jpg,resume,real,modern,8b03669ecc10,train
resume/resume_modern/resume_modern_0199.png,resume_modern_0199.png,resume,real,modern,8deb24b747f9,train
resume/resume_modern/resume_modern_0201.png,resume_modern_0201.png,resume,real,modern,13cff0383e54,train
resume/resume_modern/resume_modern_0202.png,resume_modern_0202.png,resume,real,modern,f5049cc98b6e,train
resume/resume_modern/resume_modern_0204.jpg,resume_modern_0204.jpg,resume,real,modern,094e719216a4,train
resume/resume_modern/resume_modern_0207.png,resume_modern_0207.png,resume,real,modern,eb5f40d81f26,train
resume/resume_modern/resume_modern_0209.png,resume_modern_0209.png,resume,real,modern,97a7351d09af,train
resume/resume_modern/resume_modern_0211.png,resume_modern_0211.png,resume,real,modern,0fce4e0810e5,train
resume/resume_modern/resume_modern_0212.png,resume_modern_0212.png,resume,real,modern,655317334571,train
resume/resume_modern/resume_modern_0213.png,resume_modern_0213.png,resume,real,modern,e5beb499b9e2,train
resume/resume_modern/resume_modern_0215.png,resume_modern_0215.png,resume,real,modern,3a60a23a100e,train
resume/resume_modern/resume_modern_0216.jpg,resume_modern_0216.jpg,resume,real,modern,f0f008d9b191,train
resume/resume_modern/resume_modern_0217.jpg,resume_modern_0217.jpg,resume,real,modern,f6901e37a5b8,train
resume/resume_modern/resume_modern_0218.png,resume_modern_0218.png,resume,real,modern,4f6c7fe50d67,train
resume/resume_modern/resume_modern_0221.png,resume_modern_0221.png,resume,real,modern,5dc85bf16adb,train
resume/resume_modern/resume_modern_0222.png,resume_modern_0222.png,resume,real,modern,f671171425dc,train
resume/resume_modern/resume_modern_0224.jpg,resume_modern_0224.jpg,resume,real,modern,007ad3ced1b0,train
resume/resume_modern/resume_modern_0225.jpg,resume_modern_0225.jpg,resume,real,modern,3ddb35875b14,train
resume/resume_modern/resume_modern_0226.png,resume_modern_0226.png,resume,real,modern,8e5b6c2e9e76,train
resume/resume_modern/resume_modern_0227.png,resume_modern_0227.png,resume,real,modern,d5b9ef426ae5,train
resume/resume_modern/resume_modern_0228.png,resume_modern_0228.png,resume,real,modern,ba0a5f277479,train
resume/resume_modern/resume_modern_0229.jpg,resume_modern_0229.jpg,resume,real,modern,68856fbcddaa,train
resume/resume_modern/resume_modern_0230.png,resume_modern_0230.png,resume,real,modern,7ac83ade4f65,train
resume/resume_modern/resume_modern_0235.png,resume_modern_0235.png,resume,real,modern,ea3c9604abf9,train
resume/resume_modern/resume_modern_0236.jpg,resume_modern_0236.jpg,resume,real,modern,6ba8a3cd2e70,train
resume/resume_modern/resume_modern_0237.png,resume_modern_0237.png,resume,real,modern,99f41f2718d3,train
resume/resume_modern/resume_modern_0239.jpg,resume_modern_0239.jpg,resume,real,modern,de9ffc67ba34,train
resume/resume_modern/resume_modern_0241.png,resume_modern_0241.png,resume,real,modern,e80304f955ce,train
resume/resume_modern/resume_modern_0242.png,resume_modern_0242.png,resume,real,modern,725b18d67198,train
resume/resume_modern/resume_modern_0243.jpg,resume_modern_0243.jpg,resume,real,modern,84cfc69488d6,train
resume/resume_modern/resume_modern_0245.png,resume_modern_0245.png,resume,real,modern,8c8c6e9f2f73,train
resume/resume_modern/resume_modern_0246.png,resume_modern_0246.png,resume,real,modern,1dbead54d439,train
resume/resume_modern/resume_modern_0247.png,resume_modern_0247.png,resume,real,modern,9a0080eb14cc,train
resume/resume_modern/resume_modern_0248.png,resume_modern_0248.png,resume,real,modern,82931c707d26,train
resume/resume_modern/resume_modern_0251.png,resume_modern_0251.png,resume,real,modern,7da7a53ca3ce,train
resume/resume_modern/resume_modern_0253.png,resume_modern_0253.png,resume,real,modern,2dc0139d3d7f,train
resume/resume_modern/resume_modern_0254.png,resume_modern_0254.png,resume,real,modern,bc68a24ce9f1,train
resume/resume_modern/resume_modern_0256.jpg,resume_modern_0256.jpg,resume,real,modern,b5ab0684a67e,train
resume/resume_modern/resume_modern_0257.jpg,resume_modern_0257.jpg,resume,real,modern,7886c8be3687,train
resume/resume_modern/resume_modern_0258.jpg,resume_modern_0258.jpg,resume,real,modern,68f83c17e5e5,train
resume/resume_modern/resume_modern_0259.png,resume_modern_0259.png,resume,real,modern,ab52b0a3bd65,train
resume/resume_modern/resume_modern_0260.jpg,resume_modern_0260.jpg,resume,real,modern,d402efa58d81,train
resume/resume_modern/resume_modern_0261.jpg,resume_modern_0261.jpg,resume,real,modern,3293f1221f38,train
resume/resume_modern/resume_modern_0262.png,resume_modern_0262.png,resume,real,modern,1470b99f6075,train
resume/resume_modern/resume_modern_0263.png,resume_modern_0263.png,resume,real,modern,8b80dcd9ebf6,train
resume/resume_modern/resume_modern_0265.png,resume_modern_0265.png,resume,real,modern,04aa918b9e1d,train
resume/resume_modern/resume_modern_0266.png,resume_modern_0266.png,resume,real,modern,2cddab3631e0,train
resume/resume_modern/resume_modern_0267.png,resume_modern_0267.png,resume,real,modern,9880548b60d6,train
resume/resume_modern/resume_modern_0269.jpg,resume_modern_0269.jpg,resume,real,modern,e839c443b50b,train
resume/resume_modern/resume_modern_0271.jpg,resume_modern_0271.jpg,resume,real,modern,17ddbffff2b5,train
resume/resume_modern/resume_modern_0272.png,resume_modern_0272.png,resume,real,modern,c2e19232dd5a,train
resume/resume_modern/resume_modern_0273.png,resume_modern_0273.png,resume,real,modern,d5fc0a99b6e4,train
resume/resume_modern/resume_modern_0274.jpg,resume_modern_0274.jpg,resume,real,modern,74115077dd12,train
resume/resume_modern/resume_modern_0275.png,resume_modern_0275.png,resume,real,modern,5e805281a9a2,train
resume/resume_modern/resume_modern_0277.jpg,resume_modern_0277.jpg,resume,real,modern,d9d1666f1280,train
resume/resume_modern/resume_modern_0278.jpg,resume_modern_0278.jpg,resume,real,modern,8afecaeb2869,train
resume/resume_modern/resume_modern_0279.png,resume_modern_0279.png,resume,real,modern,a9c965d063f5,train
resume/resume_modern/resume_modern_0280.jpg,resume_modern_0280.jpg,resume,real,modern,11fdb7873b11,train
resume/resume_modern/resume_modern_0282.png,resume_modern_0282.png,resume,real,modern,ee0ac6143bd6,train
resume/resume_modern/resume_modern_0283.png,resume_modern_0283.png,resume,real,modern,28ae45be4dbd,train
resume/resume_modern/resume_modern_0284.png,resume_modern_0284.png,resume,real,modern,5b0e3116eed2,train
resume/resume_modern/resume_modern_0285.jpg,resume_modern_0285.jpg,resume,real,modern,3d7da016d611,train
resume/resume_modern/resume_modern_0286.png,resume_modern_0286.png,resume,real,modern,b789fb6248c5,train
resume/resume_modern/resume_modern_0287.jpg,resume_modern_0287.jpg,resume,real,modern,f62a5c2e8787,train
resume/resume_modern/resume_modern_0288.png,resume_modern_0288.png,resume,real,modern,71a3472a4a1a,train
resume/resume_modern/resume_modern_0289.jpg,resume_modern_0289.jpg,resume,real,modern,7b093a6a8c6a,train
resume/resume_modern/resume_modern_0290.png,resume_modern_0290.png,resume,real,modern,ea7fd21cce40,train
resume/resume_modern/resume_modern_0292.jpg,resume_modern_0292.jpg,resume,real,modern,b57b5f51aaeb,train
resume/resume_modern/resume_modern_0293.jpg,resume_modern_0293.jpg,resume,real,modern,cfa3e8ba7bcb,train
resume/resume_modern/resume_modern_0295.jpg,resume_modern_0295.jpg,resume,real,modern,4d1eaf9d59b1,train
resume/resume_modern/resume_modern_0296.png,resume_modern_0296.png,resume,real,modern,d2d916014ea1,train
resume/resume_modern/resume_modern_0297.png,resume_modern_0297.png,resume,real,modern,81dc72a42095,train
resume/resume_modern/resume_modern_0298.png,resume_modern_0298.png,resume,real,modern,3004a7509d27,train
resume/resume_modern/resume_modern_0299.png,resume_modern_0299.png,resume,real,modern,b72fe19ecbb0,train
resume/resume_modern/resume_modern_0300.png,resume_modern_0300.png,resume,real,modern,c86c0aa0b517,train
resume/resume_modern/resume_modern_0301.png,resume_modern_0301.png,resume,real,modern,ebc566ed8357,train
resume/resume_modern/resume_modern_0302.png,resume_modern_0302.png,resume,real,modern,aca62649b744,train
resume/resume_modern/resume_modern_0303.png,resume_modern_0303.png,resume,real,modern,0b6daebb7b58,train
resume/resume_modern/resume_modern_0305.png,resume_modern_0305.png,resume,real,modern,6a3ed2ab483e,train
resume/resume_modern/resume_modern_0306.png,resume_modern_0306.png,resume,real,modern,e300e81edd98,train
resume/resume_modern/resume_modern_0307.png,resume_modern_0307.png,resume,real,modern,bc7ff7ccec45,train
resume/resume_modern/resume_modern_0310.png,resume_modern_0310.png,resume,real,modern,479886a3ad94,train
resume/resume_modern/resume_modern_0314.png,resume_modern_0314.png,resume,real,modern,42663d228f3e,train
resume/resume_modern/resume_modern_0315.png,resume_modern_0315.png,resume,real,modern,1b1ac5df15ab,train
resume/resume_modern/resume_modern_0318.png,resume_modern_0318.png,resume,real,modern,2a928fb955b4,train
resume/resume_modern/resume_modern_0323.png,resume_modern_0323.png,resume,real,modern,15b5079aba52,train
resume/resume_modern/resume_modern_0325.png,resume_modern_0325.png,resume,real,modern,aec63b09cf01,train
resume/resume_modern/resume_modern_0326.png,resume_modern_0326.png,resume,real,modern,f040741d3635,train
resume/resume_modern/resume_modern_0327.png,resume_modern_0327.png,resume,real,modern,bc988912d58b,train
resume/resume_modern/resume_modern_0328.png,resume_modern_0328.png,resume,real,modern,5f8c9bf8422c,train
resume/resume_modern/resume_modern_0329.png,resume_modern_0329.png,resume,real,modern,622e8ff38bcb,train
resume/resume_modern/resume_modern_0331.png,resume_modern_0331.png,resume,real,modern,2e7f0dc0cc47,train
resume/resume_modern/resume_modern_0333.png,resume_modern_0333.png,resume,real,modern,86e50baecefa,train
resume/resume_modern/resume_modern_0336.png,resume_modern_0336.png,resume,real,modern,d03e0e0de7d5,train
resume/resume_modern/resume_modern_0337.png,resume_modern_0337.png,resume,real,modern,b10573d022a8,train
resume/resume_modern/resume_modern_0339.png,resume_modern_0339.png,resume,real,modern,7e5d9916993a,train
resume/resume_modern/resume_modern_0340.png,resume_modern_0340.png,resume,real,modern,09a0404b9797,train
resume/resume_modern/resume_modern_0341.png,resume_modern_0341.png,resume,real,modern,803a3359b2e9,train
resume/resume_modern/resume_modern_0342.png,resume_modern_0342.png,resume,real,modern,795d2c40764e,train
resume/resume_modern/resume_modern_0344.png,resume_modern_0344.png,resume,real,modern,87e6685fd2a7,train
resume/resume_modern/resume_modern_0347.png,resume_modern_0347.png,resume,real,modern,95219f6ac2c9,train
resume/resume_modern/resume_modern_0348.png,resume_modern_0348.png,resume,real,modern,0440502aa1ab,train
resume/resume_modern/resume_modern_0349.png,resume_modern_0349.png,resume,real,modern,4fe7e5eef3d5,train
resume/resume_modern/resume_modern_0350.png,resume_modern_0350.png,resume,real,modern,25851f3f344c,train
resume/resume_modern/resume_modern_0351.png,resume_modern_0351.png,resume,real,modern,c7b32fb3860b,train
resume/resume_modern/resume_modern_0352.png,resume_modern_0352.png,resume,real,modern,2e66717e3c35,train
resume/resume_modern/resume_modern_0353.png,resume_modern_0353.png,resume,real,modern,f0224505fe4a,train
resume/resume_modern/resume_modern_0356.png,resume_modern_0356.png,resume,real,modern,1c0886ade0ac,train
resume/resume_modern/resume_modern_0357.png,resume_modern_0357.png,resume,real,modern,eee98edb6a13,train
resume/resume_modern/resume_modern_0358.png,resume_modern_0358.png,resume,real,modern,68d45cc16e8c,train
resume/resume_modern/resume_modern_0360.png,resume_modern_0360.png,resume,real,modern,42064240bbc7,train
resume/resume_modern/resume_modern_0361.png,resume_modern_0361.png,resume,real,modern,09233a98ddc6,train
resume/resume_modern/resume_modern_0362.png,resume_modern_0362.png,resume,real,modern,3e5160af30c5,train
resume/resume_modern/resume_modern_0364.png,resume_modern_0364.png,resume,real,modern,f909de1d6be4,train
resume/resume_modern/resume_modern_0365.png,resume_modern_0365.png,resume,real,modern,d6ff88596157,train
resume/resume_modern/resume_modern_0367.png,resume_modern_0367.png,resume,real,modern,379ccb869a88,train
resume/resume_modern/resume_modern_0369.png,resume_modern_0369.png,resume,real,modern,2aa9552dabbb,train
resume/resume_modern/resume_modern_0370.png,resume_modern_0370.png,resume,real,modern,f20ccad99427,train
resume/resume_modern/resume_modern_0371.png,resume_modern_0371.png,resume,real,modern,afe603bc24cc,train
resume/resume_modern/resume_modern_0372.png,resume_modern_0372.png,resume,real,modern,b10feaad3928,train
resume/resume_modern/resume_modern_0373.png,resume_modern_0373.png,resume,real,modern,28e1109b5d43,train
resume/resume_modern/resume_modern_0375.png,resume_modern_0375.png,resume,real,modern,7f22c0266304,train
resume/resume_modern/resume_modern_0376.png,resume_modern_0376.png,resume,real,modern,0d2958c14156,train
resume/resume_modern/resume_modern_0380.png,resume_modern_0380.png,resume,real,modern,2f910de34a5b,train
resume/resume_modern/resume_modern_0381.png,resume_modern_0381.png,resume,real,modern,5ccdabecc040,train
resume/resume_modern/resume_modern_0382.png,resume_modern_0382.png,resume,real,modern,563411be4027,train
resume/resume_modern/resume_modern_0384.png,resume_modern_0384.png,resume,real,modern,bf0e6cc18527,train
resume/resume_modern/resume_modern_0385.png,resume_modern_0385.png,resume,real,modern,fd25426c4cfa,train
resume/resume_modern/resume_modern_0387.png,resume_modern_0387.png,resume,real,modern,a55de82d9496,train
resume/resume_modern/resume_modern_0388.png,resume_modern_0388.png,resume,real,modern,1d11f52426e2,train
resume/resume_modern/resume_modern_0390.png,resume_modern_0390.png,resume,real,modern,1df66ba1dc30,train
resume/resume_modern/resume_modern_0391.png,resume_modern_0391.png,resume,real,modern,a9503e23f393,train
resume/resume_modern/resume_modern_0392.png,resume_modern_0392.png,resume,real,modern,5410f5f3e07d,train
resume/resume_modern/resume_modern_0393.png,resume_modern_0393.png,resume,real,modern,59b6b1dc3d65,train
resume/resume_modern/resume_modern_0394.png,resume_modern_0394.png,resume,real,modern,40972418d043,train
resume/resume_modern/resume_modern_0395.png,resume_modern_0395.png,resume,real,modern,4541f5c51b36,train
resume/resume_modern/resume_modern_0396.png,resume_modern_0396.png,resume,real,modern,21744b54fa50,train
resume/resume_modern/resume_modern_0398.png,resume_modern_0398.png,resume,real,modern,ddb1e215144c,train
resume/resume_modern/resume_modern_0399.png,resume_modern_0399.png,resume,real,modern,0d4d925a9d17,train
resume/resume_modern/resume_modern_0402.png,resume_modern_0402.png,resume,real,modern,fb2aa369855e,train
resume/resume_modern/resume_modern_0403.png,resume_modern_0403.png,resume,real,modern,515df5294e09,train
resume/resume_modern/resume_modern_0404.png,resume_modern_0404.png,resume,real,modern,ea34dcbea9b0,train
resume/resume_modern/resume_modern_0405.png,resume_modern_0405.png,resume,real,modern,5ced3809e655,train
resume/resume_modern/resume_modern_0406.png,resume_modern_0406.png,resume,real,modern,a25f92c539f6,train
resume/resume_modern/resume_modern_0407.png,resume_modern_0407.png,resume,real,modern,c16acb0c9999,train
resume/resume_modern/resume_modern_0408.png,resume_modern_0408.png,resume,real,modern,23dc91436b56,train
resume/resume_modern/resume_modern_0409.png,resume_modern_0409.png,resume,real,modern,8bd64a214fa7,train
resume/resume_modern/resume_modern_0410.png,resume_modern_0410.png,resume,real,modern,a6f37ab3e35e,train
resume/resume_modern/resume_modern_0411.png,resume_modern_0411.png,resume,real,modern,8c39d838cf6a,train
resume/resume_modern/resume_modern_0413.png,resume_modern_0413.png,resume,real,modern,d94a9d83dbf4,train
resume/resume_modern/resume_modern_0414.png,resume_modern_0414.png,resume,real,modern,78a4adc517fe,train
resume/resume_modern/resume_modern_0416.png,resume_modern_0416.png,resume,real,modern,f4056314612b,train
resume/resume_modern/resume_modern_0418.png,resume_modern_0418.png,resume,real,modern,6dfecfaf42d2,train
resume/resume_modern/resume_modern_0419.png,resume_modern_0419.png,resume,real,modern,d129ca485bfb,train
resume/resume_modern/resume_modern_0420.png,resume_modern_0420.png,resume,real,modern,e90b70952c43,train
resume/resume_modern/resume_modern_0424.png,resume_modern_0424.png,resume,real,modern,f559d424474d,train
resume/resume_modern/resume_modern_0425.png,resume_modern_0425.png,resume,real,modern,c3490987b65f,train
resume/resume_modern/resume_modern_0427.png,resume_modern_0427.png,resume,real,modern,7229a11e471b,train
resume/resume_modern/resume_modern_0428.png,resume_modern_0428.png,resume,real,modern,24a6f21550bc,train
resume/resume_modern/resume_modern_0430.png,resume_modern_0430.png,resume,real,modern,7292f924c2cc,train
resume/resume_modern/resume_modern_0431.png,resume_modern_0431.png,resume,real,modern,0763b3cc1076,train
resume/resume_modern/resume_modern_0432.png,resume_modern_0432.png,resume,real,modern,b5a5bfd503ad,train
resume/resume_modern/resume_modern_0433.png,resume_modern_0433.png,resume,real,modern,7f75dd3ec8f9,train
resume/resume_modern/resume_modern_0434.png,resume_modern_0434.png,resume,real,modern,219c3b368dd1,train
resume/resume_modern/resume_modern_0436.png,resume_modern_0436.png,resume,real,modern,8d58c3875145,train
resume/resume_modern/resume_modern_0439.png,resume_modern_0439.png,resume,real,modern,5b340a0a7d31,train
resume/resume_modern/resume_modern_0440.png,resume_modern_0440.png,resume,real,modern,0a9abb515820,train
resume/resume_modern/resume_modern_0444.png,resume_modern_0444.png,resume,real,modern,1156fd1e92f8,train
resume/resume_modern/resume_modern_0445.png,resume_modern_0445.png,resume,real,modern,9285f67194bd,train
resume/resume_modern/resume_modern_0447.png,resume_modern_0447.png,resume,real,modern,356f28348cc7,train
resume/resume_0001.jpg,resume_0001.jpg,resume,real,original,8995d7574747,val
resume/resume_0005.jpg,resume_0005.jpg,resume,real,original,1029e1a53757,val
resume/resume_0009.jpg,resume_0009.jpg,resume,real,original,9b955cc68696,val
resume/resume_0017.jpg,resume_0017.jpg,resume,real,original,665c1b6d464d,val
resume/resume_0027.jpg,resume_0027.jpg,resume,real,original,4b07e547e009,val
resume/resume_0037.jpg,resume_0037.jpg,resume,real,original,84e06588c8da,val
resume/resume_0041.jpg,resume_0041.jpg,resume,real,original,b9dab177d0d2,val
resume/resume_0043.jpg,resume_0043.jpg,resume,real,original,37794938cd2d,val
resume/resume_0052.jpg,resume_0052.jpg,resume,real,original,f67a3237afcd,val
resume/resume_0062.jpg,resume_0062.jpg,resume,real,original,4c5b2692e6c1,val
resume/resume_0071.jpg,resume_0071.jpg,resume,real,original,1877aaa86ab7,val
resume/resume_0082.jpg,resume_0082.jpg,resume,real,original,7e6d0ae3f541,val
resume/resume_0086.jpg,resume_0086.jpg,resume,real,original,0209baa5c438,val
resume/resume_0097.jpg,resume_0097.jpg,resume,real,original,30a6e6a3fa87,val
resume/resume_0103.jpg,resume_0103.jpg,resume,real,original,399576d78d94,val
resume/resume_0104.jpg,resume_0104.jpg,resume,real,original,771878e6f4c6,val
resume/resume_0108.jpg,resume_0108.jpg,resume,real,original,1e878e4d5b2c,val
resume/resume_0114.jpg,resume_0114.jpg,resume,real,original,f8e6892ac195,val
resume/resume_0118.jpg,resume_0118.jpg,resume,real,original,2cbc4f03cfc0,val
resume/resume_0119.jpg,resume_0119.jpg,resume,real,original,bae3a895a641,val
resume/resume_0128.jpg,resume_0128.jpg,resume,real,original,f1d8cfab1a87,val
resume/resume_0131.jpg,resume_0131.jpg,resume,real,original,efb27a669a6f,val
resume/resume_0138.jpg,resume_0138.jpg,resume,real,original,402a88778436,val
resume/resume_0142.jpg,resume_0142.jpg,resume,real,original,5da770d2bc40,val
resume/resume_0146.jpg,resume_0146.jpg,resume,real,original,272ce07f0613,val
resume/resume_0148.jpg,resume_0148.jpg,resume,real,original,6e52f4628a18,val
resume/resume_0155.jpg,resume_0155.jpg,resume,real,original,bb3432fcf3e6,val
resume/resume_0161.jpg,resume_0161.jpg,resume,real,original,2a46acd4ce76,val
resume/resume_0162.jpg,resume_0162.jpg,resume,real,original,a2f8aa35cb66,val
resume/resume_0179.jpg,resume_0179.jpg,resume,real,original,c72d790b4f26,val
resume/resume_0182.jpg,resume_0182.jpg,resume,real,original,4043997ea3e9,val
resume/resume_0183.jpg,resume_0183.jpg,resume,real,original,79e56ee07a93,val
resume/resume_0185.jpg,resume_0185.jpg,resume,real,original,ef5986b8d02e,val
resume/resume_0186.jpg,resume_0186.jpg,resume,real,original,df2c1bd9613b,val
resume/resume_0191.jpg,resume_0191.jpg,resume,real,original,977175f917ad,val
resume/resume_0210.jpg,resume_0210.jpg,resume,real,original,c941a382b0f4,val
resume/resume_0217.jpg,resume_0217.jpg,resume,real,original,bc5bcd355f3d,val
resume/resume_0219.jpg,resume_0219.jpg,resume,real,original,721fdba05331,val
resume/resume_0223.jpg,resume_0223.jpg,resume,real,original,3260f019a529,val
resume/resume_0227.jpg,resume_0227.jpg,resume,real,original,233e2569fd16,val
resume/resume_0249.jpg,resume_0249.jpg,resume,real,original,cfa3a49ffee1,val
resume/resume_0254.jpg,resume_0254.jpg,resume,real,original,8fb14ec6c5ab,val
resume/resume_0269.jpg,resume_0269.jpg,resume,real,original,a9ef37aeeed7,val
resume/resume_0271.jpg,resume_0271.jpg,resume,real,original,28fce16920ed,val
resume/resume_0272.jpg,resume_0272.jpg,resume,real,original,98118e6c350d,val
resume/resume_0285.jpg,resume_0285.jpg,resume,real,original,70599a468bec,val
resume/resume_0286.jpg,resume_0286.jpg,resume,real,original,92aabec06c06,val
resume/resume_0287.jpg,resume_0287.jpg,resume,real,original,e5ff056b8073,val
resume/resume_0307.jpg,resume_0307.jpg,resume,real,original,2b1b3ec1aa66,val
resume/resume_0309.jpg,resume_0309.jpg,resume,real,original,98c8371beaff,val
resume/resume_0314.jpg,resume_0314.jpg,resume,real,original,604735339926,val
resume/resume_0320.jpg,resume_0320.jpg,resume,real,original,add26fe90252,val
resume/resume_0327.jpg,resume_0327.jpg,resume,real,original,bfa4d5bdc851,val
resume/resume_0336.jpg,resume_0336.jpg,resume,real,original,c589da177f49,val
resume/resume_0337.jpg,resume_0337.jpg,resume,real,original,9e478a75fd96,val
resume/resume_0341.jpg,resume_0341.jpg,resume,real,original,ebe65d2f781c,val
resume/resume_0348.jpg,resume_0348.jpg,resume,real,original,40d06333a373,val
resume/resume_0363.jpg,resume_0363.jpg,resume,real,original,5b557eeacbc6,val
resume/resume_0366.jpg,resume_0366.jpg,resume,real,original,3011dc49146d,val
resume/resume_0367.jpg,resume_0367.jpg,resume,real,original,c5267f04535c,val
resume/resume_0382.jpg,resume_0382.jpg,resume,real,original,eb84b8d9b33b,val
resume/resume_0383.jpg,resume_0383.jpg,resume,real,original,514db76f5ea5,val
resume/resume_0386.jpg,resume_0386.jpg,resume,real,original,76ab83b74bf1,val
resume/resume_0387.jpg,resume_0387.jpg,resume,real,original,eac4c04ad2aa,val
resume/resume_0389.jpg,resume_0389.jpg,resume,real,original,fa353bb6c8ef,val
resume/resume_0421.jpg,resume_0421.jpg,resume,real,original,ffc7bb58f2cd,val
resume/resume_0443.jpg,resume_0443.jpg,resume,real,original,c2de1fa4011a,val
resume/resume_0446.jpg,resume_0446.jpg,resume,real,original,8baff35e1bb5,val
resume/resume_0449.jpg,resume_0449.jpg,resume,real,original,dcc071b9fdf9,val
resume/resume_0470.jpg,resume_0470.jpg,resume,real,original,1341452a905d,val
resume/resume_0471.jpg,resume_0471.jpg,resume,real,original,0b7318dc8367,val
resume/resume_0473.jpg,resume_0473.jpg,resume,real,original,81412021b6ec,val
resume/resume_0485.jpg,resume_0485.jpg,resume,real,original,8bb062057989,val
resume/resume_0486.jpg,resume_0486.jpg,resume,real,original,de589765581d,val
resume/resume_0491.jpg,resume_0491.jpg,resume,real,original,b512626a2aa2,val
resume/resume_0492.jpg,resume_0492.jpg,resume,real,original,3522ea7f8d36,val
resume/resume_0496.jpg,resume_0496.jpg,resume,real,original,ff62b75d7e90,val
resume/resume_0497.jpg,resume_0497.jpg,resume,real,original,ba09bb89ba7c,val
resume/resume_0498.jpg,resume_0498.jpg,resume,real,original,8eece20a20f3,val
resume/resume_0499.jpg,resume_0499.jpg,resume,real,original,051503098697,val
resume/resume_0510.jpg,resume_0510.jpg,resume,real,original,621fa66080d4,val
resume/resume_0536.jpg,resume_0536.jpg,resume,real,original,18b168f2ce4c,val
resume/resume_0550.jpg,resume_0550.jpg,resume,real,original,e75bff1a6b95,val
resume/resume_0556.jpg,resume_0556.jpg,resume,real,original,37b172199f16,val
resume/resume_0564.jpg,resume_0564.jpg,resume,real,original,66387c7cdbf3,val
resume/resume_0566.jpg,resume_0566.jpg,resume,real,original,f93cceb90601,val
resume/resume_0567.jpg,resume_0567.jpg,resume,real,original,d77176c75e80,val
resume/resume_0578.jpg,resume_0578.jpg,resume,real,original,34606a2e0ab1,val
resume/resume_0579.jpg,resume_0579.jpg,resume,real,original,d34c186cc51f,val
resume/resume_0589.jpg,resume_0589.jpg,resume,real,original,2b37438b0029,val
resume/resume_0595.jpg,resume_0595.jpg,resume,real,original,2071132ddff3,val
resume/resume_0605.jpg,resume_0605.jpg,resume,real,original,80bd83a30cfe,val
resume/resume_0606.jpg,resume_0606.jpg,resume,real,original,6db3f38e22d3,val
resume/resume_0610.jpg,resume_0610.jpg,resume,real,original,069b80b72b67,val
resume/resume_0616.jpg,resume_0616.jpg,resume,real,original,21cd6486d939,val
resume/resume_0627.jpg,resume_0627.jpg,resume,real,original,5810854ef9e1,val
resume/resume_0632.jpg,resume_0632.jpg,resume,real,original,ac2764d59c92,val
resume/resume_0660.jpg,resume_0660.jpg,resume,real,original,647bcaf52f1b,val
resume/resume_0669.jpg,resume_0669.jpg,resume,real,original,a811bcafcd79,val
resume/resume_0670.jpg,resume_0670.jpg,resume,real,original,5149a570bcfd,val
resume/resume_0671.jpg,resume_0671.jpg,resume,real,original,c1e58c811bfe,val
resume/resume_0680.jpg,resume_0680.jpg,resume,real,original,d132233a4dee,val
resume/resume_0698.jpg,resume_0698.jpg,resume,real,original,9c6bd71b0892,val
resume/resume_0700.jpg,resume_0700.jpg,resume,real,original,4606f618a6eb,val
resume/resume_0701.jpg,resume_0701.jpg,resume,real,original,57becfe8ecdc,val
resume/resume_0707.jpg,resume_0707.jpg,resume,real,original,b73f8663a09b,val
resume/resume_0711.jpg,resume_0711.jpg,resume,real,original,a7f8ae3242fb,val
resume/resume_0738.jpg,resume_0738.jpg,resume,real,original,fac5e4aee112,val
resume/resume_0744.jpg,resume_0744.jpg,resume,real,original,dbf623988b0a,val
resume/resume_0749.jpg,resume_0749.jpg,resume,real,original,deefd33dc6e9,val
resume/resume_0751.jpg,resume_0751.jpg,resume,real,original,66f3c4e8d37e,val
resume/resume_0755.jpg,resume_0755.jpg,resume,real,original,23ebf7f62206,val
resume/resume_0756.jpg,resume_0756.jpg,resume,real,original,3cbf2cd5a86e,val
resume/resume_0757.jpg,resume_0757.jpg,resume,real,original,18f19f3920b8,val
resume/resume_0761.jpg,resume_0761.jpg,resume,real,original,8dc4b089dfde,val
resume/resume_0781.jpg,resume_0781.jpg,resume,real,original,2334a2cf94fa,val
resume/resume_0785.jpg,resume_0785.jpg,resume,real,original,c1eb0f02b339,val
resume/resume_0792.jpg,resume_0792.jpg,resume,real,original,002c5c50b2fb,val
resume/resume_0795.jpg,resume_0795.jpg,resume,real,original,c6a5c19321ac,val
resume/resume_0799.jpg,resume_0799.jpg,resume,real,original,733a89b32712,val
resume/resume_modern/resume_modern_0005.png,resume_modern_0005.png,resume,real,modern,8706f314cbde,val
resume/resume_modern/resume_modern_0028.png,resume_modern_0028.png,resume,real,modern,91a84ddd1430,val
resume/resume_modern/resume_modern_0029.jpg,resume_modern_0029.jpg,resume,real,modern,249687cfc351,val
resume/resume_modern/resume_modern_0039.jpg,resume_modern_0039.jpg,resume,real,modern,924f52470bef,val
resume/resume_modern/resume_modern_0044.jpg,resume_modern_0044.jpg,resume,real,modern,25a2b801b687,val
resume/resume_modern/resume_modern_0059.jpg,resume_modern_0059.jpg,resume,real,modern,138bc067ab70,val
resume/resume_modern/resume_modern_0061.png,resume_modern_0061.png,resume,real,modern,dad075bd38fa,val
resume/resume_modern/resume_modern_0070.png,resume_modern_0070.png,resume,real,modern,c044ca150822,val
resume/resume_modern/resume_modern_0072.jpg,resume_modern_0072.jpg,resume,real,modern,6017902ec26a,val
resume/resume_modern/resume_modern_0091.jpg,resume_modern_0091.jpg,resume,real,modern,ff1ca2a58ff6,val
resume/resume_modern/resume_modern_0092.png,resume_modern_0092.png,resume,real,modern,18d5f66c1d54,val
resume/resume_modern/resume_modern_0106.png,resume_modern_0106.png,resume,real,modern,063da7f08a71,val
resume/resume_modern/resume_modern_0119.jpg,resume_modern_0119.jpg,resume,real,modern,8644bdf2e1ee,val
resume/resume_modern/resume_modern_0122.jpg,resume_modern_0122.jpg,resume,real,modern,64a1f58e601b,val
resume/resume_modern/resume_modern_0123.jpg,resume_modern_0123.jpg,resume,real,modern,4bd5f5a4ce1f,val
resume/resume_modern/resume_modern_0131.png,resume_modern_0131.png,resume,real,modern,e62baa2d822a,val
resume/resume_modern/resume_modern_0143.png,resume_modern_0143.png,resume,real,modern,b48b2fa58bd1,val
resume/resume_modern/resume_modern_0146.jpg,resume_modern_0146.jpg,resume,real,modern,191f54e12334,val
resume/resume_modern/resume_modern_0155.png,resume_modern_0155.png,resume,real,modern,e090364f5bb8,val
resume/resume_modern/resume_modern_0180.png,resume_modern_0180.png,resume,real,modern,2cc04a2fc319,val
resume/resume_modern/resume_modern_0184.png,resume_modern_0184.png,resume,real,modern,405648bbb64d,val
resume/resume_modern/resume_modern_0193.png,resume_modern_0193.png,resume,real,modern,9d9ff7da1a56,val
resume/resume_modern/resume_modern_0203.png,resume_modern_0203.png,resume,real,modern,9c6dfd606a6a,val
resume/resume_modern/resume_modern_0205.png,resume_modern_0205.png,resume,real,modern,ce4cfb7be2af,val
resume/resume_modern/resume_modern_0206.png,resume_modern_0206.png,resume,real,modern,24d1d490194e,val
resume/resume_modern/resume_modern_0214.png,resume_modern_0214.png,resume,real,modern,a86ffd8b878a,val
resume/resume_modern/resume_modern_0223.png,resume_modern_0223.png,resume,real,modern,c3f363c3a760,val
resume/resume_modern/resume_modern_0238.png,resume_modern_0238.png,resume,real,modern,8ff3b0328e00,val
resume/resume_modern/resume_modern_0240.jpg,resume_modern_0240.jpg,resume,real,modern,b0d130794a6f,val
resume/resume_modern/resume_modern_0249.png,resume_modern_0249.png,resume,real,modern,a0046c8df087,val
resume/resume_modern/resume_modern_0255.png,resume_modern_0255.png,resume,real,modern,c0b8c12ca776,val
resume/resume_modern/resume_modern_0268.jpg,resume_modern_0268.jpg,resume,real,modern,0cfd0fc1e580,val
resume/resume_modern/resume_modern_0276.jpg,resume_modern_0276.jpg,resume,real,modern,5638cb2d3cb4,val
resume/resume_modern/resume_modern_0281.jpg,resume_modern_0281.jpg,resume,real,modern,989dce09099e,val
resume/resume_modern/resume_modern_0294.png,resume_modern_0294.png,resume,real,modern,7f3ad631799d,val
resume/resume_modern/resume_modern_0308.png,resume_modern_0308.png,resume,real,modern,d06958253ace,val
resume/resume_modern/resume_modern_0311.png,resume_modern_0311.png,resume,real,modern,19a9642ce131,val
resume/resume_modern/resume_modern_0313.png,resume_modern_0313.png,resume,real,modern,1272733f2eba,val
resume/resume_modern/resume_modern_0317.png,resume_modern_0317.png,resume,real,modern,5940411a1dc9,val
resume/resume_modern/resume_modern_0320.png,resume_modern_0320.png,resume,real,modern,f08e7da137d1,val
resume/resume_modern/resume_modern_0321.png,resume_modern_0321.png,resume,real,modern,81bc32ccd278,val
resume/resume_modern/resume_modern_0324.png,resume_modern_0324.png,resume,real,modern,d666291d60ee,val
resume/resume_modern/resume_modern_0330.png,resume_modern_0330.png,resume,real,modern,2e89a4cb1fd3,val
resume/resume_modern/resume_modern_0334.png,resume_modern_0334.png,resume,real,modern,a4103fea38ca,val
resume/resume_modern/resume_modern_0338.png,resume_modern_0338.png,resume,real,modern,1e890481657e,val
resume/resume_modern/resume_modern_0343.png,resume_modern_0343.png,resume,real,modern,094d0c01ab8a,val
resume/resume_modern/resume_modern_0345.png,resume_modern_0345.png,resume,real,modern,e561c12754a8,val
resume/resume_modern/resume_modern_0346.png,resume_modern_0346.png,resume,real,modern,c7799c34764b,val
resume/resume_modern/resume_modern_0363.png,resume_modern_0363.png,resume,real,modern,445b2fabab10,val
resume/resume_modern/resume_modern_0377.png,resume_modern_0377.png,resume,real,modern,8ce2ae90d327,val
resume/resume_modern/resume_modern_0378.png,resume_modern_0378.png,resume,real,modern,2fad24e46cdb,val
resume/resume_modern/resume_modern_0379.png,resume_modern_0379.png,resume,real,modern,f963bfc3500f,val
resume/resume_modern/resume_modern_0386.png,resume_modern_0386.png,resume,real,modern,0572c8179b27,val
resume/resume_modern/resume_modern_0397.png,resume_modern_0397.png,resume,real,modern,b162e4ae5275,val
resume/resume_modern/resume_modern_0401.png,resume_modern_0401.png,resume,real,modern,64a3bf2fac6b,val
resume/resume_modern/resume_modern_0412.png,resume_modern_0412.png,resume,real,modern,0703af75cea1,val
resume/resume_modern/resume_modern_0415.png,resume_modern_0415.png,resume,real,modern,6bc60e9e384f,val
resume/resume_modern/resume_modern_0417.png,resume_modern_0417.png,resume,real,modern,cc6d6a9b7e68,val
resume/resume_modern/resume_modern_0421.png,resume_modern_0421.png,resume,real,modern,3c89e2421453,val
resume/resume_modern/resume_modern_0422.png,resume_modern_0422.png,resume,real,modern,701becf119b3,val
resume/resume_modern/resume_modern_0435.png,resume_modern_0435.png,resume,real,modern,47b0be008259,val
resume/resume_modern/resume_modern_0437.png,resume_modern_0437.png,resume,real,modern,9435a0f7369c,val
resume/resume_modern/resume_modern_0438.png,resume_modern_0438.png,resume,real,modern,3d5e1e110f67,val
resume/resume_modern/resume_modern_0441.png,resume_modern_0441.png,resume,real,modern,43d48253d8e2,val
resume/resume_modern/resume_modern_0442.png,resume_modern_0442.png,resume,real,modern,256260f84fb0,val
resume/resume_modern/resume_modern_0443.png,resume_modern_0443.png,resume,real,modern,3f5726373043,val
resume/resume_modern/resume_modern_0449.png,resume_modern_0449.png,resume,real,modern,fc8645e695ce,val
